Date,Open,High,Low,Close,Volume,Market,Symbol
2019-08-22,10142.5,10233.0,9831.5,10131.1,17097508856,Bitcoin / USD,BTC-USD
2019-08-23,10136.3,10442.4,10078.2,10408.0,15627023886,Bitcoin / USD,BTC-USD
2019-08-24,10407.6,10418.0,9982.3,10160.0,15451030650,Bitcoin / USD,BTC-USD
2019-08-25,10160.7,10304.6,10008.8,10138.5,14153856610,Bitcoin / USD,BTC-USD
2019-08-26,10126.3,10512.3,10126.3,10370.8,18438654080,Bitcoin / USD,BTC-USD
2019-08-27,10372.8,10381.3,10087.3,10185.5,14762609503,Bitcoin / USD,BTC-USD
2019-08-28,10203.4,10279.4,9716.7,9754.4,17603790323,Bitcoin / USD,BTC-USD
2019-08-29,9756.8,9756.8,9421.6,9510.2,17045878501,Bitcoin / USD,BTC-USD
2019-08-30,9514.8,9656.1,9428.3,9598.2,13595263986,Bitcoin / USD,BTC-USD
2019-08-31,9597.5,9673.2,9531.8,9630.7,11454806419,Bitcoin / USD,BTC-USD
2019-09-01,9630.6,9796.8,9582.9,9758.0,11445355859,Bitcoin / USD,BTC-USD
2019-09-02,9757.5,10396.6,9730.7,10346.8,17248102294,Bitcoin / USD,BTC-USD
2019-09-03,10345.7,10736.1,10308.5,10623.5,19384917989,Bitcoin / USD,BTC-USD
2019-09-04,10621.2,10762.6,10434.7,10594.5,16742664769,Bitcoin / USD,BTC-USD
2019-09-05,10588.2,10627.3,10516.4,10575.5,14551239508,Bitcoin / USD,BTC-USD
2019-09-06,10578.2,10898.8,10292.3,10353.3,19536574783,Bitcoin / USD,BTC-USD
2019-09-07,10353.9,10558.7,10348.9,10517.3,15307366476,Bitcoin / USD,BTC-USD
2019-09-08,10518.1,10595.6,10409.1,10441.3,13670567493,Bitcoin / USD,BTC-USD
2019-09-09,10443.2,10450.3,10144.9,10335.0,17595943368,Bitcoin / USD,BTC-USD
2019-09-10,10336.4,10394.4,10020.6,10116.0,14906809639,Bitcoin / USD,BTC-USD
2019-09-11,10123.0,10215.9,9980.8,10178.4,15428063426,Bitcoin / USD,BTC-USD
2019-09-12,10176.8,10442.3,10099.2,10410.1,15323563925,Bitcoin / USD,BTC-USD
2019-09-13,10415.4,10441.5,10226.6,10360.5,14109864675,Bitcoin / USD,BTC-USD
2019-09-14,10345.4,10422.1,10291.7,10358.0,13468713124,Bitcoin / USD,BTC-USD
2019-09-15,10356.5,10387.0,10313.1,10347.7,12043433567,Bitcoin / USD,BTC-USD
2019-09-16,10347.2,10386.9,10189.7,10276.8,15160167779,Bitcoin / USD,BTC-USD
2019-09-17,10281.5,10296.8,10199.7,10241.3,15304603363,Bitcoin / USD,BTC-USD
2019-09-18,10247.8,10275.9,10191.5,10198.2,16169268880,Bitcoin / USD,BTC-USD
2019-09-19,10200.5,10295.7,9851.7,10266.4,19937691247,Bitcoin / USD,BTC-USD
2019-09-20,10266.3,10285.9,10132.2,10181.6,14734189639,Bitcoin / USD,BTC-USD
2019-09-21,10183.6,10188.1,10000.7,10019.7,13425266806,Bitcoin / USD,BTC-USD
2019-09-22,10024.1,10074.4,9922.5,10070.4,13199651698,Bitcoin / USD,BTC-USD
2019-09-23,10068.0,10074.2,9727.1,9729.3,15144925408,Bitcoin / USD,BTC-USD
2019-09-24,9729.3,9804.3,8370.8,8620.6,25002886689,Bitcoin / USD,BTC-USD
2019-09-25,8603.4,8744.8,8325.4,8487.0,21744728353,Bitcoin / USD,BTC-USD
2019-09-26,8487.7,8515.7,7895.6,8119.0,19258205289,Bitcoin / USD,BTC-USD
2019-09-27,8113.1,8271.5,7965.9,8251.8,16408941156,Bitcoin / USD,BTC-USD
2019-09-28,8251.3,8285.6,8125.4,8245.9,14141152736,Bitcoin / USD,BTC-USD
2019-09-29,8246.0,8261.7,7990.5,8104.2,13034629109,Bitcoin / USD,BTC-USD
2019-09-30,8104.2,8314.2,7830.8,8293.9,17115474183,Bitcoin / USD,BTC-USD
2019-10-01,8299.7,8497.7,8232.7,8343.3,15305343413,Bitcoin / USD,BTC-USD
2019-10-02,8344.2,8393.0,8227.7,8393.0,13125712443,Bitcoin / USD,BTC-USD
2019-10-03,8390.8,8414.2,8146.4,8260.0,13668823409,Bitcoin / USD,BTC-USD
2019-10-04,8259.5,8260.1,8151.2,8205.9,13139456229,Bitcoin / USD,BTC-USD
2019-10-05,8210.1,8215.5,8071.1,8151.5,12200497197,Bitcoin / USD,BTC-USD
2019-10-06,8149.9,8161.4,7958.9,7988.2,13160830305,Bitcoin / USD,BTC-USD
2019-10-07,7989.1,8308.5,7905.8,8245.6,18009742607,Bitcoin / USD,BTC-USD
2019-10-08,8246.8,8332.7,8185.8,8228.8,15592264032,Bitcoin / USD,BTC-USD
2019-10-09,8229.8,8627.7,8169.3,8595.7,19384942333,Bitcoin / USD,BTC-USD
2019-10-10,8585.3,8625.3,8471.9,8586.5,17618660671,Bitcoin / USD,BTC-USD
2019-10-11,8585.3,8721.8,8316.2,8321.8,19604381101,Bitcoin / USD,BTC-USD
2019-10-12,8315.7,8415.2,8313.3,8336.6,14532641605,Bitcoin / USD,BTC-USD
2019-10-13,8336.9,8471.0,8276.6,8321.0,13808286059,Bitcoin / USD,BTC-USD
2019-10-14,8320.8,8390.2,8284.1,8374.7,15151387859,Bitcoin / USD,BTC-USD
2019-10-15,8373.5,8410.7,8182.7,8205.4,15220412632,Bitcoin / USD,BTC-USD
2019-10-16,8204.7,8216.8,7985.1,8047.5,16071646996,Bitcoin / USD,BTC-USD
2019-10-17,8047.8,8134.8,8000.9,8103.9,14313052244,Bitcoin / USD,BTC-USD
2019-10-18,8100.9,8138.4,7902.2,7973.2,15651592610,Bitcoin / USD,BTC-USD
2019-10-19,7973.8,8082.6,7944.8,7988.6,13797825640,Bitcoin / USD,BTC-USD
2019-10-20,7997.8,8281.8,7949.4,8222.1,15504249442,Bitcoin / USD,BTC-USD
2019-10-21,8225.1,8296.7,8196.4,8243.7,15868748866,Bitcoin / USD,BTC-USD
2019-10-22,8243.4,8296.7,8074.5,8078.2,16803377857,Bitcoin / USD,BTC-USD
2019-10-23,8076.2,8093.0,7469.3,7514.7,21942878958,Bitcoin / USD,BTC-USD
2019-10-24,7509.7,7532.9,7447.0,7493.5,16268708849,Bitcoin / USD,BTC-USD
2019-10-25,7490.7,8691.5,7480.0,8660.7,28705065488,Bitcoin / USD,BTC-USD
2019-10-26,8667.6,10021.7,8662.6,9245.0,44496255609,Bitcoin / USD,BTC-USD
2019-10-27,9241.7,9749.5,9112.5,9551.7,32593129501,Bitcoin / USD,BTC-USD
2019-10-28,9565.1,9805.1,9256.1,9256.1,30948255332,Bitcoin / USD,BTC-USD
2019-10-29,9248.4,9516.2,9232.6,9427.7,28426779937,Bitcoin / USD,BTC-USD
2019-10-30,9422.5,9426.9,9085.4,9205.7,27706531577,Bitcoin / USD,BTC-USD
2019-10-31,9202.5,9383.2,9028.7,9199.6,26583653947,Bitcoin / USD,BTC-USD
2019-11-01,9194.0,9275.7,9132.0,9261.1,24324691031,Bitcoin / USD,BTC-USD
2019-11-02,9259.8,9377.5,9249.6,9324.7,21242676385,Bitcoin / USD,BTC-USD
2019-11-03,9324.8,9379.8,9141.3,9235.4,21132220847,Bitcoin / USD,BTC-USD
2019-11-04,9235.6,9505.1,9191.5,9412.6,26170255634,Bitcoin / USD,BTC-USD
2019-11-05,9413.0,9457.4,9256.9,9342.5,26198609048,Bitcoin / USD,BTC-USD
2019-11-06,9340.9,9423.2,9305.9,9360.9,23133895765,Bitcoin / USD,BTC-USD
2019-11-07,9352.4,9368.5,9202.4,9267.6,22700383839,Bitcoin / USD,BTC-USD
2019-11-08,9265.4,9272.8,8775.5,8804.9,24333037836,Bitcoin / USD,BTC-USD
2019-11-09,8809.5,8891.8,8793.2,8813.6,17578630606,Bitcoin / USD,BTC-USD
2019-11-10,8812.5,9103.8,8806.2,9055.5,20587919881,Bitcoin / USD,BTC-USD
2019-11-11,9056.9,9081.3,8700.6,8757.8,20265510765,Bitcoin / USD,BTC-USD
2019-11-12,8759.8,8853.8,8685.4,8815.7,20309769107,Bitcoin / USD,BTC-USD
2019-11-13,8812.0,8836.8,8761.7,8808.3,17545755405,Bitcoin / USD,BTC-USD
2019-11-14,8811.9,8826.9,8692.6,8708.1,19084739975,Bitcoin / USD,BTC-USD
2019-11-15,8705.7,8730.9,8484.8,8492.0,21796856471,Bitcoin / USD,BTC-USD
2019-11-16,8491.2,8592.0,8474.0,8550.8,16495389808,Bitcoin / USD,BTC-USD
2019-11-17,8549.5,8727.8,8501.0,8578.0,18668638897,Bitcoin / USD,BTC-USD
2019-11-18,8574.0,8653.3,8273.6,8309.3,21579470673,Bitcoin / USD,BTC-USD
2019-11-19,8305.1,8408.5,8100.0,8206.1,21083613816,Bitcoin / USD,BTC-USD
2019-11-20,8203.6,8237.2,8010.5,8027.3,20764300437,Bitcoin / USD,BTC-USD
2019-11-21,8023.6,8110.1,7597.4,7642.8,22514243371,Bitcoin / USD,BTC-USD
2019-11-22,7643.6,7697.4,6936.7,7296.6,34242315785,Bitcoin / USD,BTC-USD
2019-11-23,7296.2,7442.3,7151.4,7397.8,21008924418,Bitcoin / USD,BTC-USD
2019-11-24,7398.6,7408.6,7029.3,7047.9,30433517289,Bitcoin / USD,BTC-USD
2019-11-25,7040.0,7319.9,6617.2,7146.1,42685231262,Bitcoin / USD,BTC-USD
2019-11-26,7145.2,7320.2,7098.6,7218.4,21129505542,Bitcoin / USD,BTC-USD
2019-11-27,7220.9,7619.7,6974.2,7531.7,23991412764,Bitcoin / USD,BTC-USD
2019-11-28,7536.8,7730.1,7454.1,7463.1,19050116751,Bitcoin / USD,BTC-USD
2019-11-29,7466.7,7781.2,7460.8,7761.2,19709695456,Bitcoin / USD,BTC-USD
2019-11-30,7764.1,7836.1,7515.8,7569.6,17158194786,Bitcoin / USD,BTC-USD
2019-12-01,7571.6,7571.6,7291.3,7424.3,18720708479,Bitcoin / USD,BTC-USD
2019-12-02,7424.0,7474.8,7233.4,7322.0,17082040706,Bitcoin / USD,BTC-USD
2019-12-03,7324.0,7418.9,7229.4,7320.1,14797485769,Bitcoin / USD,BTC-USD
2019-12-04,7320.1,7539.8,7170.9,7252.0,21664240918,Bitcoin / USD,BTC-USD
2019-12-05,7253.2,7743.4,7232.7,7448.3,18816085231,Bitcoin / USD,BTC-USD
2019-12-06,7450.6,7547.0,7392.2,7547.0,18104466307,Bitcoin / USD,BTC-USD
2019-12-07,7547.3,7590.0,7525.7,7556.2,15453520564,Bitcoin / USD,BTC-USD
2019-12-08,7551.3,7634.6,7476.1,7564.3,15409908086,Bitcoin / USD,BTC-USD
2019-12-09,7561.8,7618.1,7366.0,7400.9,17872021272,Bitcoin / USD,BTC-USD
2019-12-10,7397.1,7424.0,7246.0,7278.1,18249031195,Bitcoin / USD,BTC-USD
2019-12-11,7277.2,7324.2,7195.5,7217.4,16350490689,Bitcoin / USD,BTC-USD
2019-12-12,7216.7,7266.6,7164.7,7243.1,18927080224,Bitcoin / USD,BTC-USD
2019-12-13,7244.7,7293.6,7227.1,7269.7,17125736940,Bitcoin / USD,BTC-USD
2019-12-14,7268.9,7308.8,7097.2,7124.7,17137029730,Bitcoin / USD,BTC-USD
2019-12-15,7124.2,7181.1,6924.4,7152.3,16881129804,Bitcoin / USD,BTC-USD
2019-12-16,7153.7,7171.2,6903.7,6932.5,20213265950,Bitcoin / USD,BTC-USD
2019-12-17,6931.3,6964.1,6588.0,6640.5,22363804217,Bitcoin / USD,BTC-USD
2019-12-18,6647.7,7325.0,6540.0,7276.8,31836522778,Bitcoin / USD,BTC-USD
2019-12-19,7277.6,7346.6,7041.4,7202.8,25904604416,Bitcoin / USD,BTC-USD
2019-12-20,7208.6,7257.9,7086.1,7218.8,22633815180,Bitcoin / USD,BTC-USD
2019-12-21,7220.6,7223.2,7112.7,7191.2,19312552168,Bitcoin / USD,BTC-USD
2019-12-22,7191.2,7518.0,7167.2,7511.6,23134537956,Bitcoin / USD,BTC-USD
2019-12-23,7508.9,7656.2,7326.2,7355.6,27831788041,Bitcoin / USD,BTC-USD
2019-12-24,7354.4,7535.7,7269.5,7322.5,22991622105,Bitcoin / USD,BTC-USD
2019-12-25,7325.8,7357.0,7221.0,7275.2,21559505149,Bitcoin / USD,BTC-USD
2019-12-26,7274.8,7388.3,7200.4,7239.0,22787010034,Bitcoin / USD,BTC-USD
2019-12-27,7238.1,7363.5,7189.9,7290.1,22777360996,Bitcoin / USD,BTC-USD
2019-12-28,7289.0,7399.0,7286.9,7318.0,21365673026,Bitcoin / USD,BTC-USD
2019-12-29,7317.6,7513.9,7279.9,7422.7,22445257702,Bitcoin / USD,BTC-USD
2019-12-30,7420.3,7454.8,7276.3,7293.0,22874131672,Bitcoin / USD,BTC-USD
2019-12-31,7294.4,7335.3,7169.8,7193.6,21167946112,Bitcoin / USD,BTC-USD
2020-01-01,7194.9,7254.3,7174.9,7200.2,18565664997,Bitcoin / USD,BTC-USD
2020-01-02,7202.6,7212.2,6935.3,6985.5,20802083465,Bitcoin / USD,BTC-USD
2020-01-03,6984.4,7413.7,6915.0,7344.9,28111481032,Bitcoin / USD,BTC-USD
2020-01-04,7345.4,7427.4,7309.5,7410.7,18444271275,Bitcoin / USD,BTC-USD
2020-01-05,7410.5,7544.5,7400.5,7411.3,19725074095,Bitcoin / USD,BTC-USD
2020-01-06,7410.5,7781.9,7409.3,7769.2,23276261598,Bitcoin / USD,BTC-USD
2020-01-07,7768.7,8178.2,7768.2,8163.7,28767291327,Bitcoin / USD,BTC-USD
2020-01-08,8161.9,8396.7,7956.8,8079.9,31672559265,Bitcoin / USD,BTC-USD
2020-01-09,8082.3,8082.3,7842.4,7879.1,24045990466,Bitcoin / USD,BTC-USD
2020-01-10,7878.3,8166.6,7726.8,8166.6,28714583844,Bitcoin / USD,BTC-USD
2020-01-11,8162.2,8218.4,8029.6,8037.5,25521165085,Bitcoin / USD,BTC-USD
2020-01-12,8033.3,8200.1,8009.1,8192.5,22903438381,Bitcoin / USD,BTC-USD
2020-01-13,8189.8,8197.8,8079.7,8144.2,22482910688,Bitcoin / USD,BTC-USD
2020-01-14,8140.9,8879.5,8140.9,8827.8,44841784107,Bitcoin / USD,BTC-USD
2020-01-15,8825.3,8890.1,8657.2,8807.0,40102834650,Bitcoin / USD,BTC-USD
2020-01-16,8812.5,8846.5,8612.1,8723.8,31313981931,Bitcoin / USD,BTC-USD
2020-01-17,8725.2,8958.1,8677.3,8929.0,36372139320,Bitcoin / USD,BTC-USD
2020-01-18,8927.2,9012.2,8827.3,8942.8,32337772627,Bitcoin / USD,BTC-USD
2020-01-19,8941.4,9164.4,8620.1,8706.2,34217320471,Bitcoin / USD,BTC-USD
2020-01-20,8704.6,8745.6,8560.5,8657.6,26422375678,Bitcoin / USD,BTC-USD
2020-01-21,8659.0,8755.7,8544.5,8745.9,24097418512,Bitcoin / USD,BTC-USD
2020-01-22,8744.2,8793.0,8636.7,8680.9,22600204051,Bitcoin / USD,BTC-USD
2020-01-23,8680.7,8687.7,8333.6,8406.5,25770680779,Bitcoin / USD,BTC-USD
2020-01-24,8405.6,8514.7,8266.8,8445.4,24397913026,Bitcoin / USD,BTC-USD
2020-01-25,8440.1,8458.5,8296.2,8367.8,19647331549,Bitcoin / USD,BTC-USD
2020-01-26,8364.4,8602.4,8325.5,8596.8,22177678796,Bitcoin / USD,BTC-USD
2020-01-27,8597.3,8977.7,8597.3,8909.8,28647338393,Bitcoin / USD,BTC-USD
2020-01-28,8912.5,9358.6,8908.4,9358.6,34398744403,Bitcoin / USD,BTC-USD
2020-01-29,9357.5,9406.4,9269.5,9316.6,30682598115,Bitcoin / USD,BTC-USD
2020-01-30,9316.0,9553.1,9230.9,9509.0,32378792851,Bitcoin / USD,BTC-USD
2020-01-31,9508.3,9521.7,9230.8,9350.5,29432489719,Bitcoin / USD,BTC-USD
2020-02-01,9346.4,9439.3,9313.2,9392.9,25922656496,Bitcoin / USD,BTC-USD
2020-02-02,9389.8,9468.8,9217.8,9344.4,30835736946,Bitcoin / USD,BTC-USD
2020-02-03,9344.7,9540.4,9248.6,9293.5,30934096509,Bitcoin / USD,BTC-USD
2020-02-04,9292.8,9331.3,9112.8,9181.0,29893183716,Bitcoin / USD,BTC-USD
2020-02-05,9183.4,9701.3,9163.7,9613.4,35222060874,Bitcoin / USD,BTC-USD
2020-02-06,9617.8,9824.6,9539.8,9729.8,37628823716,Bitcoin / USD,BTC-USD
2020-02-07,9726.0,9834.7,9726.0,9795.9,34522718159,Bitcoin / USD,BTC-USD
2020-02-08,9793.1,9876.7,9678.9,9865.1,35172043762,Bitcoin / USD,BTC-USD
2020-02-09,9863.9,10129.4,9850.4,10116.7,35807884663,Bitcoin / USD,BTC-USD
2020-02-10,10115.6,10165.8,9784.6,9856.6,39386548075,Bitcoin / USD,BTC-USD
2020-02-11,9855.9,10210.1,9729.3,10208.2,37648059389,Bitcoin / USD,BTC-USD
2020-02-12,10202.4,10393.6,10202.4,10326.1,43444303830,Bitcoin / USD,BTC-USD
2020-02-13,10324.0,10457.6,10116.2,10214.4,49356071373,Bitcoin / USD,BTC-USD
2020-02-14,10211.6,10322.0,10125.5,10312.1,43338264162,Bitcoin / USD,BTC-USD
2020-02-15,10313.9,10341.6,9874.4,9889.4,43865054831,Bitcoin / USD,BTC-USD
2020-02-16,9889.2,10054.0,9722.4,9934.4,43374780305,Bitcoin / USD,BTC-USD
2020-02-17,9936.6,9938.8,9507.6,9690.1,45998298413,Bitcoin / USD,BTC-USD
2020-02-18,9691.2,10161.9,9632.4,10142.0,47271023953,Bitcoin / USD,BTC-USD
2020-02-19,10143.8,10191.7,9611.2,9633.4,46992019710,Bitcoin / USD,BTC-USD
2020-02-20,9629.3,9643.2,9507.9,9608.5,44925260237,Bitcoin / USD,BTC-USD
2020-02-21,9611.8,9723.0,9589.7,9686.4,40930547513,Bitcoin / USD,BTC-USD
2020-02-22,9687.7,9698.2,9600.7,9663.2,35838025154,Bitcoin / USD,BTC-USD
2020-02-23,9663.3,9937.4,9657.8,9924.5,41185185761,Bitcoin / USD,BTC-USD
2020-02-24,9921.6,9951.7,9537.0,9650.2,45080496648,Bitcoin / USD,BTC-USD
2020-02-25,9651.3,9652.7,9305.0,9341.7,42515259129,Bitcoin / USD,BTC-USD
2020-02-26,9338.3,9354.8,8704.4,8820.5,50420050762,Bitcoin / USD,BTC-USD
2020-02-27,8825.1,8932.9,8577.2,8784.5,45470195695,Bitcoin / USD,BTC-USD
2020-02-28,8788.7,8890.5,8492.9,8672.5,44605450443,Bitcoin / USD,BTC-USD
2020-02-29,8671.2,8775.6,8599.5,8599.5,35792392544,Bitcoin / USD,BTC-USD
2020-03-01,8599.8,8726.8,8471.2,8562.5,35349164300,Bitcoin / USD,BTC-USD
2020-03-02,8563.3,8921.3,8532.6,8869.7,42857674409,Bitcoin / USD,BTC-USD
2020-03-03,8865.4,8901.6,8705.0,8787.8,42386715821,Bitcoin / USD,BTC-USD
2020-03-04,8788.5,8843.4,8712.4,8755.2,34746706368,Bitcoin / USD,BTC-USD
2020-03-05,8760.3,9142.1,8757.3,9078.8,39698054597,Bitcoin / USD,BTC-USD
2020-03-06,9078.3,9167.7,9032.1,9122.5,40826885651,Bitcoin / USD,BTC-USD
2020-03-07,9121.6,9163.2,8890.7,8910.0,36216930370,Bitcoin / USD,BTC-USD
2020-03-08,8908.2,8914.3,8105.3,8108.1,39973102121,Bitcoin / USD,BTC-USD
2020-03-09,8111.1,8177.8,7690.1,7923.6,46936995808,Bitcoin / USD,BTC-USD
2020-03-10,7922.1,8136.9,7814.8,7909.7,42213940994,Bitcoin / USD,BTC-USD
2020-03-11,7910.1,7950.8,7642.8,7911.4,38682762605,Bitcoin / USD,BTC-USD
2020-03-12,7913.6,7929.1,4860.4,4970.8,53980357243,Bitcoin / USD,BTC-USD
2020-03-13,5017.8,5838.1,4107.0,5563.7,74156772075,Bitcoin / USD,BTC-USD
2020-03-14,5573.1,5625.2,5125.1,5200.4,36154506008,Bitcoin / USD,BTC-USD
2020-03-15,5201.1,5836.6,5169.3,5392.3,33997889639,Bitcoin / USD,BTC-USD
2020-03-16,5385.2,5385.2,4575.4,5014.5,45368026430,Bitcoin / USD,BTC-USD
2020-03-17,5002.6,5371.3,4981.9,5225.6,38622642935,Bitcoin / USD,BTC-USD
2020-03-18,5227.1,5331.8,5069.3,5238.4,37878801016,Bitcoin / USD,BTC-USD
2020-03-19,5245.4,6329.7,5237.0,6191.2,51000731797,Bitcoin / USD,BTC-USD
2020-03-20,6191.7,6844.3,5865.8,6198.8,54442976103,Bitcoin / USD,BTC-USD
2020-03-21,6206.5,6378.1,5932.8,6185.1,42494390880,Bitcoin / USD,BTC-USD
2020-03-22,6185.6,6359.7,5823.7,5830.3,40099664740,Bitcoin / USD,BTC-USD
2020-03-23,5831.4,6443.9,5785.0,6416.3,46491916000,Bitcoin / USD,BTC-USD
2020-03-24,6436.6,6789.0,6411.1,6734.8,48221910672,Bitcoin / USD,BTC-USD
2020-03-25,6738.7,6892.5,6536.9,6681.1,44590107888,Bitcoin / USD,BTC-USD
2020-03-26,6675.2,6735.5,6591.0,6716.4,35319797642,Bitcoin / USD,BTC-USD
2020-03-27,6719.4,6793.8,6466.7,6469.8,34585598367,Bitcoin / USD,BTC-USD
2020-03-28,6467.3,6467.5,6117.8,6242.2,34885225901,Bitcoin / USD,BTC-USD
2020-03-29,6245.6,6250.5,5920.1,5922.0,28373690931,Bitcoin / USD,BTC-USD
2020-03-30,5925.5,6517.2,5903.2,6429.8,37101651525,Bitcoin / USD,BTC-USD
2020-03-31,6430.6,6504.5,6374.2,6438.6,32786468812,Bitcoin / USD,BTC-USD
2020-04-01,6437.3,6612.6,6202.4,6606.8,40346426266,Bitcoin / USD,BTC-USD
2020-04-02,6606.8,7088.2,6595.9,6793.6,47660646124,Bitcoin / USD,BTC-USD
2020-04-03,6797.4,7003.2,6673.3,6733.4,38976504903,Bitcoin / USD,BTC-USD
2020-04-04,6738.4,6879.0,6696.5,6867.5,33185988584,Bitcoin / USD,BTC-USD
2020-04-05,6862.5,6883.4,6715.9,6791.1,29510409856,Bitcoin / USD,BTC-USD
2020-04-06,6788.0,7271.8,6782.9,7271.8,46896904615,Bitcoin / USD,BTC-USD
2020-04-07,7273.6,7427.9,7136.7,7176.4,44243482668,Bitcoin / USD,BTC-USD
2020-04-08,7179.3,7356.2,7153.3,7334.1,37563249549,Bitcoin / USD,BTC-USD
2020-04-09,7338.0,7341.4,7179.1,7302.1,34815139178,Bitcoin / USD,BTC-USD
2020-04-10,7303.8,7303.8,6802.5,6865.5,43622840992,Bitcoin / USD,BTC-USD
2020-04-11,6867.4,6926.1,6789.9,6859.1,31222085946,Bitcoin / USD,BTC-USD
2020-04-12,6858.1,7119.9,6811.1,6971.1,35759567632,Bitcoin / USD,BTC-USD
2020-04-13,6965.6,6965.6,6668.3,6845.0,38619308647,Bitcoin / USD,BTC-USD
2020-04-14,6843.3,6958.6,6793.8,6842.4,34110434052,Bitcoin / USD,BTC-USD
2020-04-15,6845.6,6928.7,6633.4,6642.1,32288311031,Bitcoin / USD,BTC-USD
2020-04-16,6640.5,7134.5,6555.5,7116.8,46783242377,Bitcoin / USD,BTC-USD
2020-04-17,7116.6,7167.2,7050.3,7096.2,32513423567,Bitcoin / USD,BTC-USD
2020-04-18,7092.3,7270.0,7089.2,7257.7,32447188386,Bitcoin / USD,BTC-USD
2020-04-19,7260.9,7280.5,7167.1,7189.4,31311210215,Bitcoin / USD,BTC-USD
2020-04-20,7186.9,7240.3,6835.5,6882.0,37747113936,Bitcoin / USD,BTC-USD
2020-04-21,6879.8,6934.6,6834.4,6880.3,32589741511,Bitcoin / USD,BTC-USD
2020-04-22,6879.4,7145.9,6867.8,7117.2,33249153866,Bitcoin / USD,BTC-USD
2020-04-23,7121.3,7491.8,7081.6,7429.7,43500782316,Bitcoin / USD,BTC-USD
2020-04-24,7434.2,7574.2,7434.2,7550.9,34636526286,Bitcoin / USD,BTC-USD
2020-04-25,7550.5,7641.4,7521.7,7569.9,32941541447,Bitcoin / USD,BTC-USD
2020-04-26,7570.1,7700.6,7561.4,7679.9,33070154491,Bitcoin / USD,BTC-USD
2020-04-27,7679.4,7795.6,7679.4,7795.6,36162144725,Bitcoin / USD,BTC-USD
2020-04-28,7797.0,7814.5,7730.8,7807.1,33187959921,Bitcoin / USD,BTC-USD
2020-04-29,7806.7,8871.8,7786.0,8801.0,60201052203,Bitcoin / USD,BTC-USD
2020-04-30,8797.7,9440.7,8533.3,8658.6,66964629541,Bitcoin / USD,BTC-USD
2020-05-01,8672.8,9048.0,8667.8,8864.8,44068389997,Bitcoin / USD,BTC-USD
2020-05-02,8869.1,9007.2,8811.4,8988.6,40134388683,Bitcoin / USD,BTC-USD
2020-05-03,8983.6,9167.8,8831.0,8897.5,47101785174,Bitcoin / USD,BTC-USD
2020-05-04,8895.7,8956.9,8645.0,8912.7,45718796276,Bitcoin / USD,BTC-USD
2020-05-05,8912.8,9062.4,8856.8,9003.1,43148462663,Bitcoin / USD,BTC-USD
2020-05-06,9007.4,9411.5,8966.7,9268.8,49371886931,Bitcoin / USD,BTC-USD
2020-05-07,9261.9,9992.7,9138.3,9951.5,61112700562,Bitcoin / USD,BTC-USD
2020-05-08,9936.2,9996.7,9767.2,9842.7,51780748042,Bitcoin / USD,BTC-USD
2020-05-09,9840.9,9913.9,9580.6,9593.9,46566121841,Bitcoin / USD,BTC-USD
2020-05-10,9591.2,9595.6,8395.1,8756.4,63325279337,Bitcoin / USD,BTC-USD
2020-05-11,8755.5,9033.5,8374.3,8601.8,57119858802,Bitcoin / USD,BTC-USD
2020-05-12,8610.4,8949.9,8569.6,8804.5,42142717533,Bitcoin / USD,BTC-USD
2020-05-13,8805.4,9317.9,8805.4,9270.0,45558144023,Bitcoin / USD,BTC-USD
2020-05-14,9271.3,9793.3,9255.0,9733.7,56426907637,Bitcoin / USD,BTC-USD
2020-05-15,9734.3,9755.8,9261.4,9328.2,48158802327,Bitcoin / USD,BTC-USD
2020-05-16,9333.2,9564.2,9260.7,9377.0,36164766408,Bitcoin / USD,BTC-USD
2020-05-17,9374.9,9823.0,9349.5,9670.7,40084250663,Bitcoin / USD,BTC-USD
2020-05-18,9675.7,9906.0,9570.4,9726.6,41827139896,Bitcoin / USD,BTC-USD
2020-05-19,9727.1,9836.0,9539.6,9729.0,39254288955,Bitcoin / USD,BTC-USD
2020-05-20,9725.3,9804.8,9447.2,9523.0,36546239703,Bitcoin / USD,BTC-USD
2020-05-21,9522.7,9555.2,8869.9,9081.8,39326160532,Bitcoin / USD,BTC-USD
2020-05-22,9080.3,9232.9,9008.6,9182.6,29810773699,Bitcoin / USD,BTC-USD
2020-05-23,9185.1,9302.5,9118.1,9209.3,27727866812,Bitcoin / USD,BTC-USD
2020-05-24,9212.3,9288.4,8787.3,8790.4,32518803300,Bitcoin / USD,BTC-USD
2020-05-25,8786.1,8951.0,8719.7,8906.9,31288157264,Bitcoin / USD,BTC-USD
2020-05-26,8909.6,8992.0,8757.3,8835.1,29584186947,Bitcoin / USD,BTC-USD
2020-05-27,8837.4,9203.3,8834.2,9181.0,32740536902,Bitcoin / USD,BTC-USD
2020-05-28,9184.9,9546.3,9148.5,9525.8,34367073114,Bitcoin / USD,BTC-USD
2020-05-29,9528.4,9573.7,9379.3,9439.1,32896642044,Bitcoin / USD,BTC-USD
2020-05-30,9438.9,9704.0,9366.7,9700.4,32722975141,Bitcoin / USD,BTC-USD
2020-05-31,9700.1,9700.3,9432.3,9461.1,27773290299,Bitcoin / USD,BTC-USD
2020-06-01,9463.6,10199.6,9450.9,10167.3,35198901068,Bitcoin / USD,BTC-USD
2020-06-02,10163.0,10182.3,9460.6,9529.8,39137252109,Bitcoin / USD,BTC-USD
2020-06-03,9533.8,9682.9,9471.8,9656.7,25007459262,Bitcoin / USD,BTC-USD
2020-06-04,9655.9,9887.6,9525.2,9800.6,25921805072,Bitcoin / USD,BTC-USD
2020-06-05,9800.2,9869.2,9663.2,9665.5,23509628646,Bitcoin / USD,BTC-USD
2020-06-06,9664.9,9773.4,9591.0,9653.7,20438419222,Bitcoin / USD,BTC-USD
2020-06-07,9653.0,9768.5,9458.2,9758.9,25015250846,Bitcoin / USD,BTC-USD
2020-06-08,9760.1,9782.3,9675.9,9771.5,21486346312,Bitcoin / USD,BTC-USD
2020-06-09,9774.4,9836.4,9664.7,9795.7,23717842783,Bitcoin / USD,BTC-USD
2020-06-10,9794.1,9908.9,9728.3,9870.1,25706567601,Bitcoin / USD,BTC-USD
2020-06-11,9870.1,9938.3,9263.1,9321.8,30247143440,Bitcoin / USD,BTC-USD
2020-06-12,9320.7,9540.5,9285.9,9480.8,22610564515,Bitcoin / USD,BTC-USD
2020-06-13,9480.7,9493.2,9396.0,9475.3,17564322315,Bitcoin / USD,BTC-USD
2020-06-14,9477.6,9482.3,9347.6,9386.8,18991732746,Bitcoin / USD,BTC-USD
2020-06-15,9386.0,9504.9,8990.2,9450.7,26699704768,Bitcoin / USD,BTC-USD
2020-06-16,9454.3,9579.4,9400.4,9538.0,21565537209,Bitcoin / USD,BTC-USD
2020-06-17,9533.8,9540.4,9327.3,9480.3,20177709879,Bitcoin / USD,BTC-USD
2020-06-18,9481.6,9482.8,9328.4,9411.8,17770083003,Bitcoin / USD,BTC-USD
2020-06-19,9410.3,9440.9,9274.3,9288.0,19632223107,Bitcoin / USD,BTC-USD
2020-06-20,9291.0,9395.0,9247.4,9332.3,17130541557,Bitcoin / USD,BTC-USD
2020-06-21,9330.9,9401.1,9300.4,9303.6,15324301169,Bitcoin / USD,BTC-USD
2020-06-22,9300.9,9655.1,9296.9,9648.7,21104009514,Bitcoin / USD,BTC-USD
2020-06-23,9644.1,9670.5,9547.2,9629.7,17006433272,Bitcoin / USD,BTC-USD
2020-06-24,9632.1,9680.4,9278.2,9313.6,18961716076,Bitcoin / USD,BTC-USD
2020-06-25,9314.1,9340.2,9095.3,9264.8,18616048626,Bitcoin / USD,BTC-USD
2020-06-26,9261.0,9310.5,9101.7,9162.9,18341465837,Bitcoin / USD,BTC-USD
2020-06-27,9167.8,9207.8,8998.2,9045.4,17273093144,Bitcoin / USD,BTC-USD
2020-06-28,9048.5,9197.5,8975.5,9143.6,14560870760,Bitcoin / USD,BTC-USD
2020-06-29,9140.0,9237.6,9041.9,9190.9,16460547078,Bitcoin / USD,BTC-USD
2020-06-30,9185.6,9217.8,9084.8,9138.0,15735797744,Bitcoin / USD,BTC-USD
2020-07-01,9146.0,9309.8,9104.7,9228.3,15971550355,Bitcoin / USD,BTC-USD
2020-07-02,9231.1,9275.0,9036.6,9123.4,16338916796,Bitcoin / USD,BTC-USD
2020-07-03,9124.8,9202.3,9058.8,9087.3,13078970999,Bitcoin / USD,BTC-USD
2020-07-04,9084.2,9183.3,9053.6,9132.5,12290528515,Bitcoin / USD,BTC-USD
2020-07-05,9126.1,9162.2,8977.0,9073.9,12903406143,Bitcoin / USD,BTC-USD
2020-07-06,9072.8,9375.5,9058.7,9375.5,17889263252,Bitcoin / USD,BTC-USD
2020-07-07,9349.2,9360.6,9201.8,9252.3,13839652595,Bitcoin / USD,BTC-USD
2020-07-08,9253.0,9450.3,9249.5,9428.3,19702359883,Bitcoin / USD,BTC-USD
2020-07-09,9428.0,9431.4,9235.0,9278.0,18000702524,Bitcoin / USD,BTC-USD
2020-07-10,9273.4,9287.5,9118.0,9278.8,16860035605,Bitcoin / USD,BTC-USD
2020-07-11,9277.5,9293.5,9199.5,9240.3,13249910444,Bitcoin / USD,BTC-USD
2020-07-12,9241.1,9319.4,9197.5,9276.5,14452361907,Bitcoin / USD,BTC-USD
2020-07-13,9277.2,9306.4,9224.3,9243.6,17519821266,Bitcoin / USD,BTC-USD
2020-07-14,9238.7,9283.8,9171.7,9243.2,18085038362,Bitcoin / USD,BTC-USD
2020-07-15,9241.9,9275.3,9171.9,9192.8,15844731575,Bitcoin / USD,BTC-USD
2020-07-16,9192.0,9214.3,9088.9,9132.2,15713967523,Bitcoin / USD,BTC-USD
2020-07-17,9131.8,9182.3,9089.2,9151.4,13944570749,Bitcoin / USD,BTC-USD
2020-07-18,9151.2,9231.0,9100.8,9159.0,12252601475,Bitcoin / USD,BTC-USD
2020-07-19,9158.0,9201.4,9097.6,9185.8,12939002784,Bitcoin / USD,BTC-USD
2020-07-20,9187.2,9214.3,9137.5,9164.2,13755604146,Bitcoin / USD,BTC-USD
2020-07-21,9162.5,9407.3,9149.4,9374.9,18069581956,Bitcoin / USD,BTC-USD
2020-07-22,9375.1,9530.5,9319.7,9525.4,16532254884,Bitcoin / USD,BTC-USD
2020-07-23,9527.1,9610.2,9483.0,9581.1,18146399002,Bitcoin / USD,BTC-USD
2020-07-24,9585.5,9623.3,9481.5,9536.9,16552768325,Bitcoin / USD,BTC-USD
2020-07-25,9539.5,9704.6,9530.2,9677.1,16610070933,Bitcoin / USD,BTC-USD
2020-07-26,9680.2,10023.8,9652.8,9905.2,20507998997,Bitcoin / USD,BTC-USD
2020-07-27,9905.2,11298.2,9904.0,10990.9,35359749590,Bitcoin / USD,BTC-USD
2020-07-28,11017.5,11204.3,10632.6,10912.8,28766551142,Bitcoin / USD,BTC-USD
2020-07-29,10913.0,11304.4,10856.1,11100.5,24617249715,Bitcoin / USD,BTC-USD
2020-07-30,11099.8,11169.4,10895.5,11111.2,22857247901,Bitcoin / USD,BTC-USD
2020-07-31,11110.2,11415.9,10987.1,11323.5,23160469766,Bitcoin / USD,BTC-USD
2020-08-01,11322.6,11794.8,11239.7,11759.6,26075670303,Bitcoin / USD,BTC-USD
2020-08-02,11758.8,12034.1,11018.1,11053.6,27410067336,Bitcoin / USD,BTC-USD
2020-08-03,11043.8,11453.1,11012.4,11246.3,20271713443,Bitcoin / USD,BTC-USD
2020-08-04,11246.2,11385.4,11094.1,11205.9,21250197042,Bitcoin / USD,BTC-USD
2020-08-05,11203.8,11786.6,11158.3,11747.0,24411254471,Bitcoin / USD,BTC-USD
2020-08-06,11749.9,11902.3,11598.7,11779.8,23400740340,Bitcoin / USD,BTC-USD
2020-08-07,11778.9,11898.0,11408.6,11601.5,23132312867,Bitcoin / USD,BTC-USD
2020-08-08,11604.6,11800.1,11558.4,11754.0,17572057837,Bitcoin / USD,BTC-USD
2020-08-09,11737.3,11806.1,11548.8,11675.7,17489608833,Bitcoin / USD,BTC-USD
2020-08-10,11662.3,12045.1,11662.3,11878.1,26114112569,Bitcoin / USD,BTC-USD
2020-08-11,11881.6,11932.7,11195.7,11410.5,27039782640,Bitcoin / USD,BTC-USD
2020-08-12,11404.6,11748.4,11249.6,11584.9,25064548486,Bitcoin / USD,BTC-USD
2020-08-13,11588.4,11796.4,11216.9,11784.1,27522199497,Bitcoin / USD,BTC-USD
2020-08-14,11772.7,12151.0,11685.5,11768.9,24237958589,Bitcoin / USD,BTC-USD
2020-08-15,11768.7,11963.2,11768.7,11865.7,23354924400,Bitcoin / USD,BTC-USD
2020-08-16,11866.7,11934.9,11737.2,11892.8,20583375490,Bitcoin / USD,BTC-USD
2020-08-17,11895.7,12359.1,11806.7,12254.4,28227687027,Bitcoin / USD,BTC-USD
2020-08-18,12251.9,12335.7,11954.5,11991.2,26043227672,Bitcoin / USD,BTC-USD
2020-08-19,11990.9,12028.9,11687.3,11758.3,24502851117,Bitcoin / USD,BTC-USD
2020-08-20,11761.5,11900.4,11710.1,11878.4,20175242945,Bitcoin / USD,BTC-USD
2020-08-21,11878.0,11899.3,11565.0,11592.5,23762425999,Bitcoin / USD,BTC-USD
2020-08-22,11585.5,11689.4,11448.8,11681.8,20224191306,Bitcoin / USD,BTC-USD
2020-08-23,11679.7,11713.4,11559.9,11664.8,18482062658,Bitcoin / USD,BTC-USD
2020-08-24,11663.7,11807.6,11623.2,11774.6,20681511755,Bitcoin / USD,BTC-USD
2020-08-25,11773.6,11778.3,11189.9,11366.1,26301509932,Bitcoin / USD,BTC-USD
2020-08-26,11366.9,11530.1,11297.0,11488.4,22466660958,Bitcoin / USD,BTC-USD
2020-08-27,11485.6,11570.8,11185.9,11323.4,23240415076,Bitcoin / USD,BTC-USD
2020-08-28,11325.3,11545.6,11316.4,11542.5,19807127588,Bitcoin / USD,BTC-USD
2020-08-29,11541.1,11585.6,11466.3,11506.9,17485597759,Bitcoin / USD,BTC-USD
2020-08-30,11508.7,11715.3,11492.4,11711.5,19760127945,Bitcoin / USD,BTC-USD
2020-08-31,11713.3,11768.9,11598.3,11680.8,22285928250,Bitcoin / USD,BTC-USD
2020-09-01,11679.3,12067.1,11601.1,11970.5,27311555343,Bitcoin / USD,BTC-USD
2020-09-02,11964.8,11964.8,11290.8,11414.0,28037405299,Bitcoin / USD,BTC-USD
2020-09-03,11407.2,11443.0,10182.5,10245.3,31927261555,Bitcoin / USD,BTC-USD
2020-09-04,10230.4,10663.9,10207.9,10511.8,29965130374,Bitcoin / USD,BTC-USD
2020-09-05,10512.5,10581.6,9946.7,10169.6,44916565292,Bitcoin / USD,BTC-USD
2020-09-06,10167.2,10353.9,10056.9,10280.4,37071460174,Bitcoin / USD,BTC-USD
2020-09-07,10281.0,10399.2,9916.5,10369.6,33703098409,Bitcoin / USD,BTC-USD
2020-09-08,10369.3,10414.8,9945.1,10131.5,33430927462,Bitcoin / USD,BTC-USD
2020-09-09,10134.2,10350.5,10017.3,10242.3,24128292755,Bitcoin / USD,BTC-USD
2020-09-10,10242.3,10503.9,10238.1,10363.1,54406443211,Bitcoin / USD,BTC-USD
2020-09-11,10369.0,10434.9,10140.8,10400.9,45201121775,Bitcoin / USD,BTC-USD
2020-09-12,10409.9,10578.8,10292.4,10442.2,36750077324,Bitcoin / USD,BTC-USD
2020-09-13,10452.4,10577.2,10224.3,10323.8,36506852789,Bitcoin / USD,BTC-USD
2020-09-14,10328.7,10800.0,10266.0,10680.8,35453581940,Bitcoin / USD,BTC-USD
2020-09-15,10677.8,10938.6,10656.5,10797.0,32509451925,Bitcoin / USD,BTC-USD
2020-09-16,10797.8,11100.1,10704.9,10974.9,30769986455,Bitcoin / USD,BTC-USD
2020-09-17,10973.3,11037.4,10774.6,10949.0,38151810523,Bitcoin / USD,BTC-USD
2020-09-18,10951.8,11034.9,10829.7,10944.6,26341903912,Bitcoin / USD,BTC-USD
2020-09-19,10933.8,11134.1,10909.6,11094.3,22764204008,Bitcoin / USD,BTC-USD
2020-09-20,11095.9,11095.9,10814.5,10938.3,24699523788,Bitcoin / USD,BTC-USD
2020-09-21,10934.9,10988.3,10380.3,10462.3,28884999244,Bitcoin / USD,BTC-USD
2020-09-22,10459.6,10568.1,10382.7,10538.5,23621787804,Bitcoin / USD,BTC-USD
2020-09-23,10535.5,10537.8,10197.9,10246.2,23788661867,Bitcoin / USD,BTC-USD
2020-09-24,10248.8,10771.1,10231.5,10760.1,47144380902,Bitcoin / USD,BTC-USD
2020-09-25,10761.1,10777.7,10578.9,10692.7,39348590957,Bitcoin / USD,BTC-USD
2020-09-26,10695.6,10773.0,10667.3,10750.7,46852525493,Bitcoin / USD,BTC-USD
2020-09-27,10746.9,10804.0,10622.9,10775.3,53745972818,Bitcoin / USD,BTC-USD
2020-09-28,10776.6,10945.3,10703.9,10709.7,47762394731,Bitcoin / USD,BTC-USD
2020-09-29,10709.7,10860.0,10649.5,10844.6,46582396602,Bitcoin / USD,BTC-USD
2020-09-30,10843.9,10847.3,10669.3,10784.5,44171073700,Bitcoin / USD,BTC-USD
2020-10-01,10795.3,10933.6,10472.4,10619.5,40023134100,Bitcoin / USD,BTC-USD
2020-10-02,10619.8,10657.8,10416.7,10576.0,48661453918,Bitcoin / USD,BTC-USD
2020-10-03,10575.1,10598.9,10511.1,10549.3,44660271563,Bitcoin / USD,BTC-USD
2020-10-04,10550.4,10686.0,10534.4,10669.6,71251776995,Bitcoin / USD,BTC-USD
2020-10-05,10676.5,10793.5,10634.6,10793.3,47537578009,Bitcoin / USD,BTC-USD
2020-10-06,10796.3,10797.6,10528.9,10604.4,42623695307,Bitcoin / USD,BTC-USD
2020-10-07,10603.4,10680.5,10562.5,10669.0,37799458436,Bitcoin / USD,BTC-USD
2020-10-08,10669.4,10945.7,10562.6,10915.7,63314794397,Bitcoin / USD,BTC-USD
2020-10-09,10927.9,11102.7,10846.9,11064.5,22799117613,Bitcoin / USD,BTC-USD
2020-10-10,11059.1,11442.2,11056.9,11296.4,22877978588,Bitcoin / USD,BTC-USD
2020-10-11,11296.1,11428.8,11288.6,11384.2,19968627060,Bitcoin / USD,BTC-USD
2020-10-12,11392.6,11698.5,11240.7,11555.4,26163972642,Bitcoin / USD,BTC-USD
2020-10-13,11548.7,11549.0,11321.2,11425.9,24241420251,Bitcoin / USD,BTC-USD
2020-10-14,11429.0,11540.0,11307.8,11429.5,24103426719,Bitcoin / USD,BTC-USD
2020-10-15,11426.6,11569.9,11303.6,11495.3,24487233058,Bitcoin / USD,BTC-USD
2020-10-16,11502.8,11540.1,11223.0,11322.1,25635480772,Bitcoin / USD,BTC-USD
2020-10-17,11322.1,11386.3,11285.3,11358.1,19130430174,Bitcoin / USD,BTC-USD
2020-10-18,11356.0,11483.4,11347.6,11483.4,18283314340,Bitcoin / USD,BTC-USD
2020-10-19,11495.0,11799.1,11408.3,11742.0,23860769928,Bitcoin / USD,BTC-USD
2020-10-20,11746.0,11999.9,11681.5,11916.3,30915821592,Bitcoin / USD,BTC-USD
2020-10-21,11913.1,13184.6,11900.9,12823.7,43414712626,Bitcoin / USD,BTC-USD
2020-10-22,12801.6,13161.6,12717.1,12965.9,34729759598,Bitcoin / USD,BTC-USD
2020-10-23,12971.5,13016.0,12752.6,12931.5,28974975003,Bitcoin / USD,BTC-USD
2020-10-24,12931.6,13145.1,12885.7,13108.1,24542317940,Bitcoin / USD,BTC-USD
2020-10-25,13108.1,13329.2,12910.1,13031.2,24406920575,Bitcoin / USD,BTC-USD
2020-10-26,13031.2,13225.3,12822.4,13075.2,29461458313,Bitcoin / USD,BTC-USD
2020-10-27,13075.2,13759.7,13060.8,13654.2,33749878156,Bitcoin / USD,BTC-USD
2020-10-28,13654.2,13837.7,12932.3,13271.3,35867318895,Bitcoin / USD,BTC-USD
2020-10-29,13271.3,13612.0,12980.1,13437.9,56499499598,Bitcoin / USD,BTC-USD
2020-10-30,13437.9,13651.5,13136.2,13546.5,30581485201,Bitcoin / USD,BTC-USD
2020-10-31,13546.5,14028.2,13457.5,13781.0,30306464719,Bitcoin / USD,BTC-USD
2020-11-01,13781.0,13862.0,13628.4,13737.1,24453857900,Bitcoin / USD,BTC-USD
2020-11-02,13737.0,13808.3,13243.2,13550.5,30771455468,Bitcoin / USD,BTC-USD
2020-11-03,13550.5,13985.0,13325.4,13950.3,29869951617,Bitcoin / USD,BTC-USD
2020-11-04,13950.5,14218.8,13580.5,14133.7,35116364962,Bitcoin / USD,BTC-USD
2020-11-05,14133.7,15706.4,14102.1,15579.8,40856321439,Bitcoin / USD,BTC-USD
2020-11-06,15579.7,15903.4,15226.8,15565.9,39837841971,Bitcoin / USD,BTC-USD
2020-11-07,15565.9,15737.1,14423.2,14833.8,35024953706,Bitcoin / USD,BTC-USD
2020-11-08,14833.8,15637.3,14744.1,15479.6,26632075029,Bitcoin / USD,BTC-USD
2020-11-09,15479.6,15785.1,14865.5,15332.3,34149115566,Bitcoin / USD,BTC-USD
2020-11-10,15332.4,15450.3,15125.0,15290.9,25574938143,Bitcoin / USD,BTC-USD
2020-11-11,15290.9,15916.3,15290.0,15701.3,29772374934,Bitcoin / USD,BTC-USD
2020-11-12,15701.3,16305.0,15534.8,16276.3,34175758344,Bitcoin / USD,BTC-USD
2020-11-13,16276.4,16463.2,15992.2,16317.8,31599492172,Bitcoin / USD,BTC-USD
2020-11-14,16317.8,16317.8,15749.2,16068.1,27481710135,Bitcoin / USD,BTC-USD
2020-11-15,16068.1,16123.1,15793.5,15955.6,23653867583,Bitcoin / USD,BTC-USD
2020-11-16,15955.6,16816.2,15880.7,16716.1,31526766675,Bitcoin / USD,BTC-USD
2020-11-17,16685.7,17782.9,16564.5,17645.4,39006849170,Bitcoin / USD,BTC-USD
2020-11-18,17645.2,18393.9,17352.9,17804.0,49064800278,Bitcoin / USD,BTC-USD
2020-11-19,17803.9,18119.5,17382.6,17817.1,36985055355,Bitcoin / USD,BTC-USD
2020-11-20,17817.1,18773.2,17765.8,18621.3,36992873940,Bitcoin / USD,BTC-USD
2020-11-21,18621.3,18936.6,18444.4,18642.2,39650210707,Bitcoin / USD,BTC-USD
2020-11-22,18642.2,18689.0,17671.4,18370.0,41280434226,Bitcoin / USD,BTC-USD
2020-11-23,18370.0,18711.4,18000.8,18364.1,42741112308,Bitcoin / USD,BTC-USD
2020-11-24,18365.0,19348.3,18128.7,19107.5,51469565009,Bitcoin / USD,BTC-USD
2020-11-25,19104.4,19391.0,18581.1,18732.1,43710357371,Bitcoin / USD,BTC-USD
2020-11-26,18729.8,18866.3,16351.0,17150.6,61396835737,Bitcoin / USD,BTC-USD
2020-11-27,17153.9,17445.0,16526.4,17108.4,38886494645,Bitcoin / USD,BTC-USD
2020-11-28,17112.9,17853.9,16910.7,17717.4,32601040734,Bitcoin / USD,BTC-USD
2020-11-29,17719.6,18283.6,17559.1,18177.5,31133957704,Bitcoin / USD,BTC-USD
2020-11-30,18178.3,19749.3,18178.3,19625.8,47728480399,Bitcoin / USD,BTC-USD
2020-12-01,19633.8,19846.0,18321.9,18803.0,49633658712,Bitcoin / USD,BTC-USD
2020-12-02,18801.7,19308.3,18347.7,19201.1,37387697139,Bitcoin / USD,BTC-USD
2020-12-03,19205.9,19566.2,18925.8,19445.4,31930317405,Bitcoin / USD,BTC-USD
2020-12-04,19447.0,19511.4,18697.2,18699.8,33872388058,Bitcoin / USD,BTC-USD
2020-12-05,18698.4,19160.4,18590.2,19154.2,27242455064,Bitcoin / USD,BTC-USD
2020-12-06,19154.2,19390.5,18897.9,19345.1,25293775714,Bitcoin / USD,BTC-USD
2020-12-07,19343.1,19411.8,18931.1,19191.6,26896357742,Bitcoin / USD,BTC-USD
2020-12-08,19191.5,19283.5,18269.9,18321.1,31692288756,Bitcoin / USD,BTC-USD
2020-12-09,18320.9,18626.3,17935.5,18553.9,34420373071,Bitcoin / USD,BTC-USD
2020-12-10,18553.3,18553.3,17957.1,18265.0,25547132265,Bitcoin / USD,BTC-USD
2020-12-11,18263.9,18268.5,17619.5,18058.9,27919640985,Bitcoin / USD,BTC-USD
2020-12-12,18051.3,18919.6,18046.0,18803.7,21752580802,Bitcoin / USD,BTC-USD
2020-12-13,18806.8,19381.5,18734.3,19142.4,25450468637,Bitcoin / USD,BTC-USD
2020-12-14,19144.5,19305.1,19012.7,19246.6,22473997681,Bitcoin / USD,BTC-USD
2020-12-15,19246.9,19525.0,19079.8,19417.1,26741982541,Bitcoin / USD,BTC-USD
2020-12-16,19418.8,21458.9,19298.3,21310.6,44409011479,Bitcoin / USD,BTC-USD
2020-12-17,21308.4,23642.7,21234.7,22805.2,71378606374,Bitcoin / USD,BTC-USD
2020-12-18,22806.8,23238.6,22399.8,23138.0,40387896275,Bitcoin / USD,BTC-USD
2020-12-19,23132.9,24085.9,22826.5,23869.8,38487546580,Bitcoin / USD,BTC-USD
2020-12-20,23861.8,24209.7,23147.7,23477.3,37844228422,Bitcoin / USD,BTC-USD
2020-12-21,23474.5,24060.0,22159.4,22803.1,45852713981,Bitcoin / USD,BTC-USD
2020-12-22,22794.0,23789.9,22430.6,23783.0,44171632681,Bitcoin / USD,BTC-USD
2020-12-23,23782.0,24024.5,22802.6,23241.3,51146161904,Bitcoin / USD,BTC-USD
2020-12-24,23240.2,23768.3,22777.6,23735.9,41080759713,Bitcoin / USD,BTC-USD
2020-12-25,23733.6,24710.1,23463.7,24664.8,42068395846,Bitcoin / USD,BTC-USD
2020-12-26,24677.0,26718.1,24522.7,26437.0,48332647295,Bitcoin / USD,BTC-USD
2020-12-27,26439.4,28288.8,25922.8,26272.3,66479895605,Bitcoin / USD,BTC-USD
2020-12-28,26280.8,27389.1,26207.6,27084.8,49056742893,Bitcoin / USD,BTC-USD
2020-12-29,27081.8,27370.7,25987.3,27362.4,45265946774,Bitcoin / USD,BTC-USD
2020-12-30,27360.1,28937.7,27360.1,28841.0,51287442704,Bitcoin / USD,BTC-USD
2020-12-31,28841.6,29244.9,28202.0,29001.7,46754964848,Bitcoin / USD,BTC-USD
2021-01-01,28994.0,29600.6,28803.6,29374.2,40730301359,Bitcoin / USD,BTC-USD
2021-01-02,29376.5,33155.1,29091.2,32127.3,67865420765,Bitcoin / USD,BTC-USD
2021-01-03,32129.4,34608.6,32052.3,32782.0,78665235202,Bitcoin / USD,BTC-USD
2021-01-04,32810.9,33440.2,28722.8,31971.9,81163475344,Bitcoin / USD,BTC-USD
2021-01-05,31977.0,34437.6,30221.2,33992.4,67547324782,Bitcoin / USD,BTC-USD
2021-01-06,34013.6,36879.7,33514.0,36824.4,75289433811,Bitcoin / USD,BTC-USD
2021-01-07,36833.9,40180.4,36491.2,39371.0,84762141031,Bitcoin / USD,BTC-USD
2021-01-08,39381.8,41946.7,36838.6,40797.6,88107519480,Bitcoin / USD,BTC-USD
2021-01-09,40788.6,41436.4,38980.9,40254.5,61984162837,Bitcoin / USD,BTC-USD
2021-01-10,40254.2,41420.2,35984.6,38356.4,79980747690,Bitcoin / USD,BTC-USD
2021-01-11,38346.5,38346.5,30549.6,35566.7,123320567399,Bitcoin / USD,BTC-USD
2021-01-12,35516.4,36568.5,32698.0,33923.0,74773277909,Bitcoin / USD,BTC-USD
2021-01-13,33915.1,37600.0,32584.7,37316.4,69364315979,Bitcoin / USD,BTC-USD
2021-01-14,37325.1,39966.4,36868.6,39187.3,63615990033,Bitcoin / USD,BTC-USD
2021-01-15,39156.7,39577.7,34659.6,36825.4,67760757881,Bitcoin / USD,BTC-USD
2021-01-16,36821.6,37864.4,35633.6,36178.1,57706187875,Bitcoin / USD,BTC-USD
2021-01-17,36163.6,36722.4,34069.3,35791.3,52359854336,Bitcoin / USD,BTC-USD
2021-01-18,35792.2,37299.3,34883.8,36630.1,49511702429,Bitcoin / USD,BTC-USD
2021-01-19,36642.2,37755.9,36069.8,36069.8,57244195486,Bitcoin / USD,BTC-USD
2021-01-20,36050.1,36378.3,33570.5,35547.8,66834573161,Bitcoin / USD,BTC-USD
2021-01-21,35549.4,35552.7,30250.8,30825.7,75643067688,Bitcoin / USD,BTC-USD
2021-01-22,30817.6,33811.9,28953.4,33005.8,77207272511,Bitcoin / USD,BTC-USD
2021-01-23,32985.8,33361.0,31493.2,32067.6,48354737975,Bitcoin / USD,BTC-USD
2021-01-24,32064.4,32944.0,31106.7,32289.4,48643830599,Bitcoin / USD,BTC-USD
2021-01-25,32285.8,34802.7,32087.8,32366.4,59897054838,Bitcoin / USD,BTC-USD
2021-01-26,32358.6,32794.6,31030.3,32569.8,60255421470,Bitcoin / USD,BTC-USD
2021-01-27,32564.0,32564.0,29367.1,30432.5,62576762015,Bitcoin / USD,BTC-USD
2021-01-28,30441.0,33858.3,30023.2,33466.1,76517157706,Bitcoin / USD,BTC-USD
2021-01-29,34318.7,38406.3,32064.8,34316.4,117894572511,Bitcoin / USD,BTC-USD
2021-01-30,34295.9,34834.7,32940.2,34269.5,65141828798,Bitcoin / USD,BTC-USD
2021-01-31,34270.9,34288.3,32270.2,33114.4,52754542671,Bitcoin / USD,BTC-USD
2021-02-01,33114.6,34638.2,32384.2,33537.2,61400400660,Bitcoin / USD,BTC-USD
2021-02-02,33533.2,35896.9,33489.2,35510.3,63088585433,Bitcoin / USD,BTC-USD
2021-02-03,35510.8,37480.2,35444.0,37472.1,61166818159,Bitcoin / USD,BTC-USD
2021-02-04,37475.1,38592.2,36317.5,36926.1,68838074392,Bitcoin / USD,BTC-USD
2021-02-05,36931.5,38225.9,36658.8,38144.3,58598066402,Bitcoin / USD,BTC-USD
2021-02-06,38138.4,40846.5,38138.4,39266.0,71326033653,Bitcoin / USD,BTC-USD
2021-02-07,39250.2,39621.8,37446.2,38903.4,65500641143,Bitcoin / USD,BTC-USD
2021-02-08,38886.8,46203.9,38076.3,46196.5,101467222687,Bitcoin / USD,BTC-USD
2021-02-09,46185.0,48003.7,45167.0,46481.1,91809846886,Bitcoin / USD,BTC-USD
2021-02-10,46469.8,47145.6,43881.2,44918.2,87301089896,Bitcoin / USD,BTC-USD
2021-02-11,44898.7,48463.5,44187.8,47909.3,81388911810,Bitcoin / USD,BTC-USD
2021-02-12,47877.0,48745.7,46425.0,47504.9,76555041196,Bitcoin / USD,BTC-USD
2021-02-13,47491.2,48047.7,46392.3,47105.5,70250456155,Bitcoin / USD,BTC-USD
2021-02-14,47114.5,49487.6,47114.5,48717.3,71248675228,Bitcoin / USD,BTC-USD
2021-02-15,48696.5,48875.6,46347.5,47945.1,77069903166,Bitcoin / USD,BTC-USD
2021-02-16,47944.5,50341.1,47201.3,49199.9,77049582886,Bitcoin / USD,BTC-USD
2021-02-17,49207.3,52533.9,49072.4,52149.0,80820545404,Bitcoin / USD,BTC-USD
2021-02-18,52141.0,52474.1,51015.8,51679.8,52054723579,Bitcoin / USD,BTC-USD
2021-02-19,51676.0,56113.7,50937.3,55888.1,63495496918,Bitcoin / USD,BTC-USD
2021-02-20,55887.3,57505.2,54626.6,56099.5,68145460026,Bitcoin / USD,BTC-USD
2021-02-21,56068.6,58330.6,55672.6,57539.9,51897585191,Bitcoin / USD,BTC-USD
2021-02-22,57532.7,57533.4,48967.6,54207.3,92052420332,Bitcoin / USD,BTC-USD
2021-02-23,54204.9,54204.9,45290.6,48824.4,106102492824,Bitcoin / USD,BTC-USD
2021-02-24,48835.1,51290.1,47213.5,49705.3,63695521388,Bitcoin / USD,BTC-USD
2021-02-25,49709.1,51949.0,47093.9,47093.9,54506565949,Bitcoin / USD,BTC-USD
2021-02-26,47180.5,48370.8,44454.8,46339.8,350967941479,Bitcoin / USD,BTC-USD
2021-02-27,46344.8,48253.3,45269.0,46188.5,45910946382,Bitcoin / USD,BTC-USD
2021-02-28,46194.0,46716.4,43241.6,45137.8,53443887451,Bitcoin / USD,BTC-USD
2021-03-01,45159.5,49784.0,45115.1,49631.2,53891300112,Bitcoin / USD,BTC-USD
2021-03-02,49612.1,50127.5,47228.8,48379.0,47530897720,Bitcoin / USD,BTC-USD
2021-03-03,48415.8,52535.1,48274.3,50538.2,53220811975,Bitcoin / USD,BTC-USD
2021-03-04,50522.3,51735.1,47656.9,48561.2,52343816680,Bitcoin / USD,BTC-USD
2021-03-05,48527.0,49396.4,46542.5,48927.3,48625928883,Bitcoin / USD,BTC-USD
2021-03-06,48899.2,49147.2,47257.5,48912.4,34363564661,Bitcoin / USD,BTC-USD
2021-03-07,48918.7,51384.4,48918.7,51206.7,43137459378,Bitcoin / USD,BTC-USD
2021-03-08,51174.1,52314.1,49506.1,52246.5,48597428048,Bitcoin / USD,BTC-USD
2021-03-09,52273.0,54824.1,51981.8,54824.1,50912227385,Bitcoin / USD,BTC-USD
2021-03-10,54824.0,57258.3,53290.9,56008.6,57295577614,Bitcoin / USD,BTC-USD
2021-03-11,55963.2,58091.1,54484.6,57805.1,56772343595,Bitcoin / USD,BTC-USD
2021-03-12,57821.2,57996.6,55376.6,57332.1,55689944702,Bitcoin / USD,BTC-USD
2021-03-13,57343.4,61683.9,56218.0,61243.1,60669829814,Bitcoin / USD,BTC-USD
2021-03-14,61221.1,61597.9,59302.3,59302.3,43901225564,Bitcoin / USD,BTC-USD
2021-03-15,59267.4,60541.0,55393.2,55907.2,66419369890,Bitcoin / USD,BTC-USD
2021-03-16,55840.8,56833.2,53555.0,56804.9,59749798599,Bitcoin / USD,BTC-USD
2021-03-17,56825.8,58969.8,54528.6,58870.9,60258313191,Bitcoin / USD,BTC-USD
2021-03-18,58893.1,60116.2,54253.6,57858.9,55746041000,Bitcoin / USD,BTC-USD
2021-03-19,57850.4,59498.4,56643.7,58346.7,49063873786,Bitcoin / USD,BTC-USD
2021-03-20,58332.3,60031.3,58213.3,58313.6,50361731222,Bitcoin / USD,BTC-USD
2021-03-21,58309.9,58767.9,56005.6,57523.4,51943414539,Bitcoin / USD,BTC-USD
2021-03-22,57517.9,58471.5,54288.2,54529.1,56521454974,Bitcoin / USD,BTC-USD
2021-03-23,54511.7,55985.4,53470.7,54738.9,56435023914,Bitcoin / USD,BTC-USD
2021-03-24,54710.5,57262.4,52514.3,52774.3,70567223787,Bitcoin / USD,BTC-USD
2021-03-25,52726.7,53392.4,50856.6,51704.2,67999812841,Bitcoin / USD,BTC-USD
2021-03-26,51683.0,55137.3,51579.9,55137.3,56652197978,Bitcoin / USD,BTC-USD
2021-03-27,55137.6,56568.2,54242.9,55973.5,47266542233,Bitcoin / USD,BTC-USD
2021-03-28,55974.9,56610.3,55071.1,55950.7,47686580918,Bitcoin / USD,BTC-USD
2021-03-29,55947.9,58342.1,55139.3,57750.2,57625587027,Bitcoin / USD,BTC-USD
2021-03-30,57750.1,59447.2,57251.6,58917.7,54414116432,Bitcoin / USD,BTC-USD
2021-03-31,58930.3,59930.0,57726.4,58918.8,65520826225,Bitcoin / USD,BTC-USD
2021-04-01,58926.6,59586.1,58505.3,59095.8,61669163792,Bitcoin / USD,BTC-USD
2021-04-02,59098.9,60267.2,58869.3,59384.3,58727860620,Bitcoin / USD,BTC-USD
2021-04-03,59397.4,60110.3,57603.9,57603.9,59641344484,Bitcoin / USD,BTC-USD
2021-04-04,57604.8,58913.7,57168.7,58758.6,50749662970,Bitcoin / USD,BTC-USD
2021-04-05,58760.9,59891.3,57694.8,59057.9,60706272115,Bitcoin / USD,BTC-USD
2021-04-06,59171.9,59479.6,57646.8,58192.4,66058027988,Bitcoin / USD,BTC-USD
2021-04-07,58186.5,58731.1,55604.0,56048.9,75645303584,Bitcoin / USD,BTC-USD
2021-04-08,56099.9,58338.7,55879.1,58324.0,53053855641,Bitcoin / USD,BTC-USD
2021-04-09,58326.6,58937.0,57807.9,58245.0,46655208546,Bitcoin / USD,BTC-USD
2021-04-10,58253.8,61276.7,58038.7,59793.2,58238470525,Bitcoin / USD,BTC-USD
2021-04-11,59846.2,60790.6,59289.8,60205.0,46280252580,Bitcoin / USD,BTC-USD
2021-04-12,60175.9,61253.0,59589.9,59893.5,51828688519,Bitcoin / USD,BTC-USD
2021-04-13,59890.0,63742.3,59870.0,63503.5,69983454362,Bitcoin / USD,BTC-USD
2021-04-14,63523.8,64863.1,61554.8,63109.7,77451779687,Bitcoin / USD,BTC-USD
2021-04-15,63075.2,63821.7,62209.0,63314.0,60954381579,Bitcoin / USD,BTC-USD
2021-04-16,63258.5,63594.7,60222.5,61572.8,84293007468,Bitcoin / USD,BTC-USD
2021-04-17,61529.9,62572.2,60361.4,60683.8,66138759198,Bitcoin / USD,BTC-USD
2021-04-18,60701.9,61057.5,52829.5,56216.2,97468872758,Bitcoin / USD,BTC-USD
2021-04-19,56191.6,57520.1,54368.6,55724.3,65344865159,Bitcoin / USD,BTC-USD
2021-04-20,55681.8,57062.1,53448.0,56473.0,67849323955,Bitcoin / USD,BTC-USD
2021-04-21,56471.1,56758.0,53695.5,53906.1,54926612466,Bitcoin / USD,BTC-USD
2021-04-22,53857.1,55410.2,50583.8,51762.3,74798630778,Bitcoin / USD,BTC-USD
2021-04-23,51739.8,52120.8,47714.7,51093.7,86668667320,Bitcoin / USD,BTC-USD
2021-04-24,51143.2,51167.6,48805.3,50050.9,49014494781,Bitcoin / USD,BTC-USD
2021-04-25,50052.8,50506.0,47159.5,49004.3,46117114240,Bitcoin / USD,BTC-USD
2021-04-26,49077.8,54288.0,48852.8,54021.8,58284039825,Bitcoin / USD,BTC-USD
2021-04-27,54030.3,55417.0,53319.2,55033.1,49448222757,Bitcoin / USD,BTC-USD
2021-04-28,55036.6,56227.2,53887.9,54824.7,48000572955,Bitcoin / USD,BTC-USD
2021-04-29,54858.1,55115.8,52418.0,53555.1,46088929780,Bitcoin / USD,BTC-USD
2021-04-30,53568.7,57900.7,53129.6,57750.2,52395931985,Bitcoin / USD,BTC-USD
2021-05-01,57714.7,58448.3,57052.3,57828.1,42836427360,Bitcoin / USD,BTC-USD
2021-05-02,57825.9,57902.6,56141.9,56631.1,38177405335,Bitcoin / USD,BTC-USD
2021-05-03,56620.3,58973.3,56590.9,57200.3,51713139031,Bitcoin / USD,BTC-USD
2021-05-04,57214.2,57214.2,53191.4,53333.5,68564706967,Bitcoin / USD,BTC-USD
2021-05-05,53252.2,57911.4,52969.1,57424.0,69241316747,Bitcoin / USD,BTC-USD
2021-05-06,57441.3,58363.3,55382.5,56396.5,69523285106,Bitcoin / USD,BTC-USD
2021-05-07,56414.0,58606.6,55321.8,57356.4,68434023376,Bitcoin / USD,BTC-USD
2021-05-08,57352.8,59464.6,56975.2,58803.8,65382980634,Bitcoin / USD,BTC-USD
2021-05-09,58877.4,59210.9,56482.0,58232.3,65906690347,Bitcoin / USD,BTC-USD
2021-05-10,58250.9,59519.4,54071.5,55859.8,71776546298,Bitcoin / USD,BTC-USD
2021-05-11,55847.2,56872.5,54608.7,56704.6,61308396325,Bitcoin / USD,BTC-USD
2021-05-12,56714.5,57939.4,49150.5,49150.5,75215403907,Bitcoin / USD,BTC-USD
2021-05-13,49735.4,51330.8,46980.0,49716.2,96721152926,Bitcoin / USD,BTC-USD
2021-05-14,49683.0,51438.1,48868.6,49880.5,55737497453,Bitcoin / USD,BTC-USD
2021-05-15,49855.5,50639.7,46664.1,46760.2,59161047474,Bitcoin / USD,BTC-USD
2021-05-16,46716.6,49720.0,43963.4,46456.1,64047871555,Bitcoin / USD,BTC-USD
2021-05-17,46415.9,46623.6,42207.3,43537.5,74903638450,Bitcoin / USD,BTC-USD
2021-05-18,43488.1,45812.5,42367.8,42909.4,56187365084,Bitcoin / USD,BTC-USD
2021-05-19,42945.0,43546.1,30681.5,37002.4,126358098747,Bitcoin / USD,BTC-USD
2021-05-20,36753.7,42463.0,35050.6,40782.7,88281943359,Bitcoin / USD,BTC-USD
2021-05-21,40596.9,42172.2,33616.5,37304.7,82051616861,Bitcoin / USD,BTC-USD
2021-05-22,37371.0,38831.1,35383.7,37536.6,57377273240,Bitcoin / USD,BTC-USD
2021-05-23,37531.4,38289.2,31227.3,34770.6,78469274361,Bitcoin / USD,BTC-USD
2021-05-24,34700.4,39835.1,34551.1,38706.0,67359584098,Bitcoin / USD,BTC-USD
2021-05-25,38795.8,39776.4,36581.4,38402.2,56211915803,Bitcoin / USD,BTC-USD
2021-05-26,38392.6,40782.1,37905.8,39294.2,51346735160,Bitcoin / USD,BTC-USD
2021-05-27,39316.9,40379.6,37247.9,38437.0,43210968721,Bitcoin / USD,BTC-USD
2021-05-28,38507.1,38857.0,34779.0,35697.6,55200191952,Bitcoin / USD,BTC-USD
2021-05-29,35684.2,37234.5,33693.9,34616.1,45231013335,Bitcoin / USD,BTC-USD
2021-05-30,34607.4,36400.7,33520.7,35678.1,31646080921,Bitcoin / USD,BTC-USD
2021-05-31,35658.6,37468.2,34241.9,37332.9,39009847639,Bitcoin / USD,BTC-USD
2021-06-01,37293.8,37896.7,35787.1,36684.9,34639423297,Bitcoin / USD,BTC-USD
2021-06-02,36699.9,38231.3,35966.3,37575.2,33070867190,Bitcoin / USD,BTC-USD
2021-06-03,37599.4,39479.0,37244.0,39208.8,35460750427,Bitcoin / USD,BTC-USD
2021-06-04,39242.5,39242.5,35717.7,36894.4,41831090187,Bitcoin / USD,BTC-USD
2021-06-05,36880.2,37917.7,34900.4,35552.0,35959473399,Bitcoin / USD,BTC-USD
2021-06-06,35538.6,36436.4,35304.6,35862.4,28913440585,Bitcoin / USD,BTC-USD
2021-06-07,35835.3,36790.6,33480.6,33560.7,33683936663,Bitcoin / USD,BTC-USD
2021-06-08,33589.5,34017.4,31114.4,33472.6,49902050442,Bitcoin / USD,BTC-USD
2021-06-09,33417.0,37537.4,32475.9,37345.1,53972919008,Bitcoin / USD,BTC-USD
2021-06-10,37389.5,38334.3,35847.6,36702.6,43576032854,Bitcoin / USD,BTC-USD
2021-06-11,36697.0,37608.7,36044.4,37334.4,38699736985,Bitcoin / USD,BTC-USD
2021-06-12,37340.1,37408.9,34728.2,35552.5,37924228550,Bitcoin / USD,BTC-USD
2021-06-13,35555.8,39322.8,34864.1,39097.9,40669112838,Bitcoin / USD,BTC-USD
2021-06-14,39017.0,40978.4,38757.3,40218.5,43148914673,Bitcoin / USD,BTC-USD
2021-06-15,40427.2,41295.3,39609.5,40406.3,46420149185,Bitcoin / USD,BTC-USD
2021-06-16,40168.7,40516.8,38176.0,38347.1,39211635100,Bitcoin / USD,BTC-USD
2021-06-17,38341.4,39513.7,37439.7,38053.5,37096670047,Bitcoin / USD,BTC-USD
2021-06-18,38099.5,38187.3,35255.9,35787.2,36200887275,Bitcoin / USD,BTC-USD
2021-06-19,35854.5,36457.8,34933.1,35615.9,31207279719,Bitcoin / USD,BTC-USD
2021-06-20,35563.1,36059.5,33432.1,35698.3,36664034054,Bitcoin / USD,BTC-USD
2021-06-21,35641.1,35721.6,31295.9,31676.7,52809038594,Bitcoin / USD,BTC-USD
2021-06-22,31622.4,33292.5,28893.6,32505.7,58964353058,Bitcoin / USD,BTC-USD
2021-06-23,32515.7,34753.4,31772.6,33723.0,46317108925,Bitcoin / USD,BTC-USD
2021-06-24,33682.8,35228.9,32385.2,34662.4,33123368116,Bitcoin / USD,BTC-USD
2021-06-25,34659.1,35487.2,31350.9,31637.8,40230904226,Bitcoin / USD,BTC-USD
2021-06-26,31594.7,32637.6,30184.5,32186.3,38585385521,Bitcoin / USD,BTC-USD
2021-06-27,32287.5,34656.1,32071.8,34649.6,35511640894,Bitcoin / USD,BTC-USD
2021-06-28,34679.1,35219.9,33902.1,34434.3,33892523752,Bitcoin / USD,BTC-USD
2021-06-29,34475.6,36542.1,34252.5,35867.8,37901460044,Bitcoin / USD,BTC-USD
2021-06-30,35908.4,36074.8,34086.2,35040.8,34059036099,Bitcoin / USD,BTC-USD
2021-07-01,35036.0,35036.0,32883.8,33572.1,37838957079,Bitcoin / USD,BTC-USD
2021-07-02,33549.6,33939.6,32770.7,33897.0,38728974942,Bitcoin / USD,BTC-USD
2021-07-03,33854.4,34909.3,33402.7,34668.5,24383958643,Bitcoin / USD,BTC-USD
2021-07-04,34665.6,35937.6,34396.5,35287.8,24924307911,Bitcoin / USD,BTC-USD
2021-07-05,35284.3,35284.3,33213.7,33746.0,26721554282,Bitcoin / USD,BTC-USD
2021-07-06,33723.5,35038.5,33599.9,34235.2,26501259870,Bitcoin / USD,BTC-USD
2021-07-07,34225.7,34997.7,33839.3,33855.3,24796027477,Bitcoin / USD,BTC-USD
2021-07-08,33889.6,33907.9,32133.2,32877.4,29910396946,Bitcoin / USD,BTC-USD
2021-07-09,32861.7,34042.3,32318.9,33798.0,27436021028,Bitcoin / USD,BTC-USD
2021-07-10,33811.2,34209.1,33116.0,33520.5,22971873468,Bitcoin / USD,BTC-USD
2021-07-11,33509.1,34584.7,33346.7,34240.2,20108729370,Bitcoin / USD,BTC-USD
2021-07-12,34254.0,34592.2,32697.3,33155.8,24321499537,Bitcoin / USD,BTC-USD
2021-07-13,33125.5,33327.1,32261.4,32702.0,19120856669,Bitcoin / USD,BTC-USD
2021-07-14,32723.8,33061.4,31639.1,32822.3,21376531210,Bitcoin / USD,BTC-USD
2021-07-15,32827.9,33159.6,31175.7,31780.7,21300524237,Bitcoin / USD,BTC-USD
2021-07-16,31841.6,32218.4,31100.7,31421.5,23699476918,Bitcoin / USD,BTC-USD
2021-07-17,31397.3,31935.9,31224.0,31533.1,18895018942,Bitcoin / USD,BTC-USD
2021-07-18,31533.9,32399.0,31215.5,31796.8,18787986667,Bitcoin / USD,BTC-USD
2021-07-19,31800.0,31885.9,30563.7,30817.8,20434789545,Bitcoin / USD,BTC-USD
2021-07-20,30838.3,31006.2,29361.0,29807.3,23148267245,Bitcoin / USD,BTC-USD
2021-07-21,29796.3,32752.3,29526.2,32110.7,28203024559,Bitcoin / USD,BTC-USD
2021-07-22,32138.9,32576.4,31745.3,32313.1,19555230518,Bitcoin / USD,BTC-USD
2021-07-23,32306.0,33581.6,32057.9,33581.6,22552046192,Bitcoin / USD,BTC-USD
2021-07-24,33593.7,34490.4,33424.9,34292.4,21664706865,Bitcoin / USD,BTC-USD
2021-07-25,34290.3,35364.9,33881.8,35350.2,20856685287,Bitcoin / USD,BTC-USD
2021-07-26,35384.0,40499.7,35287.3,37337.5,51022126212,Bitcoin / USD,BTC-USD
2021-07-27,37276.0,39406.9,36441.7,39406.9,35097370560,Bitcoin / USD,BTC-USD
2021-07-28,39503.2,40816.1,38862.4,39995.9,38702404695,Bitcoin / USD,BTC-USD
2021-07-29,39995.5,40593.1,39352.1,40008.4,27167146027,Bitcoin / USD,BTC-USD
2021-07-30,40027.5,42235.5,38397.4,42235.5,33072782960,Bitcoin / USD,BTC-USD
2021-07-31,42196.3,42231.4,41110.8,41626.2,25802845343,Bitcoin / USD,BTC-USD
2021-08-01,41460.8,42541.7,39540.9,39974.9,26688438115,Bitcoin / USD,BTC-USD
2021-08-02,39907.3,40419.2,38746.3,39201.9,25595265436,Bitcoin / USD,BTC-USD
2021-08-03,39178.4,39750.0,37782.1,38153.0,26189830450,Bitcoin / USD,BTC-USD
2021-08-04,38213.3,39952.3,37589.2,39747.5,25372562724,Bitcoin / USD,BTC-USD
2021-08-05,39744.5,41341.9,37458.0,40869.6,35185031017,Bitcoin / USD,BTC-USD
2021-08-06,40865.9,43271.7,39932.2,42816.5,38226483046,Bitcoin / USD,BTC-USD
2021-08-07,42832.8,44689.9,42618.6,44555.8,40030862141,Bitcoin / USD,BTC-USD
2021-08-08,44574.4,45282.4,43331.9,43798.1,36302664750,Bitcoin / USD,BTC-USD
2021-08-09,43791.9,46456.8,42848.7,46365.4,38734079049,Bitcoin / USD,BTC-USD
2021-08-10,46280.8,46638.0,44705.6,45585.0,33546019517,Bitcoin / USD,BTC-USD
2021-08-11,45599.7,46735.6,45351.7,45593.6,34319709073,Bitcoin / USD,BTC-USD
2021-08-12,45576.9,46228.9,43861.4,44428.3,33723620826,Bitcoin / USD,BTC-USD
2021-08-13,44439.7,47832.0,44282.4,47793.3,31744259539,Bitcoin / USD,BTC-USD
2021-08-14,47810.7,48098.7,46177.6,47096.9,31211354442,Bitcoin / USD,BTC-USD
2021-08-15,47096.7,47357.1,45579.6,47047.0,30988958446,Bitcoin / USD,BTC-USD
2021-08-16,47020.0,47998.1,45700.3,46004.5,32776876610,Bitcoin / USD,BTC-USD
2021-08-17,45936.5,47139.6,44512.4,44695.4,33451362600,Bitcoin / USD,BTC-USD
2021-08-18,44686.8,45952.1,44364.0,44801.2,32194123075,Bitcoin / USD,BTC-USD
2021-08-19,44741.9,46970.8,43998.3,46717.6,37204312299,Bitcoin / USD,BTC-USD
2021-08-20,46723.1,49342.2,46650.7,49339.2,34706867452,Bitcoin / USD,BTC-USD
2021-08-21,49327.1,49717.0,48312.2,48905.5,40585205312,Bitcoin / USD,BTC-USD
2021-08-22,48869.1,49471.6,48199.9,49321.7,25370975378,Bitcoin / USD,BTC-USD
2021-08-23,49291.7,50482.1,49074.6,49546.1,34305053719,Bitcoin / USD,BTC-USD
2021-08-24,49562.3,49878.8,47687.1,47706.1,35361168834,Bitcoin / USD,BTC-USD
2021-08-25,47727.3,49202.9,47163.6,48960.8,32646349931,Bitcoin / USD,BTC-USD
2021-08-26,49002.6,49347.6,46405.8,46942.2,32666549568,Bitcoin / USD,BTC-USD
2021-08-27,46894.6,49112.8,46394.3,49058.7,34511076995,Bitcoin / USD,BTC-USD
2021-08-28,49072.6,49283.5,48499.2,48902.4,28568103401,Bitcoin / USD,BTC-USD
2021-08-29,48911.2,49644.1,47925.9,48829.8,25889650240,Bitcoin / USD,BTC-USD
2021-08-30,48834.9,48925.6,46950.3,47055.0,31847007016,Bitcoin / USD,BTC-USD
2021-08-31,47024.3,48189.6,46750.1,47166.7,34730363427,Bitcoin / USD,BTC-USD
2021-09-01,47099.8,49111.1,46562.4,48847.0,39139399125,Bitcoin / USD,BTC-USD
2021-09-02,48807.8,50343.4,48652.3,49327.7,39508070319,Bitcoin / USD,BTC-USD
2021-09-03,49288.2,50982.3,48386.1,50025.4,43206179619,Bitcoin / USD,BTC-USD
2021-09-04,50009.3,50545.6,49548.8,49944.6,37471327794,Bitcoin / USD,BTC-USD
2021-09-05,49937.9,51868.7,49538.6,51753.4,30322676319,Bitcoin / USD,BTC-USD
2021-09-06,51769.0,52700.9,51053.7,52633.5,38884105426,Bitcoin / USD,BTC-USD
2021-09-07,52660.5,52853.8,43285.2,46811.1,65210059683,Bitcoin / USD,BTC-USD
2021-09-08,46827.8,47334.1,44561.4,46091.4,49007762488,Bitcoin / USD,BTC-USD
2021-09-09,45774.7,47261.9,45669.7,46391.4,38672657013,Bitcoin / USD,BTC-USD
2021-09-10,46396.7,47031.7,44344.5,44883.9,39154666597,Bitcoin / USD,BTC-USD
2021-09-11,44869.8,45969.3,44818.3,45201.5,34499835245,Bitcoin / USD,BTC-USD
2021-09-12,45206.6,46364.9,44790.5,46063.3,27881980161,Bitcoin / USD,BTC-USD
2021-09-13,46057.2,46598.7,43591.3,44963.1,40969943253,Bitcoin / USD,BTC-USD
2021-09-14,44960.1,47218.1,44752.3,47092.5,38652152880,Bitcoin / USD,BTC-USD
2021-09-15,47098.0,48450.5,46773.3,48176.3,30484496466,Bitcoin / USD,BTC-USD
2021-09-16,48158.9,48486.8,47079.6,47783.4,31764293754,Bitcoin / USD,BTC-USD
2021-09-17,47771.0,48160.9,46832.5,47267.5,28727713711,Bitcoin / USD,BTC-USD
2021-09-18,47273.5,48791.8,47087.3,48278.4,28575630451,Bitcoin / USD,BTC-USD
2021-09-19,48268.9,48328.4,46919.8,47260.2,26967722648,Bitcoin / USD,BTC-USD
2021-09-20,47261.4,47328.2,42598.9,42843.8,43909845642,Bitcoin / USD,BTC-USD
2021-09-21,43012.2,43607.6,39787.6,40693.7,48701090088,Bitcoin / USD,BTC-USD
2021-09-22,40678.0,43978.6,40625.6,43574.5,38139709246,Bitcoin / USD,BTC-USD
2021-09-23,43560.3,44942.2,43109.3,44895.1,34244064430,Bitcoin / USD,BTC-USD
2021-09-24,44894.3,45080.5,40936.6,42839.8,42839345714,Bitcoin / USD,BTC-USD
2021-09-25,42840.9,42996.3,41759.9,42716.6,31604717236,Bitcoin / USD,BTC-USD
2021-09-26,42721.6,43919.3,40848.5,43208.5,30661222077,Bitcoin / USD,BTC-USD
2021-09-27,43234.2,44313.2,42190.6,42235.7,30980029059,Bitcoin / USD,BTC-USD
2021-09-28,42200.9,42775.1,40931.7,41034.5,30214940550,Bitcoin / USD,BTC-USD
2021-09-29,41065.0,42545.3,40829.7,41564.4,30602359905,Bitcoin / USD,BTC-USD
2021-09-30,41551.3,44092.6,41444.6,43790.9,31141681925,Bitcoin / USD,BTC-USD
2021-10-01,43816.7,48436.0,43320.0,48116.9,42850641582,Bitcoin / USD,BTC-USD
2021-10-02,48137.5,48282.1,47465.5,47711.5,30614346492,Bitcoin / USD,BTC-USD
2021-10-03,47680.0,49130.7,47157.3,48200.0,26638115879,Bitcoin / USD,BTC-USD
2021-10-04,48208.9,49456.8,47045.0,49112.9,33383173002,Bitcoin / USD,BTC-USD
2021-10-05,49175.0,51840.0,49072.8,51514.8,35873904236,Bitcoin / USD,BTC-USD
2021-10-06,51486.7,55568.5,50488.2,55361.4,49034730168,Bitcoin / USD,BTC-USD
2021-10-07,55338.6,55338.6,53525.5,53806.0,36807860413,Bitcoin / USD,BTC-USD
2021-10-08,53802.1,55923.0,53688.1,53967.8,34800873924,Bitcoin / USD,BTC-USD
2021-10-09,53929.8,55397.9,53735.1,54968.2,32491211414,Bitcoin / USD,BTC-USD
2021-10-10,54952.8,56401.3,54264.3,54771.6,39527792364,Bitcoin / USD,BTC-USD
2021-10-11,54734.1,57793.0,54519.8,57484.8,42637331698,Bitcoin / USD,BTC-USD
2021-10-12,57526.8,57627.9,54478.0,56041.1,41083758949,Bitcoin / USD,BTC-USD
2021-10-13,56038.3,57688.7,54371.0,57401.1,41684252783,Bitcoin / USD,BTC-USD
2021-10-14,57372.8,58478.7,56957.1,57321.5,36615791366,Bitcoin / USD,BTC-USD
2021-10-15,57345.9,62757.1,56868.1,61593.9,51780081801,Bitcoin / USD,BTC-USD
2021-10-16,61609.5,62274.5,60206.1,60892.2,34250964237,Bitcoin / USD,BTC-USD
2021-10-17,60887.7,61645.5,59164.5,61553.6,29032367511,Bitcoin / USD,BTC-USD
2021-10-18,61548.8,62614.7,60012.8,62026.1,38055562075,Bitcoin / USD,BTC-USD
2021-10-19,62043.2,64434.5,61622.9,64262.0,40471196346,Bitcoin / USD,BTC-USD
2021-10-20,64284.6,66930.4,63610.7,65992.8,40788955582,Bitcoin / USD,BTC-USD
2021-10-21,66002.2,66600.5,62117.4,62210.2,45908121370,Bitcoin / USD,BTC-USD
2021-10-22,62237.9,63715.0,60122.8,60692.3,38434082775,Bitcoin / USD,BTC-USD
2021-10-23,60694.6,61743.9,59826.5,61393.6,26882546034,Bitcoin / USD,BTC-USD
2021-10-24,61368.3,61505.8,59643.3,60930.8,27316183882,Bitcoin / USD,BTC-USD
2021-10-25,60893.9,63729.3,60691.8,63039.8,31064911614,Bitcoin / USD,BTC-USD
2021-10-26,63032.8,63229.0,59991.2,60363.8,34878965587,Bitcoin / USD,BTC-USD
2021-10-27,60352.0,61435.2,58208.2,58482.4,43657076893,Bitcoin / USD,BTC-USD
2021-10-28,58470.7,62128.6,58206.9,60622.1,45257083247,Bitcoin / USD,BTC-USD
2021-10-29,60624.9,62927.6,60330.0,62228.0,36856881767,Bitcoin / USD,BTC-USD
2021-10-30,62239.4,62330.1,60918.4,61888.8,32157938616,Bitcoin / USD,BTC-USD
2021-10-31,61850.5,62406.2,60074.3,61319.0,32241199927,Bitcoin / USD,BTC-USD
2021-11-01,61320.4,62419.0,59695.2,61004.4,36150572843,Bitcoin / USD,BTC-USD
2021-11-02,60963.3,64242.8,60673.1,63226.4,37746665647,Bitcoin / USD,BTC-USD
2021-11-03,63254.3,63516.9,61184.2,62970.0,36124731509,Bitcoin / USD,BTC-USD
2021-11-04,62941.8,63123.3,60799.7,61452.2,32615846901,Bitcoin / USD,BTC-USD
2021-11-05,61460.1,62541.5,60844.6,61125.7,30605102446,Bitcoin / USD,BTC-USD
2021-11-06,61068.9,61590.7,60163.8,61527.5,29094934221,Bitcoin / USD,BTC-USD
2021-11-07,61554.9,63327.0,61432.5,63327.0,24726754302,Bitcoin / USD,BTC-USD
2021-11-08,63344.1,67673.7,63344.1,67566.8,41125608330,Bitcoin / USD,BTC-USD
2021-11-09,67549.7,68530.3,66382.1,66971.8,42357991721,Bitcoin / USD,BTC-USD
2021-11-10,66953.3,68789.6,63208.1,64995.2,48730828378,Bitcoin / USD,BTC-USD
2021-11-11,64978.9,65579.0,64180.5,64950.0,35880633236,Bitcoin / USD,BTC-USD
2021-11-12,64864.0,65460.8,62333.9,64155.9,36084893887,Bitcoin / USD,BTC-USD
2021-11-13,64158.1,64915.7,63303.7,64469.5,30474228777,Bitcoin / USD,BTC-USD
2021-11-14,64455.4,65495.2,63647.8,65466.8,25122092191,Bitcoin / USD,BTC-USD
2021-11-15,65521.3,66281.6,63548.1,63557.9,30558763548,Bitcoin / USD,BTC-USD
2021-11-16,63721.2,63721.2,59016.3,60161.2,46844335592,Bitcoin / USD,BTC-USD
2021-11-17,60139.6,60823.6,58515.4,60368.0,39178392930,Bitcoin / USD,BTC-USD
2021-11-18,60360.1,60948.5,56550.8,56942.1,41388338699,Bitcoin / USD,BTC-USD
2021-11-19,56896.1,58351.1,55705.2,58119.6,38702407772,Bitcoin / USD,BTC-USD
2021-11-20,58115.1,59859.9,57469.7,59697.2,30624264863,Bitcoin / USD,BTC-USD
2021-11-21,59730.5,60004.4,58618.9,58730.5,26123447605,Bitcoin / USD,BTC-USD
2021-11-22,58706.8,59266.4,55679.8,56289.3,35036121783,Bitcoin / USD,BTC-USD
2021-11-23,56304.6,57875.5,55632.8,57569.1,37485803899,Bitcoin / USD,BTC-USD
2021-11-24,57565.9,57803.1,55964.2,56280.4,36635566789,Bitcoin / USD,BTC-USD
2021-11-25,57165.4,59368.0,57146.7,57274.7,34284016248,Bitcoin / USD,BTC-USD
2021-11-26,58960.3,59183.5,53569.8,53569.8,41810748221,Bitcoin / USD,BTC-USD
2021-11-27,53736.4,55329.3,53668.4,54815.1,30560857714,Bitcoin / USD,BTC-USD
2021-11-28,54813.0,57393.8,53576.7,57248.5,28116886357,Bitcoin / USD,BTC-USD
2021-11-29,57291.9,58872.9,56792.5,57806.6,32370840356,Bitcoin / USD,BTC-USD
2021-11-30,57830.1,59113.4,56057.3,57005.4,36708594618,Bitcoin / USD,BTC-USD
2021-12-01,56908.0,59041.7,56553.1,57229.8,36858195307,Bitcoin / USD,BTC-USD
2021-12-02,57217.4,57349.2,55895.1,56477.8,32379968686,Bitcoin / USD,BTC-USD
2021-12-03,56509.2,57482.2,52496.6,53598.2,39789134215,Bitcoin / USD,BTC-USD
2021-12-04,53727.9,53904.7,42874.6,49200.7,61385677469,Bitcoin / USD,BTC-USD
2021-12-05,49201.5,49768.1,47857.5,49368.8,37198201161,Bitcoin / USD,BTC-USD
2021-12-06,49413.5,50929.5,47281.0,50582.6,37707308001,Bitcoin / USD,BTC-USD
2021-12-07,50581.8,51934.8,50175.8,50700.1,33676814852,Bitcoin / USD,BTC-USD
2021-12-08,50667.6,51171.4,48766.0,50504.8,28479699446,Bitcoin / USD,BTC-USD
2021-12-09,50450.1,50797.2,47358.4,47672.1,29603577251,Bitcoin / USD,BTC-USD
2021-12-10,47642.1,50015.3,47023.7,47243.3,30966005122,Bitcoin / USD,BTC-USD
2021-12-11,47264.6,49458.2,46942.3,49362.5,25775869261,Bitcoin / USD,BTC-USD
2021-12-12,49354.9,50724.9,48725.9,50098.3,21939223599,Bitcoin / USD,BTC-USD
2021-12-13,50114.7,50205.0,45894.8,46737.5,32166727776,Bitcoin / USD,BTC-USD
2021-12-14,46709.8,48431.4,46424.5,46612.6,34638619079,Bitcoin / USD,BTC-USD
2021-12-15,48379.8,49474.0,46672.0,48896.7,36541828520,Bitcoin / USD,BTC-USD
2021-12-16,48900.5,49425.6,47529.9,47665.4,27268150947,Bitcoin / USD,BTC-USD
2021-12-17,47653.7,48004.9,45618.2,46202.1,32902725329,Bitcoin / USD,BTC-USD
2021-12-18,46219.3,47313.8,45598.4,46848.8,26098292690,Bitcoin / USD,BTC-USD
2021-12-19,46853.9,48089.7,46503.0,46707.0,25154053861,Bitcoin / USD,BTC-USD
2021-12-20,46707.1,47401.7,45579.8,46880.3,30961902129,Bitcoin / USD,BTC-USD
2021-12-21,46886.1,49300.9,46698.8,48936.6,27055803928,Bitcoin / USD,BTC-USD
2021-12-22,48937.1,49544.8,48450.9,48628.5,24447979559,Bitcoin / USD,BTC-USD
2021-12-23,48626.3,51332.3,48065.8,50784.5,28223878108,Bitcoin / USD,BTC-USD
2021-12-24,50806.1,51814.0,50514.5,50822.2,24367912228,Bitcoin / USD,BTC-USD
2021-12-25,50854.9,51176.6,50236.7,50429.9,19030650914,Bitcoin / USD,BTC-USD
2021-12-26,50428.7,51196.4,49623.1,50809.5,20964372926,Bitcoin / USD,BTC-USD
2021-12-27,50802.6,51956.3,50499.5,50640.4,24324345758,Bitcoin / USD,BTC-USD
2021-12-28,50679.9,50679.9,47414.2,47588.9,33430376883,Bitcoin / USD,BTC-USD
2021-12-29,47623.9,48119.7,46201.5,46444.7,30049226299,Bitcoin / USD,BTC-USD
2021-12-30,46490.6,47880.0,46060.3,47178.1,26686491018,Bitcoin / USD,BTC-USD
2021-12-31,47169.4,48472.5,45820.0,46306.4,36974172400,Bitcoin / USD,BTC-USD
2022-01-01,46311.7,47827.3,46288.5,47686.8,24582667004,Bitcoin / USD,BTC-USD
2022-01-02,47680.9,47881.4,46856.9,47345.2,27951569547,Bitcoin / USD,BTC-USD
2022-01-03,47343.5,47510.7,45836.0,46458.1,33071628362,Bitcoin / USD,BTC-USD
2022-01-04,46458.9,47406.5,45752.5,45897.6,42494677905,Bitcoin / USD,BTC-USD
2022-01-05,45899.4,46929.0,42798.2,43569.0,36851084859,Bitcoin / USD,BTC-USD
2022-01-06,43565.5,43748.7,42645.5,43160.9,30208048289,Bitcoin / USD,BTC-USD
2022-01-07,43153.6,43153.6,41077.4,41557.9,84196607520,Bitcoin / USD,BTC-USD
2022-01-08,41561.5,42228.9,40672.3,41733.9,28066355845,Bitcoin / USD,BTC-USD
2022-01-09,41734.7,42663.9,41338.2,41911.6,21294384372,Bitcoin / USD,BTC-USD
2022-01-10,41910.2,42199.5,39796.6,41821.3,32104232331,Bitcoin / USD,BTC-USD
2022-01-11,41819.5,43001.2,41407.8,42735.9,26327648900,Bitcoin / USD,BTC-USD
2022-01-12,42742.2,44135.4,42529.0,43949.1,33499938689,Bitcoin / USD,BTC-USD
2022-01-13,43946.7,44278.4,42447.0,42591.6,47691135082,Bitcoin / USD,BTC-USD
2022-01-14,42598.9,43346.7,41982.6,43099.7,23577403399,Bitcoin / USD,BTC-USD
2022-01-15,43101.9,43724.7,42669.0,43177.4,18371348298,Bitcoin / USD,BTC-USD
2022-01-16,43172.0,43436.8,42691.0,43113.9,17902097845,Bitcoin / USD,BTC-USD
2022-01-17,43118.1,43179.4,41680.3,42250.6,21690904261,Bitcoin / USD,BTC-USD
2022-01-18,42250.1,42534.4,41392.2,42375.6,22417209227,Bitcoin / USD,BTC-USD
2022-01-19,42374.0,42478.3,41242.9,41744.3,23091543258,Bitcoin / USD,BTC-USD
2022-01-20,41744.0,43413.0,40672.8,40680.4,20382033940,Bitcoin / USD,BTC-USD
2022-01-21,40699.6,41060.5,35791.4,36457.3,43011992031,Bitcoin / USD,BTC-USD
2022-01-22,36471.6,36688.8,34349.2,35030.2,39714385405,Bitcoin / USD,BTC-USD
2022-01-23,35047.4,36433.3,34785.0,36276.8,26017975951,Bitcoin / USD,BTC-USD
2022-01-24,36275.7,37247.5,33184.1,36654.3,41856658597,Bitcoin / USD,BTC-USD
2022-01-25,36654.8,37444.6,35779.4,36954.0,26428189594,Bitcoin / USD,BTC-USD
2022-01-26,36950.5,38825.4,36374.9,36852.1,31324598034,Bitcoin / USD,BTC-USD
2022-01-27,36841.9,37148.3,35629.3,37138.2,25041426629,Bitcoin / USD,BTC-USD
2022-01-28,37128.4,37952.9,36211.1,37784.3,22238830523,Bitcoin / USD,BTC-USD
2022-01-29,37780.7,38576.3,37406.5,38138.2,17194183075,Bitcoin / USD,BTC-USD
2022-01-30,38151.9,38266.3,37437.7,37917.6,14643548444,Bitcoin / USD,BTC-USD
2022-01-31,37920.3,38647.3,36733.6,38483.1,20734730465,Bitcoin / USD,BTC-USD
2022-02-01,38481.8,39115.1,38113.7,38743.3,20288500328,Bitcoin / USD,BTC-USD
2022-02-02,38743.7,38834.6,36832.7,36953.0,19155189416,Bitcoin / USD,BTC-USD
2022-02-03,36944.8,37154.6,36375.5,37154.6,18591534769,Bitcoin / USD,BTC-USD
2022-02-04,37149.3,41527.8,37093.6,41500.9,29412210792,Bitcoin / USD,BTC-USD
2022-02-05,41501.5,41847.2,41038.1,41441.2,19652846215,Bitcoin / USD,BTC-USD
2022-02-06,41441.1,42500.8,41244.9,42412.4,16142097334,Bitcoin / USD,BTC-USD
2022-02-07,42406.8,44401.9,41748.2,43840.3,28641855926,Bitcoin / USD,BTC-USD
2022-02-08,43854.7,45293.9,42807.8,44118.4,33079398868,Bitcoin / USD,BTC-USD
2022-02-09,44096.7,44727.8,43233.0,44338.8,23245887300,Bitcoin / USD,BTC-USD
2022-02-10,44347.8,45661.2,43402.8,43565.1,32142048537,Bitcoin / USD,BTC-USD
2022-02-11,43571.1,43810.8,42114.5,42407.9,26954925781,Bitcoin / USD,BTC-USD
2022-02-12,42412.3,42992.6,41852.6,42244.5,18152390304,Bitcoin / USD,BTC-USD
2022-02-13,42236.6,42693.1,41950.9,42197.5,14741589015,Bitcoin / USD,BTC-USD
2022-02-14,42157.4,42775.8,41682.0,42586.9,20827783012,Bitcoin / USD,BTC-USD
2022-02-15,42586.5,44667.2,42491.0,44575.2,22721659051,Bitcoin / USD,BTC-USD
2022-02-16,44578.3,44578.3,43456.7,43961.9,19792547657,Bitcoin / USD,BTC-USD
2022-02-17,43937.1,44133.0,40249.4,40538.0,26246662813,Bitcoin / USD,BTC-USD
2022-02-18,40552.1,40929.2,39637.6,40031.0,23310007704,Bitcoin / USD,BTC-USD
2022-02-19,40026.0,40418.9,39713.1,40122.2,13736557863,Bitcoin / USD,BTC-USD
2022-02-20,40118.1,40119.9,38112.8,38431.4,18340576452,Bitcoin / USD,BTC-USD
2022-02-21,38423.2,39394.4,36950.5,37075.3,29280402798,Bitcoin / USD,BTC-USD
2022-02-22,37068.8,38359.9,36488.9,38286.0,25493150450,Bitcoin / USD,BTC-USD
2022-02-23,38285.3,39122.4,37201.8,37296.6,21849073843,Bitcoin / USD,BTC-USD
2022-02-24,37278.6,38968.8,34459.2,38332.6,46383802093,Bitcoin / USD,BTC-USD
2022-02-25,38333.7,39630.3,38111.3,39214.2,26545599159,Bitcoin / USD,BTC-USD
2022-02-26,39213.1,40005.3,38702.5,39105.1,17467554129,Bitcoin / USD,BTC-USD
2022-02-27,39098.7,39778.9,37269.0,37709.8,23450127612,Bitcoin / USD,BTC-USD
2022-02-28,37706.0,43760.5,37518.2,43193.2,35690014104,Bitcoin / USD,BTC-USD
2022-03-01,43194.5,44793.6,42952.6,44354.6,32479047645,Bitcoin / USD,BTC-USD
2022-03-02,44357.6,45077.6,43432.9,43924.1,29183112630,Bitcoin / USD,BTC-USD
2022-03-03,43925.2,44021.6,41914.8,42451.8,24967782593,Bitcoin / USD,BTC-USD
2022-03-04,42458.1,42479.6,38805.8,39137.6,28516271427,Bitcoin / USD,BTC-USD
2022-03-05,39148.4,39566.3,38777.0,39400.6,16975917450,Bitcoin / USD,BTC-USD
2022-03-06,39404.2,39640.2,38211.6,38420.0,19745229902,Bitcoin / USD,BTC-USD
2022-03-07,38429.3,39430.2,37260.2,38062.0,28546143503,Bitcoin / USD,BTC-USD
2022-03-08,38059.9,39304.4,37957.4,38737.3,25776583476,Bitcoin / USD,BTC-USD
2022-03-09,38742.8,42465.7,38706.1,41982.9,32284121034,Bitcoin / USD,BTC-USD
2022-03-10,41974.1,42004.7,38832.9,39437.5,31078064711,Bitcoin / USD,BTC-USD
2022-03-11,39440.0,40081.7,38347.4,38795.0,26364890465,Bitcoin / USD,BTC-USD
2022-03-12,38794.5,39308.6,38772.5,38904.0,14616450657,Bitcoin / USD,BTC-USD
2022-03-13,38884.7,39209.4,37728.1,37849.7,17300745310,Bitcoin / USD,BTC-USD
2022-03-14,37846.3,39742.5,37680.7,39666.8,24322159070,Bitcoin / USD,BTC-USD
2022-03-15,39664.2,39794.6,38310.2,39338.8,23934000868,Bitcoin / USD,BTC-USD
2022-03-16,39335.6,41465.5,39022.3,41143.9,39616916192,Bitcoin / USD,BTC-USD
2022-03-17,41140.8,41287.5,40662.9,40951.4,22009601093,Bitcoin / USD,BTC-USD
2022-03-18,40944.8,42195.7,40302.4,41801.2,34421564942,Bitcoin / USD,BTC-USD
2022-03-19,41794.6,42316.6,41602.7,42190.7,19664853187,Bitcoin / USD,BTC-USD
2022-03-20,42191.4,42241.2,41004.8,41247.8,20127946682,Bitcoin / USD,BTC-USD
2022-03-21,41246.1,41454.4,40668.0,41078.0,24615543271,Bitcoin / USD,BTC-USD
2022-03-22,41074.1,43124.7,40948.3,42358.8,32004652376,Bitcoin / USD,BTC-USD
2022-03-23,42364.4,42893.5,41877.5,42893.0,25242943069,Bitcoin / USD,BTC-USD
2022-03-24,42886.7,44131.9,42726.2,43960.9,31042992291,Bitcoin / USD,BTC-USD
2022-03-25,43964.5,44999.5,43706.3,44348.7,30574413034,Bitcoin / USD,BTC-USD
2022-03-26,44349.9,44736.0,44166.3,44500.8,16950455995,Bitcoin / USD,BTC-USD
2022-03-27,44505.4,46827.5,44437.3,46820.5,28160889722,Bitcoin / USD,BTC-USD
2022-03-28,46821.9,48086.8,46690.2,47128.0,36362175703,Bitcoin / USD,BTC-USD
2022-03-29,47100.4,48022.3,47100.4,47465.7,31397059069,Bitcoin / USD,BTC-USD
2022-03-30,47456.9,47655.1,46746.2,47062.7,29333883962,Bitcoin / USD,BTC-USD
2022-03-31,47062.1,47512.0,45390.5,45538.7,33327427106,Bitcoin / USD,BTC-USD
2022-04-01,45554.2,46616.2,44403.1,46281.6,38162644287,Bitcoin / USD,BTC-USD
2022-04-02,46285.5,47028.3,45782.5,45868.9,29336594194,Bitcoin / USD,BTC-USD
2022-04-03,45859.1,47313.5,45634.1,46453.6,25414397610,Bitcoin / USD,BTC-USD
2022-04-04,46445.3,46791.1,45235.8,46622.7,32499785455,Bitcoin / USD,BTC-USD
2022-04-05,46624.5,47106.1,45544.8,45556.0,29640604055,Bitcoin / USD,BTC-USD
2022-04-06,45544.4,45544.4,43194.0,43206.7,39393395788,Bitcoin / USD,BTC-USD
2022-04-07,43207.5,43860.7,42899.9,43503.8,26101973106,Bitcoin / USD,BTC-USD
2022-04-08,43505.1,43903.0,42183.3,42287.7,27215995394,Bitcoin / USD,BTC-USD
2022-04-09,42282.1,42786.8,42183.3,42782.1,16050772496,Bitcoin / USD,BTC-USD
2022-04-10,42781.1,43376.4,42021.2,42207.7,17654475582,Bitcoin / USD,BTC-USD
2022-04-11,42201.0,42424.6,39373.1,39521.9,33949912166,Bitcoin / USD,BTC-USD
2022-04-12,39533.7,40617.6,39388.3,40127.2,30991500854,Bitcoin / USD,BTC-USD
2022-04-13,40123.6,41430.1,39712.7,41166.7,27691105228,Bitcoin / USD,BTC-USD
2022-04-14,41160.2,41451.5,39695.7,39935.5,24342001973,Bitcoin / USD,BTC-USD
2022-04-15,39939.4,40617.7,39866.8,40553.5,21756855753,Bitcoin / USD,BTC-USD
2022-04-16,40552.3,40633.7,40078.4,40424.5,16833150693,Bitcoin / USD,BTC-USD
2022-04-17,40417.8,40570.7,39620.9,39717.0,19087633042,Bitcoin / USD,BTC-USD
2022-04-18,39721.2,40986.3,38696.2,40826.2,33705182072,Bitcoin / USD,BTC-USD
2022-04-19,40828.2,41673.0,40618.6,41502.8,25303206547,Bitcoin / USD,BTC-USD
2022-04-20,41501.7,42126.3,40961.1,41374.4,27819532341,Bitcoin / USD,BTC-USD
2022-04-21,41371.5,42893.6,40063.8,40527.4,35372786395,Bitcoin / USD,BTC-USD
2022-04-22,40525.9,40777.8,39315.4,39740.3,28011716745,Bitcoin / USD,BTC-USD
2022-04-23,39738.7,39935.9,39352.2,39486.7,16138021249,Bitcoin / USD,BTC-USD
2022-04-24,39478.4,39845.9,39233.5,39469.3,17964398167,Bitcoin / USD,BTC-USD
2022-04-25,39472.6,40491.8,38338.4,40458.3,35445730570,Bitcoin / USD,BTC-USD
2022-04-26,40448.4,40713.9,37885.0,38117.5,34569088416,Bitcoin / USD,BTC-USD
2022-04-27,38120.3,39397.9,37997.3,39241.1,30981015184,Bitcoin / USD,BTC-USD
2022-04-28,39241.4,40269.5,38941.4,39773.8,33903704907,Bitcoin / USD,BTC-USD
2022-04-29,39768.6,39887.3,38235.5,38609.8,30882994649,Bitcoin / USD,BTC-USD
2022-04-30,38605.9,38771.2,37697.9,37714.9,23895713731,Bitcoin / USD,BTC-USD
2022-05-01,37713.3,38627.9,37585.8,38469.1,27002760110,Bitcoin / USD,BTC-USD
2022-05-02,38472.2,39075.0,38156.6,38529.3,32922642426,Bitcoin / USD,BTC-USD
2022-05-03,38528.1,38630.0,37585.6,37750.5,27326943244,Bitcoin / USD,BTC-USD
2022-05-04,37748.0,39902.9,37732.1,39698.4,36754404490,Bitcoin / USD,BTC-USD
2022-05-05,39695.7,39789.3,35856.5,36575.1,43106256317,Bitcoin / USD,BTC-USD
2022-05-06,36573.2,36624.4,35482.1,36040.9,37795577489,Bitcoin / USD,BTC-USD
2022-05-07,36042.5,36129.9,34940.8,35502.0,24375896406,Bitcoin / USD,BTC-USD
2022-05-08,35502.9,35502.9,33879.0,34059.3,36763041910,Bitcoin / USD,BTC-USD
2022-05-09,34060.0,34222.1,30297.0,30297.0,63355494961,Bitcoin / USD,BTC-USD
2022-05-10,30273.7,32596.3,29944.8,31022.9,59811038817,Bitcoin / USD,BTC-USD
2022-05-11,31016.2,32013.4,28170.4,28936.4,70388855818,Bitcoin / USD,BTC-USD
2022-05-12,28936.7,30032.4,26350.5,29047.8,66989173272,Bitcoin / USD,BTC-USD
2022-05-13,29030.9,30924.8,28782.3,29283.1,42841124537,Bitcoin / USD,BTC-USD
2022-05-14,29285.6,30192.8,28702.9,30101.3,28579868620,Bitcoin / USD,BTC-USD
2022-05-15,30098.6,31308.2,29527.7,31305.1,25835372065,Bitcoin / USD,BTC-USD
2022-05-16,31304.4,31305.3,29251.9,29862.9,32613897286,Bitcoin / USD,BTC-USD
2022-05-17,29862.4,30694.5,29570.3,30425.9,29101473475,Bitcoin / USD,BTC-USD
2022-05-18,30424.5,30618.7,28720.3,28720.3,31285268319,Bitcoin / USD,BTC-USD
2022-05-19,28720.4,30430.8,28709.0,30314.3,33773447707,Bitcoin / USD,BTC-USD
2022-05-20,30311.1,30665.0,28793.6,29200.7,30749382605,Bitcoin / USD,BTC-USD
2022-05-21,29199.9,29588.9,29027.4,29432.2,17274840442,Bitcoin / USD,BTC-USD
2022-05-22,29432.5,30425.9,29275.2,30323.7,21631532270,Bitcoin / USD,BTC-USD
2022-05-23,30309.4,30590.6,28975.6,29098.9,31483454557,Bitcoin / USD,BTC-USD
2022-05-24,29101.1,29774.4,28786.6,29655.6,26616506245,Bitcoin / USD,BTC-USD
2022-05-25,29653.1,30157.8,29384.9,29562.4,27525063551,Bitcoin / USD,BTC-USD
2022-05-26,29564.8,29834.2,28261.9,29267.2,36774325352,Bitcoin / USD,BTC-USD
2022-05-27,29251.1,29346.9,28326.6,28627.6,36582005748,Bitcoin / USD,BTC-USD
2022-05-28,28622.6,28814.9,28554.6,28814.9,35519577634,Bitcoin / USD,BTC-USD
2022-05-29,29019.9,29498.0,28841.1,29446.0,18093886409,Bitcoin / USD,BTC-USD
2022-05-30,29443.4,31949.6,29303.6,31726.4,39277993274,Bitcoin / USD,BTC-USD
2022-05-31,31723.9,32249.9,31286.2,31792.3,33538210634,Bitcoin / USD,BTC-USD
2022-06-01,31792.6,31957.3,29501.6,29799.1,41135817341,Bitcoin / USD,BTC-USD
2022-06-02,29794.9,30604.7,29652.7,30467.5,29083562061,Bitcoin / USD,BTC-USD
2022-06-03,30467.8,30633.0,29375.7,29704.4,26175547452,Bitcoin / USD,BTC-USD
2022-06-04,29706.1,29930.6,29500.0,29832.9,16588370958,Bitcoin / USD,BTC-USD
2022-06-05,29835.1,30117.7,29574.4,29906.7,17264085441,Bitcoin / USD,BTC-USD
2022-06-06,29910.3,31693.3,29894.2,31370.7,31947336829,Bitcoin / USD,BTC-USD
2022-06-07,31371.7,31489.7,29311.7,31155.5,40770974039,Bitcoin / USD,BTC-USD
2022-06-08,31151.5,31253.7,29944.4,30214.4,30242059107,Bitcoin / USD,BTC-USD
2022-06-09,30215.3,30609.3,30020.3,30112.0,21692004719,Bitcoin / USD,BTC-USD
2022-06-10,30110.3,30245.8,28978.1,29083.8,29867476527,Bitcoin / USD,BTC-USD
2022-06-11,29084.7,29401.9,28236.2,28360.8,27246574439,Bitcoin / USD,BTC-USD
2022-06-12,28373.5,28502.7,26762.6,26762.6,34163220274,Bitcoin / USD,BTC-USD
2022-06-13,26737.6,26795.6,22141.3,22487.4,68204556440,Bitcoin / USD,BTC-USD
2022-06-14,22488.0,23019.0,20950.8,22206.8,50913575242,Bitcoin / USD,BTC-USD
2022-06-15,22196.7,22642.7,20178.4,22572.8,54912007015,Bitcoin / USD,BTC-USD
2022-06-16,22576.3,22868.9,20265.2,20381.7,31183975654,Bitcoin / USD,BTC-USD
2022-06-17,20385.7,21243.3,20326.5,20471.5,27132421514,Bitcoin / USD,BTC-USD
2022-06-18,20473.4,20736.0,17708.6,19017.6,42009436760,Bitcoin / USD,BTC-USD
2022-06-19,19010.9,20683.8,18067.2,20553.3,35329942625,Bitcoin / USD,BTC-USD
2022-06-20,20553.4,20913.3,19689.2,20599.5,30818458597,Bitcoin / USD,BTC-USD
2022-06-21,20594.3,21620.6,20415.1,20710.6,28970212744,Bitcoin / USD,BTC-USD
2022-06-22,20719.4,20835.8,19848.1,19987.0,28574793478,Bitcoin / USD,BTC-USD
2022-06-23,19986.6,21135.8,19950.1,21085.9,26188097173,Bitcoin / USD,BTC-USD
2022-06-24,21084.6,21472.9,20777.5,21231.7,24957784918,Bitcoin / USD,BTC-USD
2022-06-25,21233.6,21520.9,20964.6,21502.3,18372538715,Bitcoin / USD,BTC-USD
2022-06-26,21496.5,21783.7,21016.3,21027.3,18027170497,Bitcoin / USD,BTC-USD
2022-06-27,21028.2,21478.1,20620.2,20735.5,20965695707,Bitcoin / USD,BTC-USD
2022-06-28,20731.5,21164.4,20228.8,20280.6,21381535161,Bitcoin / USD,BTC-USD
2022-06-29,20281.2,20364.2,19937.8,20104.0,23552740328,Bitcoin / USD,BTC-USD
2022-06-30,20108.3,20141.2,18729.7,19784.7,26267239923,Bitcoin / USD,BTC-USD
2022-07-01,19820.5,20632.7,19073.7,19269.4,30767551159,Bitcoin / USD,BTC-USD
2022-07-02,19274.8,19371.7,19027.1,19242.3,18100418740,Bitcoin / USD,BTC-USD
2022-07-03,19242.1,19558.3,18967.0,19297.1,16390821947,Bitcoin / USD,BTC-USD
2022-07-04,19297.3,20258.7,19063.1,20231.3,21594638208,Bitcoin / USD,BTC-USD
2022-07-05,20225.4,20635.5,19341.2,20190.1,26715546990,Bitcoin / USD,BTC-USD
2022-07-06,20194.6,20595.5,19823.5,20548.2,24598943708,Bitcoin / USD,BTC-USD
2022-07-07,20547.8,21771.8,20296.1,21637.6,25814972520,Bitcoin / USD,BTC-USD
2022-07-08,21637.2,22314.9,21257.5,21731.1,49899834488,Bitcoin / USD,BTC-USD
2022-07-09,21716.8,21877.1,21446.0,21592.2,29641127858,Bitcoin / USD,BTC-USD
2022-07-10,21591.1,21591.1,20727.1,20860.4,28688807249,Bitcoin / USD,BTC-USD
2022-07-11,20856.4,20856.4,19924.5,19970.6,24150249025,Bitcoin / USD,BTC-USD
2022-07-12,19970.5,20043.4,19308.5,19323.9,25810220018,Bitcoin / USD,BTC-USD
2022-07-13,19326.0,20223.1,19000.0,20212.1,33042430345,Bitcoin / USD,BTC-USD
2022-07-14,20211.5,20789.9,19689.3,20569.9,31158743333,Bitcoin / USD,BTC-USD
2022-07-15,20573.2,21138.2,20397.0,20836.3,25905575359,Bitcoin / USD,BTC-USD
2022-07-16,20834.1,21514.4,20518.9,21190.3,24302954056,Bitcoin / USD,BTC-USD
2022-07-17,21195.0,21600.6,20778.2,20779.3,22927802083,Bitcoin / USD,BTC-USD
2022-07-18,20781.9,22633.0,20781.9,22485.7,39974475562,Bitcoin / USD,BTC-USD
2022-07-19,22467.8,23667.0,21683.4,23389.4,48765202697,Bitcoin / USD,BTC-USD
2022-07-20,23393.2,24196.8,23009.9,23231.7,42932549127,Bitcoin / USD,BTC-USD
2022-07-21,23233.2,23388.3,22431.1,23164.6,33631012204,Bitcoin / USD,BTC-USD
2022-07-22,23163.8,23671.9,22603.4,22715.0,31421555646,Bitcoin / USD,BTC-USD
2022-07-23,22707.0,22977.2,22002.9,22465.5,24021799169,Bitcoin / USD,BTC-USD
2022-07-24,22465.5,22974.0,22306.8,22609.2,23565495303,Bitcoin / USD,BTC-USD
2022-07-25,22607.2,22649.1,21361.6,21361.7,35574561406,Bitcoin / USD,BTC-USD
2022-07-26,21361.1,21361.1,20776.8,21239.8,28624673855,Bitcoin / USD,BTC-USD
2022-07-27,21244.2,22986.5,21070.8,22930.5,31758955233,Bitcoin / USD,BTC-USD
2022-07-28,22933.6,24110.5,22722.3,23843.9,40212386158,Bitcoin / USD,BTC-USD
2022-07-29,23845.2,24294.8,23481.2,23804.6,35887249746,Bitcoin / USD,BTC-USD
2022-07-30,23796.8,24572.6,23580.5,23656.2,28148218301,Bitcoin / USD,BTC-USD
2022-07-31,23652.1,24121.6,23275.7,23336.9,23553591896,Bitcoin / USD,BTC-USD
2022-08-01,23336.7,23464.8,22890.8,23314.2,25849159141,Bitcoin / USD,BTC-USD
2022-08-02,23308.4,23415.0,22710.1,22978.1,28389250717,Bitcoin / USD,BTC-USD
2022-08-03,22981.3,23578.7,22747.8,22846.5,26288169966,Bitcoin / USD,BTC-USD
2022-08-04,22848.2,23198.0,22485.7,22631.0,25120229769,Bitcoin / USD,BTC-USD
2022-08-05,22626.8,23422.8,22612.2,23289.3,28881249043,Bitcoin / USD,BTC-USD
2022-08-06,23291.4,23326.6,22961.3,22961.3,15978259885,Bitcoin / USD,BTC-USD
2022-08-07,22963.5,23359.0,22894.6,23175.9,15886817043,Bitcoin / USD,BTC-USD
2022-08-08,23179.5,24203.7,23176.5,23809.5,28575544847,Bitcoin / USD,BTC-USD
2022-08-09,23811.5,23898.6,22982.0,23164.3,23555719219,Bitcoin / USD,BTC-USD
2022-08-10,23162.9,24127.4,22771.5,23947.6,32837431722,Bitcoin / USD,BTC-USD
2022-08-11,23948.3,24822.6,23901.0,23957.5,37127036580,Bitcoin / USD,BTC-USD
2022-08-12,23957.2,24412.6,23657.3,24402.8,27265804688,Bitcoin / USD,BTC-USD
2022-08-13,24402.2,24860.1,24346.1,24424.1,22987346289,Bitcoin / USD,BTC-USD
2022-08-14,24429.1,24974.9,24206.3,24319.3,22994133555,Bitcoin / USD,BTC-USD
2022-08-15,24318.3,25135.6,23839.8,24137.0,35123501685,Bitcoin / USD,BTC-USD
2022-08-16,24126.1,24228.4,23733.5,23883.3,27753685646,Bitcoin / USD,BTC-USD
2022-08-17,23881.3,24407.1,23243.4,23336.0,30931623076,Bitcoin / USD,BTC-USD
2022-08-18,23341.0,23563.8,23177.6,23212.7,23747613147,Bitcoin / USD,BTC-USD
2022-08-19,23213.3,23213.3,20868.8,20877.6,40509610260,Bitcoin / USD,BTC-USD
2022-08-20,20872.8,21350.8,20856.7,21166.1,27595671000,Bitcoin / USD,BTC-USD
2022-08-21,21160.4,21668.8,21103.2,21534.1,23102307723,Bitcoin / USD,BTC-USD
2022-08-22,21531.5,21531.5,20939.2,21398.9,31666498758,Bitcoin / USD,BTC-USD
2022-08-23,21401.0,21646.2,20955.1,21528.1,31878280659,Bitcoin / USD,BTC-USD
2022-08-24,21526.5,21783.1,21195.0,21395.0,31962253368,Bitcoin / USD,BTC-USD
2022-08-25,21395.5,21789.6,21362.4,21600.9,31028679593,Bitcoin / USD,BTC-USD
2022-08-26,21596.1,21804.9,20199.5,20260.0,42326789564,Bitcoin / USD,BTC-USD
2022-08-27,20262.5,20340.8,19890.5,20041.7,30116729776,Bitcoin / USD,BTC-USD
2022-08-28,20041.0,20139.1,19616.8,19616.8,24366810591,Bitcoin / USD,BTC-USD
2022-08-29,19615.2,20357.5,19600.8,20298.0,32637854078,Bitcoin / USD,BTC-USD
2022-08-30,20298.6,20542.6,19617.6,19796.8,34483360283,Bitcoin / USD,BTC-USD
2022-08-31,19799.6,20421.0,19799.6,20049.8,33225232872,Bitcoin / USD,BTC-USD
2022-09-01,20050.5,20198.4,19654.0,20127.1,30182031010,Bitcoin / USD,BTC-USD
2022-09-02,20126.1,20401.6,19814.8,19969.8,29123998928,Bitcoin / USD,BTC-USD
2022-09-03,19969.7,20037.0,19698.4,19832.1,23613051457,Bitcoin / USD,BTC-USD
2022-09-04,19832.5,19999.7,19636.8,19986.7,25245861652,Bitcoin / USD,BTC-USD
2022-09-05,19988.8,20031.2,19673.0,19812.4,28813460025,Bitcoin / USD,BTC-USD
2022-09-06,19817.7,20155.3,18800.2,18837.7,43403978910,Bitcoin / USD,BTC-USD
2022-09-07,18837.7,19427.2,18644.5,19290.3,35239757134,Bitcoin / USD,BTC-USD
2022-09-08,19289.9,19417.4,19076.7,19329.8,32194477850,Bitcoin / USD,BTC-USD
2022-09-09,19328.1,21439.4,19311.0,21381.2,48469528171,Bitcoin / USD,BTC-USD
2022-09-10,21376.9,21760.3,21168.7,21680.5,36913738894,Bitcoin / USD,BTC-USD
2022-09-11,21678.5,21770.6,21406.9,21769.3,34493951963,Bitcoin / USD,BTC-USD
2022-09-12,21770.1,22439.2,21603.9,22370.4,50212088965,Bitcoin / USD,BTC-USD
2022-09-13,22371.5,22673.8,20062.7,20296.7,51091116622,Bitcoin / USD,BTC-USD
2022-09-14,20184.6,20467.2,19793.4,20241.1,37872380889,Bitcoin / USD,BTC-USD
2022-09-15,20242.3,20318.2,19636.7,19701.2,36389011503,Bitcoin / USD,BTC-USD
2022-09-16,19704.0,19870.6,19400.1,19772.6,30123362273,Bitcoin / USD,BTC-USD
2022-09-17,19777.0,20162.5,19777.0,20127.6,24957448100,Bitcoin / USD,BTC-USD
2022-09-18,20127.2,20127.2,19387.5,19419.5,31254779144,Bitcoin / USD,BTC-USD
2022-09-19,19418.6,19639.5,18390.3,19544.1,40177002624,Bitcoin / USD,BTC-USD
2022-09-20,19545.6,19602.5,18813.5,18890.8,36791346508,Bitcoin / USD,BTC-USD
2022-09-21,18891.3,19674.6,18290.3,18547.4,46363793975,Bitcoin / USD,BTC-USD
2022-09-22,18534.7,19456.9,18415.6,19413.6,41135767926,Bitcoin / USD,BTC-USD
2022-09-23,19412.4,19464.7,18617.6,19297.6,38896078052,Bitcoin / USD,BTC-USD
2022-09-24,19297.0,19310.2,18862.0,18937.0,26149643168,Bitcoin / USD,BTC-USD
2022-09-25,18936.3,19134.7,18696.5,18802.1,23359966112,Bitcoin / USD,BTC-USD
2022-09-26,18803.9,19274.9,18721.3,19222.7,44148798321,Bitcoin / USD,BTC-USD
2022-09-27,19221.8,20338.5,18915.7,19110.5,58571439619,Bitcoin / USD,BTC-USD
2022-09-28,19104.6,19688.3,18553.3,19426.7,53071298734,Bitcoin / USD,BTC-USD
2022-09-29,19427.8,19589.3,18924.4,19573.1,41037843771,Bitcoin / USD,BTC-USD
2022-09-30,19573.4,20109.8,19265.7,19431.8,43975248085,Bitcoin / USD,BTC-USD
2022-10-01,19431.1,19471.2,19231.1,19312.1,18719537670,Bitcoin / USD,BTC-USD
2022-10-02,19311.8,19370.3,18970.6,19044.1,20765955327,Bitcoin / USD,BTC-USD
2022-10-03,19044.1,19653.5,19025.2,19623.6,30484729489,Bitcoin / USD,BTC-USD
2022-10-04,19623.6,20380.3,19523.8,20336.8,35887278685,Bitcoin / USD,BTC-USD
2022-10-05,20335.9,20343.7,19801.8,20160.7,33223790572,Bitcoin / USD,BTC-USD
2022-10-06,20161.0,20408.4,19900.1,19955.4,34711412966,Bitcoin / USD,BTC-USD
2022-10-07,19957.6,20041.1,19395.8,19546.8,29227315390,Bitcoin / USD,BTC-USD
2022-10-08,19546.3,19601.7,19299.4,19416.6,16437423167,Bitcoin / USD,BTC-USD
2022-10-09,19417.5,19542.5,19349.3,19446.4,16837262532,Bitcoin / USD,BTC-USD
2022-10-10,19446.4,19515.5,19103.0,19141.5,27425022774,Bitcoin / USD,BTC-USD
2022-10-11,19139.0,19242.0,18925.6,19051.4,28711532910,Bitcoin / USD,BTC-USD
2022-10-12,19052.6,19203.2,19029.8,19157.4,24950173846,Bitcoin / USD,BTC-USD
2022-10-13,19157.0,19453.3,18319.8,19382.9,44219840004,Bitcoin / USD,BTC-USD
2022-10-14,19382.5,19889.1,19115.4,19185.7,38452356727,Bitcoin / USD,BTC-USD
2022-10-15,19185.4,19212.5,19019.2,19067.6,16192235532,Bitcoin / USD,BTC-USD
2022-10-16,19068.9,19389.6,19068.9,19268.1,17988916650,Bitcoin / USD,BTC-USD
2022-10-17,19268.6,19635.8,19173.3,19550.8,27472552998,Bitcoin / USD,BTC-USD
2022-10-18,19550.5,19667.0,19144.8,19334.4,30580012344,Bitcoin / USD,BTC-USD
2022-10-19,19335.0,19348.4,19127.7,19139.5,22425387184,Bitcoin / USD,BTC-USD
2022-10-20,19138.1,19315.2,18971.5,19053.7,24493974420,Bitcoin / USD,BTC-USD
2022-10-21,19053.2,19237.4,18771.0,19172.5,32459287866,Bitcoin / USD,BTC-USD
2022-10-22,19172.4,19248.1,19132.2,19208.2,16104440957,Bitcoin / USD,BTC-USD
2022-10-23,19207.7,19646.7,19124.2,19567.0,22128794335,Bitcoin / USD,BTC-USD
2022-10-24,19567.8,19589.1,19206.3,19345.6,30202235805,Bitcoin / USD,BTC-USD
2022-10-25,19345.0,20348.4,19261.4,20095.9,47761524910,Bitcoin / USD,BTC-USD
2022-10-26,20092.2,20938.1,20076.1,20770.4,58895950537,Bitcoin / USD,BTC-USD
2022-10-27,20772.8,20854.0,20255.4,20285.8,49625110402,Bitcoin / USD,BTC-USD
2022-10-28,20288.0,20725.0,20086.1,20595.4,43994715910,Bitcoin / USD,BTC-USD
2022-10-29,20595.1,20988.4,20566.5,20818.5,40369840645,Bitcoin / USD,BTC-USD
2022-10-30,20818.0,20917.0,20547.5,20635.6,31486345556,Bitcoin / USD,BTC-USD
2022-10-31,20633.7,20795.3,20287.5,20495.8,45668466815,Bitcoin / USD,BTC-USD
2022-11-01,20494.9,20647.3,20359.8,20485.3,39819303159,Bitcoin / USD,BTC-USD
2022-11-02,20483.0,20742.8,20087.1,20159.5,55552169483,Bitcoin / USD,BTC-USD
2022-11-03,20162.7,20382.1,20086.2,20210.0,43228750179,Bitcoin / USD,BTC-USD
2022-11-04,20208.8,21209.6,20188.0,21147.2,64072727950,Bitcoin / USD,BTC-USD
2022-11-05,21144.8,21446.9,21097.6,21282.7,37846047609,Bitcoin / USD,BTC-USD
2022-11-06,21285.1,21345.4,20920.2,20926.5,35082693210,Bitcoin / USD,BTC-USD
2022-11-07,20924.6,21053.2,20490.0,20602.8,53510852236,Bitcoin / USD,BTC-USD
2022-11-08,20600.7,20664.6,17603.5,18541.3,118992465607,Bitcoin / USD,BTC-USD
2022-11-09,18543.8,18590.5,15682.7,15880.8,102905151606,Bitcoin / USD,BTC-USD
2022-11-10,15883.2,18054.3,15834.0,17586.8,83202283721,Bitcoin / USD,BTC-USD
2022-11-11,17583.3,17650.9,16543.5,17034.3,55871616488,Bitcoin / USD,BTC-USD
2022-11-12,17036.9,17066.7,16651.8,16799.2,29717699419,Bitcoin / USD,BTC-USD
2022-11-13,16799.7,16920.8,16320.6,16353.4,27209183682,Bitcoin / USD,BTC-USD
2022-11-14,16352.0,17109.3,15872.9,16618.2,49630243054,Bitcoin / USD,BTC-USD
2022-11-15,16617.5,17052.0,16542.6,16884.6,36599436183,Bitcoin / USD,BTC-USD
2022-11-16,16884.3,16960.3,16430.1,16669.4,33925512989,Bitcoin / USD,BTC-USD
2022-11-17,16670.4,16726.4,16460.7,16687.5,27868914022,Bitcoin / USD,BTC-USD
2022-11-18,16687.9,16947.1,16564.6,16697.8,26862218609,Bitcoin / USD,BTC-USD
2022-11-19,16696.2,16797.9,16570.4,16711.5,16106223492,Bitcoin / USD,BTC-USD
2022-11-20,16712.9,16746.8,16248.7,16291.8,21313378652,Bitcoin / USD,BTC-USD
2022-11-21,16291.2,16291.2,15599.0,15787.3,37429485518,Bitcoin / USD,BTC-USD
2022-11-22,15782.3,16253.0,15656.6,16189.8,30726828760,Bitcoin / USD,BTC-USD
2022-11-23,16195.6,16638.2,16170.5,16610.7,32958875628,Bitcoin / USD,BTC-USD
2022-11-24,16611.6,16771.5,16501.8,16604.5,26129037414,Bitcoin / USD,BTC-USD
2022-11-25,16602.3,16603.3,16388.4,16521.8,18678255976,Bitcoin / USD,BTC-USD
2022-11-26,16521.6,16666.9,16416.2,16464.3,18000008764,Bitcoin / USD,BTC-USD
2022-11-27,16463.9,16594.4,16437.0,16444.6,20443898509,Bitcoin / USD,BTC-USD
2022-11-28,16440.2,16482.9,16054.5,16217.3,27743025156,Bitcoin / USD,BTC-USD
2022-11-29,16217.6,16522.3,16139.4,16445.0,23581685468,Bitcoin / USD,BTC-USD
2022-11-30,16445.5,17190.9,16445.5,17168.6,29523576583,Bitcoin / USD,BTC-USD
2022-12-01,17168.0,17197.5,16888.4,16967.1,22895392882,Bitcoin / USD,BTC-USD
2022-12-02,16968.7,17088.7,16877.9,17088.7,19539705127,Bitcoin / USD,BTC-USD
2022-12-03,17090.1,17116.0,16888.1,16908.2,16217776704,Bitcoin / USD,BTC-USD
2022-12-04,16908.2,17157.8,16903.4,17130.5,16824520830,Bitcoin / USD,BTC-USD
2022-12-05,17128.9,17378.2,16922.4,16974.8,22209086834,Bitcoin / USD,BTC-USD
2022-12-06,16975.2,17091.9,16939.9,17089.5,19889922369,Bitcoin / USD,BTC-USD
2022-12-07,17089.5,17109.4,16750.6,16848.1,19675404389,Bitcoin / USD,BTC-USD
2022-12-08,16847.3,17267.9,16788.8,17233.5,20496603770,Bitcoin / USD,BTC-USD
2022-12-09,17232.1,17280.5,17100.8,17133.2,20328426366,Bitcoin / USD,BTC-USD
2022-12-10,17134.2,17216.8,17120.7,17128.7,12706781969,Bitcoin / USD,BTC-USD
2022-12-11,17129.7,17245.6,17091.8,17104.2,14122486832,Bitcoin / USD,BTC-USD
2022-12-12,17102.5,17212.6,16899.4,17206.4,19617581341,Bitcoin / USD,BTC-USD
2022-12-13,17206.4,17930.1,17111.8,17781.3,26634741631,Bitcoin / USD,BTC-USD
2022-12-14,17782.1,18318.5,17739.5,17815.7,25534481470,Bitcoin / USD,BTC-USD
2022-12-15,17813.6,17846.7,17322.6,17364.9,20964448341,Bitcoin / USD,BTC-USD
2022-12-16,17364.5,17505.5,16584.7,16647.5,24031608960,Bitcoin / USD,BTC-USD
2022-12-17,16647.0,16800.6,16614.0,16795.1,14463581825,Bitcoin / USD,BTC-USD
2022-12-18,16795.6,16815.4,16697.8,16758.0,10924354698,Bitcoin / USD,BTC-USD
2022-12-19,16759.0,16807.5,16398.1,16439.7,17221074814,Bitcoin / USD,BTC-USD
2022-12-20,16441.8,17013.0,16427.9,16906.3,22722096615,Bitcoin / USD,BTC-USD
2022-12-21,16904.5,16916.8,16755.9,16817.5,14882945045,Bitcoin / USD,BTC-USD
2022-12-22,16818.4,16866.7,16592.4,16830.3,16441573050,Bitcoin / USD,BTC-USD
2022-12-23,16829.6,16905.2,16794.5,16797.0,15329265213,Bitcoin / USD,BTC-USD
2022-12-24,16797.0,16864.7,16793.5,16847.8,9744636213,Bitcoin / USD,BTC-USD
2022-12-25,16847.5,16860.6,16755.3,16842.0,11656379938,Bitcoin / USD,BTC-USD
2022-12-26,16842.2,16920.1,16812.4,16919.8,11886957804,Bitcoin / USD,BTC-USD
2022-12-27,16919.3,16959.8,16642.1,16717.2,15748580239,Bitcoin / USD,BTC-USD
2022-12-28,16716.4,16768.2,16497.6,16552.6,17005713920,Bitcoin / USD,BTC-USD
2022-12-29,16552.3,16651.8,16508.7,16642.3,14472237479,Bitcoin / USD,BTC-USD
2022-12-30,16641.3,16643.4,16408.5,16602.6,15929162910,Bitcoin / USD,BTC-USD
2022-12-31,16603.7,16629.0,16517.5,16547.5,11239186456,Bitcoin / USD,BTC-USD
2023-01-01,16547.9,16630.4,16521.2,16625.1,9244361700,Bitcoin / USD,BTC-USD
2023-01-02,16625.5,16759.3,16572.2,16688.5,12097775227,Bitcoin / USD,BTC-USD
2023-01-03,16688.8,16760.4,16622.4,16679.9,13903079207,Bitcoin / USD,BTC-USD
2023-01-04,16680.2,16964.6,16667.8,16863.2,18421743322,Bitcoin / USD,BTC-USD
2023-01-05,16863.5,16884.0,16790.3,16836.7,13692758566,Bitcoin / USD,BTC-USD
2023-01-06,16836.5,16992.0,16716.4,16952.0,14413662913,Bitcoin / USD,BTC-USD
2023-01-07,16952.1,16975.0,16914.2,16955.1,7714767174,Bitcoin / USD,BTC-USD
2023-01-08,16954.1,17091.1,16924.1,17091.1,9768827914,Bitcoin / USD,BTC-USD
2023-01-09,17094.0,17390.0,17094.0,17196.6,18624736866,Bitcoin / USD,BTC-USD
2023-01-10,17192.9,17484.7,17163.0,17446.3,15808338949,Bitcoin / USD,BTC-USD
2023-01-11,17446.4,17934.9,17338.0,17934.9,18372283782,Bitcoin / USD,BTC-USD
2023-01-12,18117.6,19030.1,17995.2,18869.6,34971338710,Bitcoin / USD,BTC-USD
2023-01-13,18868.9,19964.3,18753.2,19909.6,29225029694,Bitcoin / USD,BTC-USD
2023-01-14,19910.5,21075.1,19907.8,20976.3,38967784639,Bitcoin / USD,BTC-USD
2023-01-15,20977.5,20993.7,20607.0,20880.8,19298407543,Bitcoin / USD,BTC-USD
2023-01-16,20882.2,21360.9,20715.7,21169.6,26792494050,Bitcoin / USD,BTC-USD
2023-01-17,21175.8,21438.7,20978.5,21161.5,24999983362,Bitcoin / USD,BTC-USD
2023-01-18,21161.1,21564.5,20541.5,20688.8,30005625418,Bitcoin / USD,BTC-USD
2023-01-19,20686.7,21163.0,20685.4,21086.8,21152848261,Bitcoin / USD,BTC-USD
2023-01-20,21085.4,22692.4,20919.1,22676.6,28799154319,Bitcoin / USD,BTC-USD
2023-01-21,22677.4,23282.3,22511.8,22777.6,32442278429,Bitcoin / USD,BTC-USD
2023-01-22,22778.0,23056.7,22387.9,22720.4,24746386230,Bitcoin / USD,BTC-USD
2023-01-23,22721.1,23126.5,22654.3,22934.4,26518700512,Bitcoin / USD,BTC-USD
2023-01-24,22929.6,23134.0,22549.7,22636.5,26405069715,Bitcoin / USD,BTC-USD
2023-01-25,22639.3,23722.1,22406.1,23117.9,30685366709,Bitcoin / USD,BTC-USD
2023-01-26,23109.0,23237.1,22911.4,23032.8,26357839322,Bitcoin / USD,BTC-USD
2023-01-27,23030.7,23417.7,22654.6,23078.7,25383335641,Bitcoin / USD,BTC-USD
2023-01-28,23080.0,23165.9,22908.8,23031.1,14712928379,Bitcoin / USD,BTC-USD
2023-01-29,23031.4,23919.9,22985.1,23774.6,27423687259,Bitcoin / USD,BTC-USD
2023-01-30,23774.6,23789.3,22657.6,22840.1,27205595568,Bitcoin / USD,BTC-USD
2023-01-31,22840.8,23225.0,22765.6,23139.3,22837828665,Bitcoin / USD,BTC-USD
2023-02-01,23137.8,23764.5,22877.8,23723.8,26683255504,Bitcoin / USD,BTC-USD
2023-02-02,23720.8,24167.2,23468.6,23471.9,32066936882,Bitcoin / USD,BTC-USD
2023-02-03,23469.4,23678.1,23280.0,23449.3,27083066007,Bitcoin / USD,BTC-USD
2023-02-04,23446.3,23556.9,23291.8,23331.8,15639298538,Bitcoin / USD,BTC-USD
2023-02-05,23332.2,23423.4,22841.8,22955.7,19564262605,Bitcoin / USD,BTC-USD
2023-02-06,22954.0,23119.3,22692.0,22760.1,23825006542,Bitcoin / USD,BTC-USD
2023-02-07,22757.3,23311.0,22756.3,23264.3,27187964471,Bitcoin / USD,BTC-USD
2023-02-08,23263.4,23368.0,22731.1,22939.4,25371367758,Bitcoin / USD,BTC-USD
2023-02-09,22946.6,22996.4,21774.0,21819.0,32572572185,Bitcoin / USD,BTC-USD
2023-02-10,21819.0,21941.2,21539.4,21651.2,27078406594,Bitcoin / USD,BTC-USD
2023-02-11,21651.8,21891.4,21618.4,21870.9,16356226232,Bitcoin / USD,BTC-USD
2023-02-12,21870.9,22061.0,21682.8,21788.2,17821046406,Bitcoin / USD,BTC-USD
2023-02-13,21787.0,21898.4,21460.1,21808.1,23918742607,Bitcoin / USD,BTC-USD
2023-02-14,21801.8,22293.1,21632.4,22220.8,26792596581,Bitcoin / USD,BTC-USD
2023-02-15,22220.6,24307.8,22082.8,24307.8,32483312909,Bitcoin / USD,BTC-USD
2023-02-16,24307.3,25134.1,23602.5,23623.5,39316664596,Bitcoin / USD,BTC-USD
2023-02-17,23621.3,24924.0,23460.8,24565.6,41358451255,Bitcoin / USD,BTC-USD
2023-02-18,24565.3,24798.8,24468.4,24641.3,19625427158,Bitcoin / USD,BTC-USD
2023-02-19,24640.0,25093.1,24327.6,24327.6,25555105670,Bitcoin / USD,BTC-USD
2023-02-20,24336.6,25020.5,23927.9,24829.1,28987376573,Bitcoin / USD,BTC-USD
2023-02-21,24833.0,25126.9,24200.4,24436.4,31252098714,Bitcoin / USD,BTC-USD
2023-02-22,24437.4,24472.3,23644.3,24188.8,30199996781,Bitcoin / USD,BTC-USD
2023-02-23,24190.7,24572.1,23693.9,23947.5,30476264066,Bitcoin / USD,BTC-USD
2023-02-24,23946.0,24103.7,23007.1,23198.1,26811744928,Bitcoin / USD,BTC-USD
2023-02-25,23200.1,23210.2,22861.6,23175.4,16100721565,Bitcoin / USD,BTC-USD
2023-02-26,23174.2,23654.4,23084.2,23561.2,16644534842,Bitcoin / USD,BTC-USD
2023-02-27,23561.5,23857.9,23205.9,23522.9,22660763494,Bitcoin / USD,BTC-USD
2023-02-28,23521.8,23585.4,23077.7,23147.4,20535363434,Bitcoin / USD,BTC-USD
2023-03-01,23150.9,23880.6,23088.6,23646.6,24662841200,Bitcoin / USD,BTC-USD
2023-03-02,23647.0,23739.1,23245.0,23475.5,20386398516,Bitcoin / USD,BTC-USD
2023-03-03,23476.6,23479.3,22213.2,22362.7,26062404610,Bitcoin / USD,BTC-USD
2023-03-04,22362.9,22405.2,22199.0,22353.3,11166012913,Bitcoin / USD,BTC-USD
2023-03-05,22354.1,22613.7,22307.1,22435.5,13317001733,Bitcoin / USD,BTC-USD
2023-03-06,22436.8,22584.3,22331.3,22429.8,17353192895,Bitcoin / USD,BTC-USD
2023-03-07,22428.3,22527.4,22011.3,22219.8,22765452204,Bitcoin / USD,BTC-USD
2023-03-08,22216.4,22268.9,21708.1,21718.1,22536575684,Bitcoin / USD,BTC-USD
2023-03-09,21720.1,21802.7,20210.3,20363.0,30364664171,Bitcoin / USD,BTC-USD
2023-03-10,20367.0,20370.6,19628.3,20187.2,39578257695,Bitcoin / USD,BTC-USD
2023-03-11,20187.9,20792.5,20068.7,20632.4,30180288176,Bitcoin / USD,BTC-USD
2023-03-12,20628.0,22185.0,20448.8,22163.9,29279035521,Bitcoin / USD,BTC-USD
2023-03-13,22156.4,24550.8,21918.2,24197.5,49466362688,Bitcoin / USD,BTC-USD
2023-03-14,24201.8,26514.7,24081.2,24746.1,54622230164,Bitcoin / USD,BTC-USD
2023-03-15,24770.9,25240.6,23964.9,24376.0,43655701450,Bitcoin / USD,BTC-USD
2023-03-16,24373.5,25190.3,24225.1,25052.8,33866061747,Bitcoin / USD,BTC-USD
2023-03-17,25055.1,27787.8,24955.2,27423.9,50730261335,Bitcoin / USD,BTC-USD
2023-03-18,27448.1,27726.0,26636.3,26965.9,35723036817,Bitcoin / USD,BTC-USD
2023-03-19,26969.5,28440.6,26907.7,28038.7,37769448859,Bitcoin / USD,BTC-USD
2023-03-20,28041.6,28527.7,27242.9,27767.2,44774027664,Bitcoin / USD,BTC-USD
2023-03-21,27768.4,28439.6,27439.6,28175.8,36102192830,Bitcoin / USD,BTC-USD
2023-03-22,28158.7,28803.3,26760.0,27307.4,33382021890,Bitcoin / USD,BTC-USD
2023-03-23,27302.0,28729.8,27183.4,28334.0,24220433689,Bitcoin / USD,BTC-USD
2023-03-24,28324.1,28388.4,27039.3,27493.3,25980310960,Bitcoin / USD,BTC-USD
2023-03-25,27487.3,27791.8,27196.2,27494.7,13383005987,Bitcoin / USD,BTC-USD
2023-03-26,27495.5,28178.1,27445.0,27994.3,13878363192,Bitcoin / USD,BTC-USD
2023-03-27,27994.1,28037.9,26606.7,27139.9,18188895178,Bitcoin / USD,BTC-USD
2023-03-28,27132.9,27460.7,26677.8,27268.1,17783600385,Bitcoin / USD,BTC-USD
2023-03-29,27267.0,28619.5,27259.7,28348.4,20684945906,Bitcoin / USD,BTC-USD
2023-03-30,28350.1,29159.9,27720.2,28033.6,22435349951,Bitcoin / USD,BTC-USD
2023-03-31,28032.3,28639.9,27583.7,28478.5,19001327598,Bitcoin / USD,BTC-USD
2023-04-01,28473.3,28802.5,28297.2,28411.0,10876469901,Bitcoin / USD,BTC-USD
2023-04-02,28462.8,28519.0,27884.1,28199.3,12284641999,Bitcoin / USD,BTC-USD
2023-04-03,28183.1,28475.6,27276.7,27790.2,19556501327,Bitcoin / USD,BTC-USD
2023-04-04,27795.3,28433.7,27681.3,28168.1,15284538859,Bitcoin / USD,BTC-USD
2023-04-05,28169.7,28739.2,27843.8,28178.0,17052315986,Bitcoin / USD,BTC-USD
2023-04-06,28175.2,28178.4,27738.8,28044.1,13837809380,Bitcoin / USD,BTC-USD
2023-04-07,28039.0,28111.6,27794.0,27925.9,10861680497,Bitcoin / USD,BTC-USD
2023-04-08,27920.5,28159.9,27883.4,27947.8,9373255556,Bitcoin / USD,BTC-USD
2023-04-09,27952.4,28532.8,27828.5,28333.1,12175322951,Bitcoin / USD,BTC-USD
2023-04-10,28336.0,29771.5,28189.3,29653.0,19282400094,Bitcoin / USD,BTC-USD
2023-04-11,29653.7,30509.1,29609.3,30235.1,20121259843,Bitcoin / USD,BTC-USD
2023-04-12,30231.6,30462.5,29725.6,30139.1,18651929926,Bitcoin / USD,BTC-USD
2023-04-13,29892.7,30539.8,29878.6,30399.1,17487721001,Bitcoin / USD,BTC-USD
2023-04-14,30409.6,31005.6,30044.5,30485.7,22659995079,Bitcoin / USD,BTC-USD
2023-04-15,30490.8,30601.7,30245.9,30318.5,11940685378,Bitcoin / USD,BTC-USD
2023-04-16,30316.0,30555.5,30157.8,30315.4,12854816417,Bitcoin / USD,BTC-USD
2023-04-17,30317.1,30319.2,29275.4,29445.0,17872186762,Bitcoin / USD,BTC-USD
2023-04-18,29449.1,30470.3,29154.8,30397.6,19480529496,Bitcoin / USD,BTC-USD
2023-04-19,30394.2,30411.1,28669.9,28822.7,24571565421,Bitcoin / USD,BTC-USD
2023-04-20,28823.7,29076.4,28037.3,28246.0,21340360360,Bitcoin / USD,BTC-USD
2023-04-21,28249.2,28350.0,27177.4,27276.9,20759504330,Bitcoin / USD,BTC-USD
2023-04-22,27265.9,27872.1,27169.6,27817.5,13125734602,Bitcoin / USD,BTC-USD
2023-04-23,27816.1,27820.2,27400.3,27591.4,12785446832,Bitcoin / USD,BTC-USD
2023-04-24,27591.7,27980.0,27070.8,27525.3,17703288330,Bitcoin / USD,BTC-USD
2023-04-25,27514.9,28371.1,27207.9,28307.6,17733373139,Bitcoin / USD,BTC-USD
2023-04-26,28300.1,29995.8,27324.5,28422.7,31854242019,Bitcoin / USD,BTC-USD
2023-04-27,28428.5,29871.5,28402.9,29473.8,27153445027,Bitcoin / USD,BTC-USD
2023-04-28,29481.0,29572.8,28929.6,29340.3,17544464887,Bitcoin / USD,BTC-USD
2023-04-29,29336.6,29452.5,29088.0,29248.5,10662634333,Bitcoin / USD,BTC-USD
2023-04-30,29245.5,29952.0,29114.0,29268.8,14652199272,Bitcoin / USD,BTC-USD
2023-05-01,29227.1,29329.9,27680.8,28091.6,18655599976,Bitcoin / USD,BTC-USD
2023-05-02,28087.2,28881.3,27924.1,28680.5,16432924527,Bitcoin / USD,BTC-USD
2023-05-03,28680.5,29259.5,28178.4,29006.3,19122972518,Bitcoin / USD,BTC-USD
2023-05-04,29031.3,29353.2,28694.0,28847.7,15548678514,Bitcoin / USD,BTC-USD
2023-05-05,28851.5,29668.9,28845.5,29534.4,17936566518,Bitcoin / USD,BTC-USD
2023-05-06,29538.9,29820.1,28469.0,28904.6,15913866714,Bitcoin / USD,BTC-USD
2023-05-07,28901.6,29157.5,28441.4,28455.0,11301355486,Bitcoin / USD,BTC-USD
2023-05-08,28450.5,28663.3,27310.1,27694.3,19122903752,Bitcoin / USD,BTC-USD
2023-05-09,27695.1,27821.4,27375.6,27658.8,14128593256,Bitcoin / USD,BTC-USD
2023-05-10,27654.6,28322.7,26883.7,27621.8,20656025026,Bitcoin / USD,BTC-USD
2023-05-11,27621.1,27621.9,26781.8,27000.8,16724343943,Bitcoin / USD,BTC-USD
2023-05-12,26987.7,27055.6,25878.4,26805.0,19313599897,Bitcoin / USD,BTC-USD
2023-05-13,26807.8,27030.5,26710.9,26784.1,9999171605,Bitcoin / USD,BTC-USD
2023-05-14,26789.0,27151.0,26661.4,26930.6,10014858959,Bitcoin / USD,BTC-USD
2023-05-15,26931.4,27646.3,26766.1,27192.7,14413231792,Bitcoin / USD,BTC-USD
2023-05-16,27171.5,27299.3,26878.9,27036.7,12732238816,Bitcoin / USD,BTC-USD
2023-05-17,27035.5,27465.9,26600.1,27398.8,15140006925,Bitcoin / USD,BTC-USD
2023-05-18,27401.7,27466.5,26415.1,26832.2,15222938600,Bitcoin / USD,BTC-USD
2023-05-19,26826.8,27128.6,26700.2,26890.1,11258983301,Bitcoin / USD,BTC-USD
2023-05-20,26888.8,27155.2,26843.3,27129.6,7044911360,Bitcoin / USD,BTC-USD
2023-05-21,27118.4,27265.9,26706.9,26753.8,8647416921,Bitcoin / USD,BTC-USD
2023-05-22,26749.9,27045.7,26549.7,26851.3,11056770492,Bitcoin / USD,BTC-USD
2023-05-23,26856.0,27434.7,26816.2,27225.7,13697203143,Bitcoin / USD,BTC-USD
2023-05-24,27224.6,27224.6,26106.6,26334.8,16299104428,Bitcoin / USD,BTC-USD
2023-05-25,26329.5,26591.5,25890.6,26476.2,13851122697,Bitcoin / USD,BTC-USD
2023-05-26,26474.2,26916.7,26343.9,26719.3,12711619225,Bitcoin / USD,BTC-USD
2023-05-27,26720.2,26888.9,26621.1,26868.4,7892015141,Bitcoin / USD,BTC-USD
2023-05-28,26871.2,28193.4,26802.8,28085.6,14545229578,Bitcoin / USD,BTC-USD
2023-05-29,28075.6,28432.0,27563.9,27745.9,15181308984,Bitcoin / USD,BTC-USD
2023-05-30,27745.1,28044.8,27588.5,27702.3,13251081851,Bitcoin / USD,BTC-USD
2023-05-31,27700.5,27831.7,26866.5,27219.7,15656371534,Bitcoin / USD,BTC-USD
2023-06-01,27218.4,27346.1,26671.7,26820.0,14678970415,Bitcoin / USD,BTC-USD
2023-06-02,26824.6,27303.9,26574.6,27249.6,14837415000,Bitcoin / USD,BTC-USD
2023-06-03,27252.3,27317.1,26958.0,27075.1,8385597470,Bitcoin / USD,BTC-USD
2023-06-04,27075.1,27407.0,26968.2,27119.1,9360912318,Bitcoin / USD,BTC-USD
2023-06-05,27123.1,27130.0,25445.2,25760.1,21513292646,Bitcoin / USD,BTC-USD
2023-06-06,25732.1,27313.8,25434.9,27238.8,21929670693,Bitcoin / USD,BTC-USD
2023-06-07,27235.7,27332.2,26147.0,26346.0,19530045082,Bitcoin / USD,BTC-USD
2023-06-08,26347.7,26797.5,26246.7,26508.2,11904824295,Bitcoin / USD,BTC-USD
2023-06-09,26505.9,26770.3,26339.3,26480.4,11015551640,Bitcoin / USD,BTC-USD
2023-06-10,26481.8,26531.0,25501.8,25851.2,19872933189,Bitcoin / USD,BTC-USD
2023-06-11,25854.0,26203.4,25669.0,25940.2,10732609603,Bitcoin / USD,BTC-USD
2023-06-12,25934.3,26087.9,25675.2,25902.5,11677889997,Bitcoin / USD,BTC-USD
2023-06-13,25902.9,26376.4,25728.4,25918.7,14143474486,Bitcoin / USD,BTC-USD
2023-06-14,25920.3,26041.8,24902.2,25124.7,14265717766,Bitcoin / USD,BTC-USD
2023-06-15,25121.7,25735.3,24797.2,25576.4,15837384409,Bitcoin / USD,BTC-USD
2023-06-16,25575.3,26463.2,25245.4,26327.5,16324646965,Bitcoin / USD,BTC-USD
2023-06-17,26328.7,26769.4,26174.5,26510.7,11090276850,Bitcoin / USD,BTC-USD
2023-06-18,26510.5,26675.9,26325.9,26336.2,9565695129,Bitcoin / USD,BTC-USD
2023-06-19,26335.4,26984.6,26312.8,26851.0,12826986222,Bitcoin / USD,BTC-USD
2023-06-20,26841.7,28389.0,26668.8,28327.5,22211859147,Bitcoin / USD,BTC-USD
2023-06-21,28311.3,30737.3,28283.4,30027.3,33346760979,Bitcoin / USD,BTC-USD
2023-06-22,29995.9,30496.0,29679.2,29912.3,20653160491,Bitcoin / USD,BTC-USD
2023-06-23,29896.4,31389.5,29845.2,30695.5,24115570085,Bitcoin / USD,BTC-USD
2023-06-24,30708.7,30804.1,30290.1,30548.7,12147822496,Bitcoin / USD,BTC-USD
2023-06-25,30545.2,31041.3,30327.9,30480.3,12703464114,Bitcoin / USD,BTC-USD
2023-06-26,30480.5,30636.0,29955.7,30271.1,16493186997,Bitcoin / USD,BTC-USD
2023-06-27,30274.3,31006.8,30236.7,30688.2,16428827944,Bitcoin / USD,BTC-USD
2023-06-28,30696.6,30703.3,29921.8,30086.2,14571500779,Bitcoin / USD,BTC-USD
2023-06-29,30086.2,30796.2,30057.2,30445.4,13180860821,Bitcoin / USD,BTC-USD
2023-06-30,30441.4,31256.9,29600.3,30477.3,26387306197,Bitcoin / USD,BTC-USD
2023-07-01,30471.8,30641.3,30328.9,30590.1,9086606733,Bitcoin / USD,BTC-USD
2023-07-02,30587.3,30766.1,30264.0,30620.8,10533418042,Bitcoin / USD,BTC-USD
2023-07-03,30624.5,31375.6,30586.5,31156.4,15271884873,Bitcoin / USD,BTC-USD
2023-07-04,31156.9,31325.2,30659.4,30777.6,12810828427,Bitcoin / USD,BTC-USD
2023-07-05,30778.7,30877.3,30225.6,30514.2,12481622280,Bitcoin / USD,BTC-USD
2023-07-06,30507.2,31460.1,29892.2,29909.3,21129219509,Bitcoin / USD,BTC-USD
2023-07-07,29908.0,30434.6,29777.3,30342.3,13384770155,Bitcoin / USD,BTC-USD
2023-07-08,30346.9,30374.4,30080.2,30292.5,7509378699,Bitcoin / USD,BTC-USD
2023-07-09,30291.6,30427.6,30085.6,30171.2,7903327692,Bitcoin / USD,BTC-USD
2023-07-10,30172.4,31026.1,29985.4,30414.5,14828209155,Bitcoin / USD,BTC-USD
2023-07-11,30417.6,30788.3,30358.1,30621.0,12151839152,Bitcoin / USD,BTC-USD
2023-07-12,30622.2,30960.0,30228.8,30391.6,14805659717,Bitcoin / USD,BTC-USD
2023-07-13,30387.5,31814.5,30268.4,31476.0,23686079548,Bitcoin / USD,BTC-USD
2023-07-14,31474.7,31582.3,29966.4,30334.1,20917902660,Bitcoin / USD,BTC-USD
2023-07-15,30331.8,30407.8,30263.5,30295.8,8011667756,Bitcoin / USD,BTC-USD
2023-07-16,30297.5,30437.6,30089.7,30249.1,8516564470,Bitcoin / USD,BTC-USD
2023-07-17,30249.6,30336.4,29685.8,30145.9,13240156074,Bitcoin / USD,BTC-USD
2023-07-18,30147.1,30233.7,29556.4,29856.6,13138897269,Bitcoin / USD,BTC-USD
2023-07-19,29862.0,30184.2,29794.3,29913.9,12128602812,Bitcoin / USD,BTC-USD
2023-07-20,29915.2,30195.5,29638.1,29792.0,14655207121,Bitcoin / USD,BTC-USD
2023-07-21,29805.1,30046.0,29733.9,29908.7,10972789818,Bitcoin / USD,BTC-USD
2023-07-22,29908.7,29991.6,29664.1,29771.8,7873300598,Bitcoin / USD,BTC-USD
2023-07-23,29790.1,30330.6,29741.5,30084.5,9220145050,Bitcoin / USD,BTC-USD
2023-07-24,30081.7,30093.4,28934.3,29176.9,15395817395,Bitcoin / USD,BTC-USD
2023-07-25,29179.0,29353.2,29062.4,29227.4,10266772793,Bitcoin / USD,BTC-USD
2023-07-26,29225.8,29675.6,29113.9,29355.0,13497554655,Bitcoin / USD,BTC-USD
2023-07-27,29353.8,29561.0,29099.4,29210.7,10770779217,Bitcoin / USD,BTC-USD
2023-07-28,29212.2,29521.5,29125.8,29319.2,11218474952,Bitcoin / USD,BTC-USD
2023-07-29,29319.4,29396.8,29264.2,29356.9,6481775959,Bitcoin / USD,BTC-USD
2023-07-30,29357.1,29443.2,29059.5,29275.3,8678454527,Bitcoin / USD,BTC-USD
2023-07-31,29278.3,29489.9,29131.6,29230.1,11656781982,Bitcoin / USD,BTC-USD
2023-08-01,29230.9,29675.7,28657.0,29675.7,18272392391,Bitcoin / USD,BTC-USD
2023-08-02,29704.1,29988.0,28946.5,29152.0,19212655598,Bitcoin / USD,BTC-USD
2023-08-03,29161.8,29375.7,28959.5,29178.7,12780357746,Bitcoin / USD,BTC-USD
2023-08-04,29174.4,29302.1,28885.3,29074.1,12036639988,Bitcoin / USD,BTC-USD
2023-08-05,29075.4,29102.5,28957.8,29042.1,6598366353,Bitcoin / USD,BTC-USD
2023-08-06,29043.7,29160.8,28963.8,29041.9,7269806994,Bitcoin / USD,BTC-USD
2023-08-07,29038.5,29244.3,28724.1,29180.6,13618163710,Bitcoin / USD,BTC-USD
2023-08-08,29180.0,30176.8,29113.8,29765.5,17570561357,Bitcoin / USD,BTC-USD
2023-08-09,29766.7,30093.4,29376.8,29561.5,18379521213,Bitcoin / USD,BTC-USD
2023-08-10,29564.0,29688.6,29354.4,29429.6,11865344789,Bitcoin / USD,BTC-USD
2023-08-11,29424.9,29517.8,29253.5,29397.7,10195168197,Bitcoin / USD,BTC-USD
2023-08-12,29399.8,29465.1,29357.6,29416.0,6194358008,Bitcoin / USD,BTC-USD
2023-08-13,29416.6,29441.4,29265.8,29282.9,7329897180,Bitcoin / USD,BTC-USD
2023-08-14,29283.3,29660.3,29124.1,29408.4,14013695304,Bitcoin / USD,BTC-USD
2023-08-15,29408.0,29439.1,29088.9,29170.3,12640195779,Bitcoin / USD,BTC-USD
2023-08-16,29169.1,29222.0,28701.8,28701.8,14949271904,Bitcoin / USD,BTC-USD
2023-08-17,28699.8,28745.9,25409.1,26664.6,31120851211,Bitcoin / USD,BTC-USD
2023-08-18,26636.1,26808.2,25668.9,26049.6,24026236529,Bitcoin / USD,BTC-USD
2023-08-19,26047.8,26249.4,25802.4,26096.2,10631443812,Bitcoin / USD,BTC-USD
2023-08-20,26096.9,26260.7,26004.3,26189.6,9036580420,Bitcoin / USD,BTC-USD
2023-08-21,26188.7,26220.2,25846.1,26124.1,13371557893,Bitcoin / USD,BTC-USD
2023-08-22,26130.7,26135.5,25520.7,26031.7,14503820706,Bitcoin / USD,BTC-USD
2023-08-23,26040.5,26786.9,25805.0,26431.6,16985265785,Bitcoin / USD,BTC-USD
2023-08-24,26431.5,26554.9,25914.9,26162.4,12871532023,Bitcoin / USD,BTC-USD
2023-08-25,26163.7,26248.1,25786.8,26047.7,12406045118,Bitcoin / USD,BTC-USD
2023-08-26,26047.2,26107.4,25983.9,26008.5,6034817316,Bitcoin / USD,BTC-USD
2023-08-27,26008.2,26165.4,25965.1,26089.7,6913768611,Bitcoin / USD,BTC-USD
2023-08-28,26089.6,26198.6,25880.6,26106.2,11002805166,Bitcoin / USD,BTC-USD
2023-08-29,26102.5,28089.3,25912.6,27727.4,29368391712,Bitcoin / USD,BTC-USD
2023-08-30,27726.1,27760.2,27069.2,27297.3,16343655235,Bitcoin / USD,BTC-USD
2023-08-31,27301.9,27456.1,25752.9,25931.5,20181001451,Bitcoin / USD,BTC-USD
2023-09-01,25934.0,26125.9,25362.6,25800.7,17202862221,Bitcoin / USD,BTC-USD
2023-09-02,25800.9,25970.3,25753.1,25868.8,10100387473,Bitcoin / USD,BTC-USD
2023-09-03,25869.5,26087.1,25817.0,25969.6,8962524523,Bitcoin / USD,BTC-USD
2023-09-04,25968.2,26081.5,25657.0,25812.4,10680635106,Bitcoin / USD,BTC-USD
2023-09-05,25815.0,25858.4,25590.0,25780.0,11094740040,Bitcoin / USD,BTC-USD
2023-09-06,25783.9,25953.0,25404.4,25753.2,12752705327,Bitcoin / USD,BTC-USD
2023-09-07,25748.3,26409.3,25608.2,26240.2,11088307100,Bitcoin / USD,BTC-USD
2023-09-08,26245.2,26414.0,25677.5,25905.7,10817356400,Bitcoin / USD,BTC-USD
2023-09-09,25905.4,25922.0,25810.5,25895.7,5481314132,Bitcoin / USD,BTC-USD
2023-09-10,25895.2,25978.1,25640.3,25832.2,7899553047,Bitcoin / USD,BTC-USD
2023-09-11,25831.7,25883.9,24930.3,25162.7,14600006467,Bitcoin / USD,BTC-USD
2023-09-12,25160.7,26451.9,25133.1,25833.3,18657279324,Bitcoin / USD,BTC-USD
2023-09-13,25837.6,26376.1,25781.1,26228.3,13072077070,Bitcoin / USD,BTC-USD
2023-09-14,26228.3,26774.6,26171.5,26539.7,13811359124,Bitcoin / USD,BTC-USD
2023-09-15,26533.8,26840.5,26240.7,26608.7,11479735788,Bitcoin / USD,BTC-USD
2023-09-16,26606.2,26754.8,26473.9,26568.3,7402031417,Bitcoin / USD,BTC-USD
2023-09-17,26567.9,26618.0,26445.1,26534.2,6774210670,Bitcoin / USD,BTC-USD
2023-09-18,26533.0,27414.7,26415.5,26754.3,15615339655,Bitcoin / USD,BTC-USD
2023-09-19,26760.9,27488.8,26681.6,27211.1,13807690550,Bitcoin / USD,BTC-USD
2023-09-20,27210.2,27379.5,26864.1,27132.0,13281116604,Bitcoin / USD,BTC-USD
2023-09-21,27129.8,27152.9,26389.3,26567.6,13371443708,Bitcoin / USD,BTC-USD
2023-09-22,26564.1,26726.1,26495.5,26579.6,10578746709,Bitcoin / USD,BTC-USD
2023-09-23,26578.6,26634.2,26520.5,26579.4,7404700301,Bitcoin / USD,BTC-USD
2023-09-24,26579.4,26716.1,26221.1,26256.8,8192867686,Bitcoin / USD,BTC-USD
2023-09-25,26253.8,26421.5,26011.5,26298.5,11997833257,Bitcoin / USD,BTC-USD
2023-09-26,26294.8,26389.9,26090.7,26217.2,9985498161,Bitcoin / USD,BTC-USD
2023-09-27,26209.5,26817.8,26111.5,26352.7,11718380997,Bitcoin / USD,BTC-USD
2023-09-28,26355.8,27259.5,26327.3,27021.5,14079002707,Bitcoin / USD,BTC-USD
2023-09-29,27024.8,27225.9,26721.8,26911.7,10396435377,Bitcoin / USD,BTC-USD
2023-09-30,26911.7,27091.8,26889.0,26967.9,5331172801,Bitcoin / USD,BTC-USD
2023-10-01,26967.4,28047.2,26965.1,27983.8,9503917434,Bitcoin / USD,BTC-USD
2023-10-02,27976.8,28494.5,27347.8,27530.8,19793041322,Bitcoin / USD,BTC-USD
2023-10-03,27508.3,27667.2,27216.0,27430.0,11407814187,Bitcoin / USD,BTC-USD
2023-10-04,27429.1,27826.7,27248.1,27799.4,11143355314,Bitcoin / USD,BTC-USD
2023-10-05,27798.6,28091.9,27375.6,27415.9,11877253670,Bitcoin / USD,BTC-USD
2023-10-06,27412.1,28252.5,27215.6,27946.6,13492391599,Bitcoin / USD,BTC-USD
2023-10-07,27946.8,28028.1,27870.4,27968.8,6553044316,Bitcoin / USD,BTC-USD
2023-10-08,27971.7,28102.2,27740.7,27935.1,7916875290,Bitcoin / USD,BTC-USD
2023-10-09,27934.5,27989.5,27302.6,27583.7,12007668568,Bitcoin / USD,BTC-USD
2023-10-10,27589.2,27715.8,27301.7,27391.0,9973350678,Bitcoin / USD,BTC-USD
2023-10-11,27392.1,27474.1,26561.1,26873.3,13648094333,Bitcoin / USD,BTC-USD
2023-10-12,26873.3,26921.4,26558.3,26756.8,9392909295,Bitcoin / USD,BTC-USD
2023-10-13,26752.9,27092.7,26686.3,26862.4,15165312851,Bitcoin / USD,BTC-USD
2023-10-14,26866.2,26969.0,26814.6,26861.7,5388116782,Bitcoin / USD,BTC-USD
2023-10-15,26858.0,27289.2,26817.9,27159.7,7098201980,Bitcoin / USD,BTC-USD
2023-10-16,27162.6,29448.1,27130.5,28519.5,27833876539,Bitcoin / USD,BTC-USD
2023-10-17,28522.1,28618.8,28110.2,28415.7,14872527508,Bitcoin / USD,BTC-USD
2023-10-18,28413.5,28889.0,28174.3,28328.3,12724128586,Bitcoin / USD,BTC-USD
2023-10-19,28332.4,28892.5,28178.0,28719.8,14448058195,Bitcoin / USD,BTC-USD
2023-10-20,28732.8,30104.1,28601.7,29682.9,21536125230,Bitcoin / USD,BTC-USD
2023-10-21,29683.4,30287.5,29481.8,29918.4,11541146996,Bitcoin / USD,BTC-USD
2023-10-22,29918.7,30199.4,29720.3,29993.9,10446520040,Bitcoin / USD,BTC-USD
2023-10-23,30140.7,34370.4,30097.8,33086.2,38363572311,Bitcoin / USD,BTC-USD
2023-10-24,33077.3,35150.4,32880.8,33901.5,44934999645,Bitcoin / USD,BTC-USD
2023-10-25,33916.0,35133.8,33709.1,34502.8,25254318008,Bitcoin / USD,BTC-USD
2023-10-26,34504.3,34832.9,33762.3,34156.6,19427195376,Bitcoin / USD,BTC-USD
2023-10-27,34156.5,34238.2,33416.9,33909.8,16418032871,Bitcoin / USD,BTC-USD
2023-10-28,33907.7,34399.4,33874.8,34089.6,10160330825,Bitcoin / USD,BTC-USD
2023-10-29,34089.4,34743.3,33947.6,34538.5,11160323986,Bitcoin / USD,BTC-USD
2023-10-30,34531.7,34843.9,34111.0,34502.4,17184860315,Bitcoin / USD,BTC-USD
2023-10-31,34500.1,34719.3,34083.3,34667.8,15758270810,Bitcoin / USD,BTC-USD
2023-11-01,34657.3,35527.9,34170.7,35437.3,22446272005,Bitcoin / USD,BTC-USD
2023-11-02,35441.6,35919.8,34401.6,34938.2,20998158544,Bitcoin / USD,BTC-USD
2023-11-03,34942.5,34942.5,34133.4,34732.3,17158456701,Bitcoin / USD,BTC-USD
2023-11-04,34736.3,35256.0,34616.7,35082.2,9561294264,Bitcoin / USD,BTC-USD
2023-11-05,35090.0,35340.3,34594.2,35049.4,12412743996,Bitcoin / USD,BTC-USD
2023-11-06,35044.8,35286.0,34765.4,35037.4,12693436420,Bitcoin / USD,BTC-USD
2023-11-07,35047.8,35892.4,34545.8,35443.6,18834737789,Bitcoin / USD,BTC-USD
2023-11-08,35419.5,35994.4,35147.8,35655.3,17295394918,Bitcoin / USD,BTC-USD
2023-11-09,35633.6,37926.3,35592.1,36693.1,37762672382,Bitcoin / USD,BTC-USD
2023-11-10,36702.2,37493.8,36362.8,37314.0,22711265155,Bitcoin / USD,BTC-USD
2023-11-11,37310.1,37407.1,36773.7,37138.1,13924272142,Bitcoin / USD,BTC-USD
2023-11-12,37134.0,37227.7,36779.1,37054.5,11545715999,Bitcoin / USD,BTC-USD
2023-11-13,37070.3,37405.1,36399.6,36502.4,19057712790,Bitcoin / USD,BTC-USD
2023-11-14,36491.8,36753.4,34948.5,35537.6,23857403554,Bitcoin / USD,BTC-USD
2023-11-15,35548.1,37964.9,35383.8,37880.6,27365821679,Bitcoin / USD,BTC-USD
2023-11-16,37880.0,37934.6,35545.5,36154.8,26007385366,Bitcoin / USD,BTC-USD
2023-11-17,36164.8,36704.5,35901.2,36596.7,22445028430,Bitcoin / USD,BTC-USD
2023-11-18,36625.4,36839.3,36233.3,36585.7,11886022717,Bitcoin / USD,BTC-USD
2023-11-19,36585.8,37509.4,36414.6,37386.5,12915986553,Bitcoin / USD,BTC-USD
2023-11-20,37374.1,37756.8,36882.5,37477.0,20888209068,Bitcoin / USD,BTC-USD
2023-11-21,37469.2,37631.1,35813.8,35813.8,25172163756,Bitcoin / USD,BTC-USD
2023-11-22,35756.6,37857.0,35671.0,37432.3,24397247860,Bitcoin / USD,BTC-USD
2023-11-23,37420.4,37643.9,36923.9,37289.6,14214948217,Bitcoin / USD,BTC-USD
2023-11-24,37296.3,38415.3,37261.6,37720.3,22922957823,Bitcoin / USD,BTC-USD
2023-11-25,37721.4,37892.4,37617.4,37796.8,9099571165,Bitcoin / USD,BTC-USD
2023-11-26,37796.8,37820.3,37162.8,37479.1,13744796068,Bitcoin / USD,BTC-USD
2023-11-27,37454.2,37559.4,36750.1,37254.2,19002925720,Bitcoin / USD,BTC-USD
2023-11-28,37248.0,38368.5,36891.1,37831.1,21696137014,Bitcoin / USD,BTC-USD
2023-11-29,37826.1,38366.1,37612.6,37858.5,20728546658,Bitcoin / USD,BTC-USD
2023-11-30,37861.1,38141.8,37531.1,37712.7,18115982627,Bitcoin / USD,BTC-USD
2023-12-01,37718.0,38954.1,37629.4,38688.8,23512784002,Bitcoin / USD,BTC-USD
2023-12-02,38689.3,39678.9,38652.6,39476.3,15534035612,Bitcoin / USD,BTC-USD
2023-12-03,39472.2,40135.6,39298.2,39978.4,15769696322,Bitcoin / USD,BTC-USD
2023-12-04,39978.6,42371.8,39978.6,41980.1,39856129827,Bitcoin / USD,BTC-USD
2023-12-05,41986.3,44408.7,41421.1,44080.6,36312154535,Bitcoin / USD,BTC-USD
2023-12-06,44080.0,44265.8,43478.1,43746.4,29909761586,Bitcoin / USD,BTC-USD
2023-12-07,43769.1,44042.6,42880.6,43292.7,27635760671,Bitcoin / USD,BTC-USD
2023-12-08,43293.1,44705.5,43125.3,44166.6,24421116687,Bitcoin / USD,BTC-USD
2023-12-09,44180.0,44361.3,43627.6,43726.0,17368210171,Bitcoin / USD,BTC-USD
2023-12-10,43728.4,44034.6,43593.3,43779.7,13000481418,Bitcoin / USD,BTC-USD
2023-12-11,43792.0,43808.4,40234.6,41243.8,40632672038,Bitcoin / USD,BTC-USD
2023-12-12,41238.7,42048.3,40667.6,41450.2,24779520132,Bitcoin / USD,BTC-USD
2023-12-13,41468.5,43429.8,40676.9,42890.7,26797884674,Bitcoin / USD,BTC-USD
2023-12-14,42884.3,43390.9,41767.1,43024.0,25578530178,Bitcoin / USD,BTC-USD
2023-12-15,43028.2,43087.8,41693.0,41929.8,19639442462,Bitcoin / USD,BTC-USD
2023-12-16,41937.7,42664.9,41723.1,42240.1,14386729590,Bitcoin / USD,BTC-USD
2023-12-17,42236.1,42359.5,41274.5,41364.7,16678702876,Bitcoin / USD,BTC-USD
2023-12-18,41348.2,42720.3,40530.3,42623.5,25224642008,Bitcoin / USD,BTC-USD
2023-12-19,42641.5,43354.3,41826.3,42270.5,23171001281,Bitcoin / USD,BTC-USD
2023-12-20,42261.3,44275.6,42223.8,43652.2,27868908174,Bitcoin / USD,BTC-USD
2023-12-21,43648.1,44240.7,43330.1,43869.2,22452766169,Bitcoin / USD,BTC-USD
2023-12-22,43869.0,44368.0,43442.0,43997.9,21028503216,Bitcoin / USD,BTC-USD
2023-12-23,44012.2,44015.7,43351.4,43739.5,13507796558,Bitcoin / USD,BTC-USD
2023-12-24,43728.4,43945.5,42786.9,43016.1,18830554085,Bitcoin / USD,BTC-USD
2023-12-25,43010.6,43765.1,42765.8,43613.1,21115795370,Bitcoin / USD,BTC-USD
2023-12-26,43599.8,43603.2,41676.5,42520.4,30026850982,Bitcoin / USD,BTC-USD
2023-12-27,42518.5,43683.2,42167.6,43442.9,25260941032,Bitcoin / USD,BTC-USD
2023-12-28,43468.2,43804.8,42318.6,42627.9,22992093014,Bitcoin / USD,BTC-USD
2023-12-29,42614.6,43124.3,41424.1,42099.4,26000021055,Bitcoin / USD,BTC-USD
2023-12-30,42091.8,42584.1,41556.2,42156.9,16013925945,Bitcoin / USD,BTC-USD
2023-12-31,42152.1,42860.9,41998.3,42265.2,16397498810,Bitcoin / USD,BTC-USD
2024-01-01,42280.2,44175.4,42215.0,44167.3,18426978443,Bitcoin / USD,BTC-USD
2024-01-02,44187.1,45899.7,44176.9,44958.0,39335274536,Bitcoin / USD,BTC-USD
2024-01-03,44961.6,45503.2,40813.5,42848.2,46342323118,Bitcoin / USD,BTC-USD
2024-01-04,42855.8,44770.0,42675.2,44179.9,30448091210,Bitcoin / USD,BTC-USD
2024-01-05,44193.0,44353.3,42784.7,44162.7,32336029347,Bitcoin / USD,BTC-USD
2024-01-06,44179.0,44227.6,43475.2,43989.2,16092503468,Bitcoin / USD,BTC-USD
2024-01-07,43998.5,44495.6,43662.2,43943.1,19330573863,Bitcoin / USD,BTC-USD
2024-01-08,43948.7,47218.0,43244.1,46970.5,42746192015,Bitcoin / USD,BTC-USD
2024-01-09,46987.6,47893.7,45244.7,46139.7,39821290992,Bitcoin / USD,BTC-USD
2024-01-10,46121.5,47647.2,44483.2,46627.8,50114613298,Bitcoin / USD,BTC-USD
2024-01-11,46656.1,48969.4,45678.6,46368.6,45833734549,Bitcoin / USD,BTC-USD
2024-01-12,46354.8,46498.1,41903.8,42853.2,43332698900,Bitcoin / USD,BTC-USD
2024-01-13,42799.4,43234.7,42464.1,42842.4,20601860469,Bitcoin / USD,BTC-USD
2024-01-14,42842.3,43065.6,41724.6,41796.3,17521429522,Bitcoin / USD,BTC-USD
2024-01-15,41715.1,43319.7,41705.4,42512.0,22320220558,Bitcoin / USD,BTC-USD
2024-01-16,42499.3,43566.3,42086.0,43154.9,24062872740,Bitcoin / USD,BTC-USD
2024-01-17,43132.1,43189.9,42189.3,42742.7,20851232595,Bitcoin / USD,BTC-USD
2024-01-18,42742.3,42876.3,40631.2,41262.1,25218357242,Bitcoin / USD,BTC-USD
2024-01-19,41278.5,42134.2,40297.5,41618.4,25752407154,Bitcoin / USD,BTC-USD
2024-01-20,41624.6,41877.9,41446.8,41665.6,11586690904,Bitcoin / USD,BTC-USD
2024-01-21,41671.5,41855.4,41497.0,41545.8,9344043642,Bitcoin / USD,BTC-USD
2024-01-22,41553.7,41651.2,39450.1,39507.4,31338708143,Bitcoin / USD,BTC-USD
2024-01-23,39518.7,40127.4,38521.9,39845.6,29244553045,Bitcoin / USD,BTC-USD
2024-01-24,39877.6,40483.8,39508.8,40077.1,22359526178,Bitcoin / USD,BTC-USD
2024-01-25,40075.6,40254.5,39545.7,39933.8,18491782013,Bitcoin / USD,BTC-USD
2024-01-26,39936.8,42209.4,39825.7,41816.9,25598119893,Bitcoin / USD,BTC-USD
2024-01-27,41815.6,42195.6,41431.3,42120.1,11422941934,Bitcoin / USD,BTC-USD
2024-01-28,42126.1,42797.2,41696.9,42035.6,16858971687,Bitcoin / USD,BTC-USD
2024-01-29,42030.9,43305.9,41818.3,43288.2,20668476578,Bitcoin / USD,BTC-USD
2024-01-30,43300.2,43838.9,42711.4,42952.6,23842814518,Bitcoin / USD,BTC-USD
2024-01-31,42946.2,43717.4,42298.9,42582.6,24673628793,Bitcoin / USD,BTC-USD
2024-02-01,42569.8,43243.2,41879.2,43075.8,21423953779,Bitcoin / USD,BTC-USD
2024-02-02,43077.6,43422.5,42584.3,43185.9,18603843039,Bitcoin / USD,BTC-USD
2024-02-03,43185.0,43359.9,42890.8,42992.2,11169245236,Bitcoin / USD,BTC-USD
2024-02-04,42994.9,43097.6,42374.8,42583.6,14802225490,Bitcoin / USD,BTC-USD
2024-02-05,42577.6,43494.2,42264.8,42658.7,18715487317,Bitcoin / USD,BTC-USD
2024-02-06,42657.4,43344.1,42529.0,43084.7,16798476726,Bitcoin / USD,BTC-USD
2024-02-07,43090.0,44341.9,42776.0,44318.2,21126587775,Bitcoin / USD,BTC-USD
2024-02-08,44332.1,45575.8,44332.1,45301.6,26154524080,Bitcoin / USD,BTC-USD
2024-02-09,45297.4,48152.5,45260.8,47147.2,39316770844,Bitcoin / USD,BTC-USD
2024-02-10,47153.5,48146.2,46905.3,47771.3,16398681570,Bitcoin / USD,BTC-USD
2024-02-11,47769.0,48535.9,47617.4,48293.9,19315867136,Bitcoin / USD,BTC-USD
2024-02-12,48296.4,50280.5,47745.8,49958.2,34511985805,Bitcoin / USD,BTC-USD
2024-02-13,49941.4,50358.4,48406.5,49742.4,35593051468,Bitcoin / USD,BTC-USD
2024-02-14,49733.4,52021.4,49296.8,51826.7,39105608050,Bitcoin / USD,BTC-USD
2024-02-15,51836.8,52820.1,51371.6,51938.6,38564360533,Bitcoin / USD,BTC-USD
2024-02-16,51937.7,52538.0,51641.4,52160.2,28180567298,Bitcoin / USD,BTC-USD
2024-02-17,52161.7,52191.9,50669.7,51663.0,20009091006,Bitcoin / USD,BTC-USD
2024-02-18,51662.0,52357.0,51233.7,52122.5,17595377311,Bitcoin / USD,BTC-USD
2024-02-19,52134.8,52483.3,51711.8,51779.1,21362184346,Bitcoin / USD,BTC-USD
2024-02-20,51777.7,52945.1,50792.3,52284.9,33353758256,Bitcoin / USD,BTC-USD
2024-02-21,52273.5,52368.8,50671.8,51839.2,28624907020,Bitcoin / USD,BTC-USD
2024-02-22,51854.6,52009.6,50926.3,51305.0,25413900611,Bitcoin / USD,BTC-USD
2024-02-23,51283.9,51497.9,50561.8,50731.9,21427078270,Bitcoin / USD,BTC-USD
2024-02-24,50736.4,51684.2,50585.4,51571.1,15174077879,Bitcoin / USD,BTC-USD
2024-02-25,51565.2,51950.0,51306.2,51733.2,15413239245,Bitcoin / USD,BTC-USD
2024-02-26,51730.5,54938.2,50931.0,54522.4,34074411896,Bitcoin / USD,BTC-USD
2024-02-27,54519.4,57537.8,54484.2,57085.4,49756832031,Bitcoin / USD,BTC-USD
2024-02-28,57071.1,63913.1,56738.4,62504.8,83239156760,Bitcoin / USD,BTC-USD
2024-02-29,62499.2,63585.6,60498.7,61198.4,65496611844,Bitcoin / USD,BTC-USD
2024-03-01,61168.1,63155.1,60802.5,62440.6,40186368423,Bitcoin / USD,BTC-USD
2024-03-02,62431.7,62458.7,61657.3,62029.8,23888473685,Bitcoin / USD,BTC-USD
2024-03-03,62031.6,63230.2,61435.0,63167.4,26253811450,Bitcoin / USD,BTC-USD
2024-03-04,63137.0,68537.0,62386.5,68330.4,70670471105,Bitcoin / USD,BTC-USD
2024-03-05,68341.1,69170.6,59323.9,63801.2,102802940877,Bitcoin / USD,BTC-USD
2024-03-06,63776.1,67637.9,62848.7,66106.8,68750229073,Bitcoin / USD,BTC-USD
2024-03-07,66099.7,68029.9,65655.5,66925.5,46989543159,Bitcoin / USD,BTC-USD
2024-03-08,66938.1,70083.1,66230.5,68300.1,59202881172,Bitcoin / USD,BTC-USD
2024-03-09,68299.3,68673.1,68053.1,68498.9,21609650379,Bitcoin / USD,BTC-USD
2024-03-10,68500.3,70005.2,68240.0,69019.8,35683977532,Bitcoin / USD,BTC-USD
2024-03-11,69020.5,72850.7,67194.9,72123.9,65716656765,Bitcoin / USD,BTC-USD
2024-03-12,72125.1,72825.7,68728.9,71481.3,62554434520,Bitcoin / USD,BTC-USD
2024-03-13,71482.1,73637.5,71334.1,73083.5,48212536929,Bitcoin / USD,BTC-USD
2024-03-14,73079.4,73750.1,68563.0,71396.6,59594605698,Bitcoin / USD,BTC-USD
2024-03-15,71387.9,72357.1,65630.7,69403.8,78320453976,Bitcoin / USD,BTC-USD
2024-03-16,69392.5,70046.3,64801.4,65315.1,46842198371,Bitcoin / USD,BTC-USD
2024-03-17,65316.3,68845.7,64545.3,68390.6,44716864318,Bitcoin / USD,BTC-USD
2024-03-18,68371.3,68897.1,66594.2,67548.6,49261579492,Bitcoin / USD,BTC-USD
2024-03-19,67556.1,68106.9,61536.2,61912.8,74215844794,Bitcoin / USD,BTC-USD
2024-03-20,61930.2,68115.3,60807.8,67913.7,66792634382,Bitcoin / USD,BTC-USD
2024-03-21,67911.6,68200.0,64580.9,65491.4,44480350565,Bitcoin / USD,BTC-USD
2024-03-22,65489.9,66623.8,62355.4,63778.8,41401116964,Bitcoin / USD,BTC-USD
2024-03-23,63802.7,65976.4,63038.5,64062.2,24738964812,Bitcoin / USD,BTC-USD
2024-03-24,64070.8,67622.8,63825.9,67234.2,27206630673,Bitcoin / USD,BTC-USD
2024-03-25,67234.1,71162.6,66414.8,69958.8,42700139523,Bitcoin / USD,BTC-USD
2024-03-26,69931.3,71535.7,69335.6,69987.8,36010437368,Bitcoin / USD,BTC-USD
2024-03-27,69991.9,71727.7,68381.9,69455.3,40827113309,Bitcoin / USD,BTC-USD
2024-03-28,69452.8,71546.0,68895.5,70745.0,34374900617,Bitcoin / USD,BTC-USD
2024-03-29,70744.8,70913.1,69076.7,69892.8,25230851763,Bitcoin / USD,BTC-USD
2024-03-30,69893.4,70355.5,69601.1,69645.3,17130241883,Bitcoin / USD,BTC-USD
2024-03-31,69647.8,71377.8,69624.9,71333.6,20050941373,Bitcoin / USD,BTC-USD
2024-04-01,71333.5,71342.1,68110.7,69702.1,34873527352,Bitcoin / USD,BTC-USD
2024-04-02,69705.0,69708.4,64586.6,65447.0,50705240709,Bitcoin / USD,BTC-USD
2024-04-03,65446.7,66914.3,64559.9,65980.8,34488018367,Bitcoin / USD,BTC-USD
2024-04-04,65975.7,69291.3,65113.8,68508.8,34439527442,Bitcoin / USD,BTC-USD
2024-04-05,68515.8,68725.8,66011.5,67837.6,33748230056,Bitcoin / USD,BTC-USD
2024-04-06,67840.6,69629.6,67491.7,68896.1,19967785809,Bitcoin / USD,BTC-USD
2024-04-07,68897.1,70284.4,68851.6,69362.6,21204930369,Bitcoin / USD,BTC-USD
2024-04-08,69362.6,72715.4,69064.2,71631.4,37261432669,Bitcoin / USD,BTC-USD
2024-04-09,71632.5,71742.5,68212.9,69139.0,36426900409,Bitcoin / USD,BTC-USD
2024-04-10,69140.2,71093.4,67503.6,70587.9,38318601774,Bitcoin / USD,BTC-USD
2024-04-11,70575.7,71256.2,69571.8,70060.6,30153382941,Bitcoin / USD,BTC-USD
2024-04-12,70061.4,71222.7,65254.8,67195.9,44129299406,Bitcoin / USD,BTC-USD
2024-04-13,67188.4,67931.4,60919.1,63821.5,52869738185,Bitcoin / USD,BTC-USD
2024-04-14,63836.2,65824.4,62205.9,65738.7,49084320047,Bitcoin / USD,BTC-USD
2024-04-15,65739.6,66878.6,62332.1,63426.2,43595917654,Bitcoin / USD,BTC-USD
2024-04-16,63419.3,64355.7,61716.4,63811.9,42847528078,Bitcoin / USD,BTC-USD
2024-04-17,63831.8,64486.4,59768.6,61276.7,41915247049,Bitcoin / USD,BTC-USD
2024-04-18,61275.3,64125.7,60833.5,63512.8,36006307335,Bitcoin / USD,BTC-USD
2024-04-19,63510.8,65481.6,59651.4,63843.6,49920425401,Bitcoin / USD,BTC-USD
2024-04-20,63851.1,65442.5,63172.4,64994.4,23097485495,Bitcoin / USD,BTC-USD
2024-04-21,64992.8,65723.2,64277.7,64926.6,20506644853,Bitcoin / USD,BTC-USD
2024-04-22,64935.6,67234.0,64548.2,66837.7,28282686673,Bitcoin / USD,BTC-USD
2024-04-23,66839.9,67199.2,65864.9,66407.3,24310975583,Bitcoin / USD,BTC-USD
2024-04-24,66408.7,67075.4,63589.9,64276.9,30276655120,Bitcoin / USD,BTC-USD
2024-04-25,64275.0,65275.2,62783.6,64481.7,32155786816,Bitcoin / USD,BTC-USD
2024-04-26,64485.4,64789.7,63322.4,63755.3,24139372950,Bitcoin / USD,BTC-USD
2024-04-27,63751.0,63898.4,62424.7,63419.1,19530783039,Bitcoin / USD,BTC-USD
2024-04-28,63423.5,64321.5,62793.6,63113.2,17334827993,Bitcoin / USD,BTC-USD
2024-04-29,63106.4,64174.9,61795.5,63841.1,26635912073,Bitcoin / USD,BTC-USD
2024-04-30,63839.4,64703.3,59120.1,60636.9,37840840057,Bitcoin / USD,BTC-USD
2024-05-01,60609.5,60780.5,56555.3,58254.0,48439780271,Bitcoin / USD,BTC-USD
2024-05-02,58253.7,59602.3,56937.2,59123.4,32711813559,Bitcoin / USD,BTC-USD
2024-05-03,59122.3,63320.5,58848.3,62889.8,33172023048,Bitcoin / USD,BTC-USD
2024-05-04,62891.0,64495.0,62599.4,63891.5,20620477992,Bitcoin / USD,BTC-USD
2024-05-05,63892.5,64610.9,62955.3,64031.1,18296164805,Bitcoin / USD,BTC-USD
2024-05-06,64038.3,65494.9,62746.2,63161.9,28697928697,Bitcoin / USD,BTC-USD
2024-05-07,63162.8,64390.5,62286.0,62334.8,25930730982,Bitcoin / USD,BTC-USD
2024-05-08,62332.6,62986.1,60877.1,61187.9,26088172222,Bitcoin / USD,BTC-USD
2024-05-09,61191.2,63404.9,60648.1,63050.0,25453338161,Bitcoin / USD,BTC-USD
2024-05-10,63055.2,63446.7,60208.8,60792.8,27804954694,Bitcoin / USD,BTC-USD
2024-05-11,60793.4,61451.2,60492.6,60793.7,13842272968,Bitcoin / USD,BTC-USD
2024-05-12,60793.5,61818.2,60632.6,61448.4,13800459405,Bitcoin / USD,BTC-USD
2024-05-13,61451.2,63422.7,60769.8,62901.4,27889181179,Bitcoin / USD,BTC-USD
2024-05-14,62900.8,63092.1,61123.8,61552.8,28186271527,Bitcoin / USD,BTC-USD
2024-05-15,61554.0,66454.5,61330.4,66267.5,39815167074,Bitcoin / USD,BTC-USD
2024-05-16,66256.1,66712.4,64613.1,65231.6,31573077994,Bitcoin / USD,BTC-USD
2024-05-17,65231.3,67459.5,65119.3,67051.9,28031279310,Bitcoin / USD,BTC-USD
2024-05-18,67066.2,67387.3,66663.5,66940.8,16712277406,Bitcoin / USD,BTC-USD
2024-05-19,66937.9,67694.3,65937.2,66278.4,19249094538,Bitcoin / USD,BTC-USD
2024-05-20,66278.7,71483.6,66086.2,71448.2,43850655717,Bitcoin / USD,BTC-USD
2024-05-21,71443.1,71946.5,69191.1,70136.5,46932005990,Bitcoin / USD,BTC-USD
2024-05-22,70135.3,70623.7,68977.7,69122.3,32802561717,Bitcoin / USD,BTC-USD
2024-05-23,69121.3,70041.3,66357.0,67929.6,41895680979,Bitcoin / USD,BTC-USD
2024-05-24,67928.1,69220.3,66622.7,68526.1,29197308153,Bitcoin / USD,BTC-USD
2024-05-25,68526.9,69579.3,68515.8,69265.9,15473071741,Bitcoin / USD,BTC-USD
2024-05-26,69264.3,69506.2,68183.9,68518.1,15628433737,Bitcoin / USD,BTC-USD
2024-05-27,68512.2,70597.9,68232.5,69394.6,25870990717,Bitcoin / USD,BTC-USD
2024-05-28,69392.2,69514.6,67227.2,68296.2,32722265965,Bitcoin / USD,BTC-USD
2024-05-29,68296.4,68852.5,67101.5,67578.1,26707072906,Bitcoin / USD,BTC-USD
2024-05-30,67576.1,69500.5,67118.1,68365.0,29509712534,Bitcoin / USD,BTC-USD
2024-05-31,68362.5,68999.6,66633.4,67491.4,27387283769,Bitcoin / USD,BTC-USD
2024-06-01,67489.6,67839.8,67386.2,67706.9,11641495604,Bitcoin / USD,BTC-USD
2024-06-02,67710.3,68409.2,67315.5,67751.6,17110588415,Bitcoin / USD,BTC-USD
2024-06-03,67753.9,70230.8,67589.8,68804.8,32401285324,Bitcoin / USD,BTC-USD
2024-06-04,68804.6,71047.4,68564.6,70567.8,33149696545,Bitcoin / USD,BTC-USD
2024-06-05,70568.4,71735.4,70390.7,71082.8,32810771409,Bitcoin / USD,BTC-USD
2024-06-06,71082.8,71625.7,70119.1,70757.2,25223152007,Bitcoin / USD,BTC-USD
2024-06-07,70759.2,71907.9,68507.3,69342.6,36188381096,Bitcoin / USD,BTC-USD
2024-06-08,69324.2,69533.3,69210.7,69305.8,14262185861,Bitcoin / USD,BTC-USD
2024-06-09,69297.5,69817.5,69160.8,69648.0,13534028500,Bitcoin / USD,BTC-USD
2024-06-10,69644.3,70146.1,69232.4,69512.3,20597699541,Bitcoin / USD,BTC-USD
2024-06-11,69508.1,69549.4,66123.6,67332.0,37116136345,Bitcoin / USD,BTC-USD
2024-06-12,67321.4,69977.9,66902.5,68241.2,34497940694,Bitcoin / USD,BTC-USD
2024-06-13,68243.1,68365.8,66304.6,66756.4,28955204146,Bitcoin / USD,BTC-USD
2024-06-14,66747.6,67294.6,65056.9,66011.1,27403884779,Bitcoin / USD,BTC-USD
2024-06-15,66006.7,66402.2,65871.8,66191.0,14121265576,Bitcoin / USD,BTC-USD
2024-06-16,66189.4,66894.8,66018.2,66639.0,13281140541,Bitcoin / USD,BTC-USD
2024-06-17,66636.5,67188.3,65095.0,66490.3,30006354476,Bitcoin / USD,BTC-USD
2024-06-18,66491.0,66556.7,64067.0,65140.7,39481285950,Bitcoin / USD,BTC-USD
2024-06-19,65146.7,65695.4,64693.3,64960.3,21103423504,Bitcoin / USD,BTC-USD
2024-06-20,64960.3,66439.0,64547.8,64828.7,25641109124,Bitcoin / USD,BTC-USD
2024-06-21,64838.0,65007.5,63378.9,64096.2,26188171739,Bitcoin / USD,BTC-USD
2024-06-22,64113.9,64475.5,63929.8,64252.6,9858198793,Bitcoin / USD,BTC-USD
2024-06-23,64249.0,64491.7,63180.8,63180.8,11170471802,Bitcoin / USD,BTC-USD
2024-06-24,63173.4,63292.5,58601.7,60277.4,43152133651,Bitcoin / USD,BTC-USD
2024-06-25,60266.3,62258.3,60239.8,61804.6,29201215431,Bitcoin / USD,BTC-USD
2024-06-26,61789.7,62434.1,60695.2,60811.3,22506003064,Bitcoin / USD,BTC-USD
2024-06-27,60811.2,62293.9,60585.3,61604.8,21231745045,Bitcoin / USD,BTC-USD
2024-06-28,61612.8,62126.1,59985.4,60320.1,24952866877,Bitcoin / USD,BTC-USD
2024-06-29,60319.9,61097.6,60301.0,60887.4,12652903396,Bitcoin / USD,BTC-USD
2024-06-30,60888.4,62892.8,60632.9,62678.3,17333226409,Bitcoin / USD,BTC-USD
2024-07-01,62673.6,63777.2,62495.5,62852.0,25468379421,Bitcoin / USD,BTC-USD
2024-07-02,62844.4,63203.4,61752.7,62029.0,20151616992,Bitcoin / USD,BTC-USD
2024-07-03,62034.3,62187.7,59419.4,60173.9,29756701685,Bitcoin / USD,BTC-USD
2024-07-04,60147.1,60399.7,56777.8,56977.7,41149609230,Bitcoin / USD,BTC-USD
2024-07-05,57022.8,57497.2,53717.4,56662.4,55417544033,Bitcoin / USD,BTC-USD
2024-07-06,56659.1,58472.5,56039.0,58303.5,20610320577,Bitcoin / USD,BTC-USD
2024-07-07,58239.4,58371.1,55793.3,55849.1,20553359505,Bitcoin / USD,BTC-USD
2024-07-08,55849.6,58131.3,54321.0,56705.1,39766159899,Bitcoin / USD,BTC-USD
2024-07-09,56704.6,58239.2,56316.9,58009.2,27849512607,Bitcoin / USD,BTC-USD
2024-07-10,58033.9,59359.4,57178.4,57742.5,26175260526,Bitcoin / USD,BTC-USD
2024-07-11,57729.9,59299.4,57120.4,57344.9,28707803842,Bitcoin / USD,BTC-USD
2024-07-12,57341.2,58532.6,56590.2,57899.5,25604805221,Bitcoin / USD,BTC-USD
2024-07-13,57908.7,59787.1,57796.4,59232.0,17080061806,Bitcoin / USD,BTC-USD
2024-07-14,59225.2,61329.5,59225.2,60787.8,22223416061,Bitcoin / USD,BTC-USD
2024-07-15,60815.5,64870.2,60704.9,64870.2,38094526099,Bitcoin / USD,BTC-USD
2024-07-16,64784.4,65354.3,62488.0,65097.1,41617346768,Bitcoin / USD,BTC-USD
2024-07-17,65091.8,66066.7,63896.1,64118.8,32525071311,Bitcoin / USD,BTC-USD
2024-07-18,64104.7,65104.7,63246.2,63974.1,27239305337,Bitcoin / USD,BTC-USD
2024-07-19,63972.3,67442.6,63329.3,66710.2,37003855410,Bitcoin / USD,BTC-USD
2024-07-20,66709.9,67610.7,66299.6,67163.6,19029581250,Bitcoin / USD,BTC-USD
2024-07-21,67164.9,68372.9,65842.3,68154.5,26652190004,Bitcoin / USD,BTC-USD
2024-07-22,68153.0,68480.1,66611.3,67585.2,42649109453,Bitcoin / USD,BTC-USD
2024-07-23,67584.8,67779.0,65484.5,65927.7,35605668666,Bitcoin / USD,BTC-USD
2024-07-24,65927.9,67114.0,65147.0,65372.1,27470942309,Bitcoin / USD,BTC-USD
2024-07-25,65375.9,66112.4,63473.5,65777.2,38315761670,Bitcoin / USD,BTC-USD
2024-07-26,65771.8,68207.6,65743.8,67912.1,30488630457,Bitcoin / USD,BTC-USD
2024-07-27,67911.8,69398.5,66705.2,67813.3,34691905492,Bitcoin / USD,BTC-USD
2024-07-28,67808.7,68301.9,67085.8,68255.9,18043166945,Bitcoin / USD,BTC-USD
2024-07-29,68259.1,69987.5,66532.6,66819.9,40780682628,Bitcoin / USD,BTC-USD
2024-07-30,66819.1,66987.7,65323.2,66201.0,31380492109,Bitcoin / USD,BTC-USD
2024-07-31,66201.3,66810.2,64532.0,64619.2,31292785994,Bitcoin / USD,BTC-USD
2024-08-01,64625.8,65593.2,62248.9,65357.5,40975554494,Bitcoin / USD,BTC-USD
2024-08-02,65353.5,65523.2,61184.9,61415.1,43060875727,Bitcoin / USD,BTC-USD
2024-08-03,61414.8,62148.4,59836.5,60680.1,31753030589,Bitcoin / USD,BTC-USD
2024-08-04,60676.1,61063.0,57210.8,58117.0,31758917219,Bitcoin / USD,BTC-USD
2024-08-05,58110.3,58268.8,49121.2,53991.5,108991085584,Bitcoin / USD,BTC-USD
2024-08-06,53991.3,57059.9,53973.3,56034.3,49300484106,Bitcoin / USD,BTC-USD
2024-08-07,56040.6,57726.9,54620.5,55027.5,41637562185,Bitcoin / USD,BTC-USD
2024-08-08,55030.0,62673.8,54766.7,61710.1,45298472567,Bitcoin / USD,BTC-USD
2024-08-09,61728.2,61751.9,59587.9,60880.1,33425553115,Bitcoin / USD,BTC-USD
2024-08-10,60881.2,61464.5,60287.6,60945.8,15745822278,Bitcoin / USD,BTC-USD
2024-08-11,60944.9,61778.7,58348.8,58719.5,22759754812,Bitcoin / USD,BTC-USD
2024-08-12,58719.4,60680.3,57688.9,59354.5,37078637820,Bitcoin / USD,BTC-USD
2024-08-13,59356.2,61572.4,58506.3,60609.6,30327698167,Bitcoin / USD,BTC-USD
2024-08-14,60611.1,61687.8,58472.9,58737.3,29961696180,Bitcoin / USD,BTC-USD
2024-08-15,58733.3,59838.6,56161.6,57560.1,35682112440,Bitcoin / USD,BTC-USD
2024-08-16,57560.3,59847.4,57110.0,58894.1,29350938673,Bitcoin / USD,BTC-USD
2024-08-17,58893.5,59694.7,58814.8,59479.0,13589684021,Bitcoin / USD,BTC-USD
2024-08-18,59468.1,60262.7,58445.4,58484.0,17740625837,Bitcoin / USD,BTC-USD
2024-08-19,58480.7,59612.7,57864.7,59493.5,25911207712,Bitcoin / USD,BTC-USD
2024-08-20,59493.5,61396.3,58610.9,59012.8,31613400008,Bitcoin / USD,BTC-USD
2024-08-21,59015.0,61834.4,58823.4,61175.2,32731154072,Bitcoin / USD,BTC-USD
2024-08-22,61168.3,61408.1,59815.3,60381.9,27625734377,Bitcoin / USD,BTC-USD
2024-08-23,60381.0,64947.1,60372.1,64094.4,42530509233,Bitcoin / USD,BTC-USD
2024-08-24,64103.9,64513.8,63619.9,64179.0,21430585163,Bitcoin / USD,BTC-USD
2024-08-25,64176.4,64996.4,63833.5,64333.5,18827683555,Bitcoin / USD,BTC-USD
2024-08-26,64342.2,64489.7,62849.6,62880.7,27682040631,Bitcoin / USD,BTC-USD
2024-08-27,62879.7,63210.8,58116.8,59504.1,39103882198,Bitcoin / USD,BTC-USD
2024-08-28,59507.9,60236.4,57890.7,59027.6,40289564698,Bitcoin / USD,BTC-USD
2024-08-29,59027.5,61184.1,58786.2,59388.2,32224990582,Bitcoin / USD,BTC-USD
2024-08-30,59388.6,59896.9,57768.5,59119.5,32292756405,Bitcoin / USD,BTC-USD
2024-08-31,59117.5,59432.6,58768.8,58969.9,12403470760,Bitcoin / USD,BTC-USD
2024-09-01,58969.8,59062.1,57217.8,57325.5,24592449997,Bitcoin / USD,BTC-USD
2024-09-02,57327.0,59403.1,57136.0,59112.5,27036454524,Bitcoin / USD,BTC-USD
2024-09-03,59106.2,59815.1,57425.2,57431.0,26666961053,Bitcoin / USD,BTC-USD
2024-09-04,57430.3,58511.6,55673.2,57971.5,35627680312,Bitcoin / USD,BTC-USD
2024-09-05,57971.7,58300.6,55712.5,56160.5,31030280656,Bitcoin / USD,BTC-USD
2024-09-06,56160.2,56976.1,52598.7,53948.8,49361693566,Bitcoin / USD,BTC-USD
2024-09-07,53949.1,54838.1,53740.1,54139.7,19061486526,Bitcoin / USD,BTC-USD
2024-09-08,54147.9,55300.9,53653.8,54841.6,18268287531,Bitcoin / USD,BTC-USD
2024-09-09,54851.9,58041.1,54598.4,57019.5,34618096173,Bitcoin / USD,BTC-USD
2024-09-10,57020.1,58030.0,56419.4,57648.7,28857630507,Bitcoin / USD,BTC-USD
2024-09-11,57650.3,57991.3,55567.3,57343.2,37049062672,Bitcoin / USD,BTC-USD
2024-09-12,57343.2,58534.4,57330.1,58127.0,33835707949,Bitcoin / USD,BTC-USD
2024-09-13,58130.3,60648.0,57650.1,60571.3,32490528356,Bitcoin / USD,BTC-USD
2024-09-14,60569.1,60656.7,59517.9,60005.1,16428405496,Bitcoin / USD,BTC-USD
2024-09-15,60000.7,60381.9,58696.3,59182.8,18120960867,Bitcoin / USD,BTC-USD
2024-09-16,59185.2,59205.5,57501.3,58192.5,32032822113,Bitcoin / USD,BTC-USD
2024-09-17,58192.5,61316.1,57628.1,60308.5,38075570118,Bitcoin / USD,BTC-USD
2024-09-18,60309.0,61664.1,59218.3,61649.7,40990702891,Bitcoin / USD,BTC-USD
2024-09-19,61651.2,63872.4,61609.9,62940.5,42710252573,Bitcoin / USD,BTC-USD
2024-09-20,62941.4,64119.5,62364.6,63193.0,35177164222,Bitcoin / USD,BTC-USD
2024-09-21,63184.3,63543.4,62783.1,63394.8,14408616220,Bitcoin / USD,BTC-USD
2024-09-22,63396.8,63993.4,62440.7,63648.7,20183348802,Bitcoin / USD,BTC-USD
2024-09-23,63643.1,64733.6,62628.1,63329.8,31400285425,Bitcoin / USD,BTC-USD
2024-09-24,63326.8,64695.2,62737.4,64302.0,29938335243,Bitcoin / USD,BTC-USD
2024-09-25,64302.6,64804.5,62945.4,63143.1,25078377700,Bitcoin / USD,BTC-USD
2024-09-26,63138.5,65790.8,62669.3,65181.0,36873129847,Bitcoin / USD,BTC-USD
2024-09-27,65180.7,66480.7,64853.0,65790.7,32058813449,Bitcoin / USD,BTC-USD
2024-09-28,65792.2,66255.5,65458.0,65887.6,15243637984,Bitcoin / USD,BTC-USD
2024-09-29,65888.9,66069.3,65450.0,65635.3,14788214575,Bitcoin / USD,BTC-USD
2024-09-30,65634.7,65635.1,62873.6,63329.5,37112957475,Bitcoin / USD,BTC-USD
2024-10-01,63335.6,64111.0,60189.3,60837.0,50220923500,Bitcoin / USD,BTC-USD
2024-10-02,60836.3,62357.7,59996.9,60632.8,40762722398,Bitcoin / USD,BTC-USD
2024-10-03,60632.5,61469.0,59878.8,60759.4,36106447279,Bitcoin / USD,BTC-USD
2024-10-04,60754.6,62466.0,60459.9,62067.5,29585472513,Bitcoin / USD,BTC-USD
2024-10-05,62067.6,62371.0,61689.6,62089.9,13305410749,Bitcoin / USD,BTC-USD
2024-10-06,62085.0,62959.6,61833.1,62819.0,14776233667,Bitcoin / USD,BTC-USD
2024-10-07,62819.1,64443.7,62152.6,62236.7,34253562610,Bitcoin / USD,BTC-USD
2024-10-08,62221.6,63174.3,61843.6,62132.0,28134475157,Bitcoin / USD,BTC-USD
2024-10-09,62131.7,62508.8,60314.6,60582.1,27670982363,Bitcoin / USD,BTC-USD
2024-10-10,60581.9,61236.7,58895.2,60274.5,30452813570,Bitcoin / USD,BTC-USD
2024-10-11,60275.5,63400.9,60046.1,62445.1,30327141594,Bitcoin / USD,BTC-USD
2024-10-12,62444.6,63448.8,62443.3,63193.0,16744110886,Bitcoin / USD,BTC-USD
2024-10-13,63192.9,63272.7,62035.6,62851.4,18177529690,Bitcoin / USD,BTC-USD
2024-10-14,62848.4,66482.5,62442.2,66046.1,43706958056,Bitcoin / USD,BTC-USD
2024-10-15,66050.4,67881.7,64809.2,67041.1,48863870879,Bitcoin / USD,BTC-USD
2024-10-16,67042.5,68375.3,66758.7,67612.7,38195189534,Bitcoin / USD,BTC-USD
2024-10-17,67617.1,67912.2,66647.4,67399.8,32790898511,Bitcoin / USD,BTC-USD
2024-10-18,67419.1,68969.8,67177.8,68418.8,36857165014,Bitcoin / USD,BTC-USD
2024-10-19,68419.0,68668.0,68024.6,68362.7,14443497908,Bitcoin / USD,BTC-USD
2024-10-20,68364.2,69359.0,68105.7,69001.7,18975847518,Bitcoin / USD,BTC-USD
2024-10-21,69002.0,69462.7,66829.9,67367.9,37498611780,Bitcoin / USD,BTC-USD
2024-10-22,67360.7,67801.6,66581.4,67361.4,31808472566,Bitcoin / USD,BTC-USD
2024-10-23,67362.4,67402.7,65188.0,66432.2,32263980353,Bitcoin / USD,BTC-USD
2024-10-24,66653.7,68799.0,66454.1,68161.1,31414428647,Bitcoin / USD,BTC-USD
2024-10-25,68165.3,68722.2,65521.8,66642.4,41469984306,Bitcoin / USD,BTC-USD
2024-10-26,66628.7,67317.9,66360.6,67014.7,19588098156,Bitcoin / USD,BTC-USD
2024-10-27,67023.5,68221.3,66847.2,67929.3,16721307878,Bitcoin / USD,BTC-USD
2024-10-28,67922.7,70212.3,67535.1,69907.8,38799856657,Bitcoin / USD,BTC-USD
2024-10-29,69910.0,73577.2,69729.9,72720.5,58541874402,Bitcoin / USD,BTC-USD
2024-10-30,72715.4,72905.3,71411.7,72339.5,40646637831,Bitcoin / USD,BTC-USD
2024-10-31,72335.0,72662.3,69590.5,70215.2,40627912076,Bitcoin / USD,BTC-USD
2024-11-01,70216.9,71559.0,68779.7,69482.5,49989795365,Bitcoin / USD,BTC-USD
2024-11-02,69486.0,69867.4,69033.7,69289.3,18184612091,Bitcoin / USD,BTC-USD
2024-11-03,69296.4,69361.7,67482.5,68741.1,34868307655,Bitcoin / USD,BTC-USD
2024-11-04,68742.1,69433.2,66803.6,67811.5,41184819348,Bitcoin / USD,BTC-USD
2024-11-05,67811.2,70522.8,67458.9,69359.6,46046889204,Bitcoin / USD,BTC-USD
2024-11-06,69358.5,76460.2,69322.0,75639.1,118592653963,Bitcoin / USD,BTC-USD
2024-11-07,75637.1,76943.1,74480.4,75904.9,63467654989,Bitcoin / USD,BTC-USD
2024-11-08,75902.8,77252.8,75648.7,76545.5,55176858003,Bitcoin / USD,BTC-USD
2024-11-09,76556.2,76932.8,75773.8,76778.9,29009480361,Bitcoin / USD,BTC-USD
2024-11-10,76775.5,81474.4,76565.4,80474.2,82570594495,Bitcoin / USD,BTC-USD
2024-11-11,80471.4,89604.5,80283.2,88701.5,117966845037,Bitcoin / USD,BTC-USD
2024-11-12,88705.6,89956.9,85155.1,87955.8,133673285375,Bitcoin / USD,BTC-USD
2024-11-13,87930.0,93434.4,86256.9,90584.2,123559027869,Bitcoin / USD,BTC-USD
2024-11-14,90574.9,91765.2,86682.8,87250.4,87616705248,Bitcoin / USD,BTC-USD
2024-11-15,87284.2,91868.7,87124.9,91066.0,78243109518,Bitcoin / USD,BTC-USD
2024-11-16,91064.4,91763.9,90094.2,90558.5,44333192814,Bitcoin / USD,BTC-USD
2024-11-17,90558.5,91433.0,88741.7,89845.9,46350159305,Bitcoin / USD,BTC-USD
2024-11-18,89843.7,92596.8,89393.6,90542.6,75535775084,Bitcoin / USD,BTC-USD
2024-11-19,90536.8,94002.9,90427.0,92343.8,74521048295,Bitcoin / USD,BTC-USD
2024-11-20,92341.9,94902.0,91619.5,94339.5,71730956426,Bitcoin / USD,BTC-USD
2024-11-21,94334.6,99014.2,94132.6,98504.7,106024505582,Bitcoin / USD,BTC-USD
2024-11-22,98496.4,99655.5,97222.7,98997.7,78473580551,Bitcoin / USD,BTC-USD
2024-11-23,99006.7,99014.7,97232.9,97777.3,44414644677,Bitcoin / USD,BTC-USD
2024-11-24,97778.1,98647.2,95788.1,98013.8,51712020623,Bitcoin / USD,BTC-USD
2024-11-25,98033.4,98935.0,92642.9,93102.3,80909462490,Bitcoin / USD,BTC-USD
2024-11-26,93087.3,94991.8,90770.8,91985.3,91656519855,Bitcoin / USD,BTC-USD
2024-11-27,91978.1,97361.2,91778.7,95962.5,71133452438,Bitcoin / USD,BTC-USD
2024-11-28,95954.9,96650.2,94677.4,95652.5,52260008261,Bitcoin / USD,BTC-USD
2024-11-29,95654.0,98693.2,95407.9,97461.5,54968682476,Bitcoin / USD,BTC-USD
2024-11-30,97468.8,97499.3,96144.2,96449.1,31634227866,Bitcoin / USD,BTC-USD
2024-12-01,96461.3,97888.1,95770.2,97279.8,36590695296,Bitcoin / USD,BTC-USD
2024-12-02,97276.0,98152.6,94482.9,95865.3,72680784305,Bitcoin / USD,BTC-USD
2024-12-03,95854.6,96297.2,93629.6,96002.2,67067810961,Bitcoin / USD,BTC-USD
2024-12-04,95988.5,99207.3,94660.5,98768.5,77199817112,Bitcoin / USD,BTC-USD
2024-12-05,98741.5,103900.5,91998.8,96593.6,149218945580,Bitcoin / USD,BTC-USD
2024-12-06,97074.2,102039.9,96514.9,99920.7,94534772658,Bitcoin / USD,BTC-USD
2024-12-07,99916.7,100563.4,99030.9,99923.3,44177510897,Bitcoin / USD,BTC-USD
2024-12-08,99921.9,101400.0,98771.5,101236.0,44125751925,Bitcoin / USD,BTC-USD
2024-12-09,101237.1,101272.5,94355.9,97432.7,110676473908,Bitcoin / USD,BTC-USD
2024-12-10,97441.2,98270.2,94321.3,96675.4,104823780634,Bitcoin / USD,BTC-USD
2024-12-11,96656.1,101913.4,95747.2,101173.0,85391409936,Bitcoin / USD,BTC-USD
2024-12-12,101167.8,102524.9,99340.0,100043.0,72073983533,Bitcoin / USD,BTC-USD
2024-12-13,100046.6,101888.8,99233.3,101459.3,56894751583,Bitcoin / USD,BTC-USD
2024-12-14,101451.4,102618.9,100634.1,101373.0,40422968793,Bitcoin / USD,BTC-USD
2024-12-15,101373.5,105047.5,101227.0,104298.7,51145914137,Bitcoin / USD,BTC-USD
2024-12-16,104293.6,107780.6,103323.0,106029.7,91020417816,Bitcoin / USD,BTC-USD
2024-12-17,106030.7,108268.4,105291.7,106140.6,68589364868,Bitcoin / USD,BTC-USD
2024-12-18,106147.3,106470.6,100041.5,100041.5,93865656139,Bitcoin / USD,BTC-USD
2024-12-19,100070.7,102748.1,95587.7,97491.0,97221662392,Bitcoin / USD,BTC-USD
2024-12-20,97484.7,98098.9,92175.2,97755.9,105634083408,Bitcoin / USD,BTC-USD
2024-12-21,97756.2,99507.1,96426.5,97224.7,51765334294,Bitcoin / USD,BTC-USD
2024-12-22,97218.3,97360.3,94202.2,95104.9,43147981314,Bitcoin / USD,BTC-USD
2024-12-23,95099.4,96416.2,92403.1,94686.2,65239002919,Bitcoin / USD,BTC-USD
2024-12-24,94684.3,99404.1,93448.0,98676.1,47114953674,Bitcoin / USD,BTC-USD
2024-12-25,98675.9,99478.8,97593.5,99299.2,33700394629,Bitcoin / USD,BTC-USD
2024-12-26,99297.7,99884.6,95137.9,95795.5,47054980873,Bitcoin / USD,BTC-USD
2024-12-27,95705.0,97294.8,93310.7,94164.9,52419934565,Bitcoin / USD,BTC-USD
2024-12-28,94160.2,95525.9,94014.3,95163.9,24107436185,Bitcoin / USD,BTC-USD
2024-12-29,95174.1,95174.9,92881.8,93530.2,29635885267,Bitcoin / USD,BTC-USD
2024-12-30,93527.2,94903.3,91317.1,92643.2,56188003691,Bitcoin / USD,BTC-USD
2024-12-31,92643.2,96090.6,91914.0,93429.2,43625106843,Bitcoin / USD,BTC-USD
2025-01-01,93425.1,94929.9,92788.1,94419.8,24519888919,Bitcoin / USD,BTC-USD
2025-01-02,94416.3,97739.8,94201.6,96886.9,46009564411,Bitcoin / USD,BTC-USD
2025-01-03,96881.7,98956.9,96034.6,98107.4,35611391163,Bitcoin / USD,BTC-USD
2025-01-04,98107.0,98734.4,97563.0,98236.2,22342608078,Bitcoin / USD,BTC-USD
2025-01-05,98233.9,98813.3,97291.8,98315.0,20525254825,Bitcoin / USD,BTC-USD
2025-01-06,98315.0,102482.9,97926.1,102078.1,51823432705,Bitcoin / USD,BTC-USD
2025-01-07,102248.9,102712.5,96132.9,96922.7,58685738547,Bitcoin / USD,BTC-USD
2025-01-08,96924.2,97258.3,92525.8,95043.5,63875859171,Bitcoin / USD,BTC-USD
2025-01-09,95043.5,95349.7,91220.8,92484.0,62777261693,Bitcoin / USD,BTC-USD
2025-01-10,92494.5,95770.6,92250.1,94701.5,62058693684,Bitcoin / USD,BTC-USD
2025-01-11,94700.8,94977.7,93840.0,94566.6,18860894100,Bitcoin / USD,BTC-USD
2025-01-12,94565.7,95367.5,93712.5,94488.4,20885130965,Bitcoin / USD,BTC-USD
2025-01-13,94488.9,95837.0,89260.1,94516.5,72978998252,Bitcoin / USD,BTC-USD
2025-01-14,94519.0,97352.7,94322.2,96534.0,53769675818,Bitcoin / USD,BTC-USD
2025-01-15,96534.0,100697.2,96501.6,100504.5,57805923627,Bitcoin / USD,BTC-USD
2025-01-16,100505.3,100781.6,97364.4,99756.9,54103781805,Bitcoin / USD,BTC-USD
2025-01-17,100025.8,105884.2,99948.9,104462.0,71888972663,Bitcoin / USD,BTC-USD
2025-01-18,104125.0,104913.2,102226.6,104408.1,50445655726,Bitcoin / USD,BTC-USD
2025-01-19,104411.3,106299.8,99570.5,101089.6,76789928525,Bitcoin / USD,BTC-USD
2025-01-20,101083.8,109114.9,99471.4,102016.7,126279678351,Bitcoin / USD,BTC-USD
2025-01-21,102052.6,107180.9,100104.0,106146.3,88733878242,Bitcoin / USD,BTC-USD
2025-01-22,106136.4,106294.3,103360.3,103653.1,53878181052,Bitcoin / USD,BTC-USD
2025-01-23,103657.7,106820.3,101257.8,103960.2,104104515428,Bitcoin / USD,BTC-USD
2025-01-24,103965.7,107098.5,102772.1,104819.5,52388229265,Bitcoin / USD,BTC-USD
2025-01-25,104824.0,105243.8,104120.4,104714.6,23888996502,Bitcoin / USD,BTC-USD
2025-01-26,104713.2,105438.6,102507.7,102682.5,22543395879,Bitcoin / USD,BTC-USD
2025-01-27,102680.3,103214.1,97795.9,102087.7,89006608428,Bitcoin / USD,BTC-USD
2025-01-28,102095.4,103730.8,100238.2,101332.5,47180685494,Bitcoin / USD,BTC-USD
2025-01-29,101317.5,104750.8,101283.8,103703.2,47432049818,Bitcoin / USD,BTC-USD
2025-01-30,103709.3,106418.8,103321.6,104735.3,41915744521,Bitcoin / USD,BTC-USD
2025-01-31,104737.6,106026.4,101543.9,102405.0,45732764360,Bitcoin / USD,BTC-USD
2025-02-01,102402.8,102755.7,100297.7,100655.9,27757944848,Bitcoin / USD,BTC-USD
2025-02-02,100661.5,101430.7,96216.1,97689.0,63091816853,Bitcoin / USD,BTC-USD
2025-02-03,97681.1,102514.2,91242.9,101405.4,115400897748,Bitcoin / USD,BTC-USD
2025-02-04,101398.7,101745.6,96208.1,97871.8,73002130211,Bitcoin / USD,BTC-USD
2025-02-05,97878.0,99113.2,96174.8,96615.4,49125911241,Bitcoin / USD,BTC-USD
2025-02-06,96610.6,99168.6,95707.4,96593.3,45302471947,Bitcoin / USD,BTC-USD
2025-02-07,96581.3,100154.1,95653.9,96529.1,55741290456,Bitcoin / USD,BTC-USD
2025-02-08,96533.3,96877.8,95702.5,96482.5,22447526395,Bitcoin / USD,BTC-USD
2025-02-09,96481.3,97325.3,94745.3,96500.1,27732901800,Bitcoin / USD,BTC-USD
2025-02-10,96499.5,98333.2,95320.8,97437.6,40078962391,Bitcoin / USD,BTC-USD
2025-02-11,97438.1,98492.9,94875.0,95747.4,37488783272,Bitcoin / USD,BTC-USD
2025-02-12,95745.7,98151.0,94101.2,97885.9,49340445530,Bitcoin / USD,BTC-USD
2025-02-13,97888.8,98111.1,95269.7,96623.9,37147280860,Bitcoin / USD,BTC-USD
2025-02-14,96623.4,98819.5,96342.8,97509.0,32697987277,Bitcoin / USD,BTC-USD
2025-02-15,97508.4,97975.0,97240.2,97580.4,17047266288,Bitcoin / USD,BTC-USD
2025-02-16,97580.5,97725.6,96061.0,96175.0,16536755396,Bitcoin / USD,BTC-USD
2025-02-17,96179.0,97032.2,95243.5,95773.4,27336550690,Bitcoin / USD,BTC-USD
2025-02-18,95773.8,96695.4,93388.8,95539.5,37325720482,Bitcoin / USD,BTC-USD
2025-02-19,95532.5,96855.6,95012.0,96635.6,28990872862,Bitcoin / USD,BTC-USD
2025-02-20,96632.7,98767.2,96442.7,98333.9,31668022771,Bitcoin / USD,BTC-USD
2025-02-21,98340.7,99498.0,94853.0,96125.5,49608706470,Bitcoin / USD,BTC-USD
2025-02-22,96134.2,96950.2,95765.3,96577.8,18353824477,Bitcoin / USD,BTC-USD
2025-02-23,96577.8,96671.9,95270.5,96273.9,16999478976,Bitcoin / USD,BTC-USD
2025-02-24,96278.0,96503.5,91371.7,91418.2,44046480529,Bitcoin / USD,BTC-USD
2025-02-25,91437.1,92511.1,86008.2,88736.2,92139104128,Bitcoin / USD,BTC-USD
2025-02-26,88638.9,89286.2,82131.9,84347.0,64597492134,Bitcoin / USD,BTC-USD
2025-02-27,84076.9,87000.8,83145.0,84704.2,52659591954,Bitcoin / USD,BTC-USD
2025-02-28,84705.6,85036.3,78248.9,84373.0,83610570576,Bitcoin / USD,BTC-USD
2025-03-01,84373.9,86522.3,83794.2,86031.9,29190628396,Bitcoin / USD,BTC-USD
2025-03-02,86036.3,95043.4,85040.2,94248.4,58398341092,Bitcoin / USD,BTC-USD
2025-03-03,94248.4,94429.8,85081.3,86065.7,70072228536,Bitcoin / USD,BTC-USD
2025-03-04,86064.1,88911.3,81529.2,87222.2,68095241474,Bitcoin / USD,BTC-USD
2025-03-05,87223.0,90998.2,86379.8,90623.6,50498988027,Bitcoin / USD,BTC-USD
2025-03-06,90622.4,92804.9,87852.1,89961.7,47749810486,Bitcoin / USD,BTC-USD
2025-03-07,89963.3,91191.0,84717.7,86742.7,65945677657,Bitcoin / USD,BTC-USD
2025-03-08,86742.7,86847.3,85247.5,86154.6,18206118081,Bitcoin / USD,BTC-USD
2025-03-09,86154.3,86471.1,80052.5,80601.0,30899345977,Bitcoin / USD,BTC-USD
2025-03-10,80597.1,83955.9,77420.6,78532.0,54061099422,Bitcoin / USD,BTC-USD
2025-03-11,78523.9,83577.8,76624.2,82862.2,54702837196,Bitcoin / USD,BTC-USD
2025-03-12,82857.4,84358.6,80635.2,83722.4,40353484454,Bitcoin / USD,BTC-USD
2025-03-13,83724.9,84301.7,79931.9,81066.7,31412940153,Bitcoin / USD,BTC-USD
2025-03-14,81067.0,85263.3,80797.6,83969.1,29588112414,Bitcoin / USD,BTC-USD
2025-03-15,83968.4,84672.7,83639.6,84343.1,13650491277,Bitcoin / USD,BTC-USD
2025-03-16,84333.3,85051.6,82017.9,82579.7,21330270174,Bitcoin / USD,BTC-USD
2025-03-17,82576.3,84725.3,82492.2,84075.7,25092785558,Bitcoin / USD,BTC-USD
2025-03-18,84075.7,84075.7,81180.0,82718.5,24095774594,Bitcoin / USD,BTC-USD
2025-03-19,82718.8,87021.2,82569.7,86854.2,34931960257,Bitcoin / USD,BTC-USD
2025-03-20,86873.0,87443.3,83647.2,84167.2,29028988961,Bitcoin / USD,BTC-USD
2025-03-21,84164.5,84782.3,83171.1,84043.2,19030452299,Bitcoin / USD,BTC-USD
2025-03-22,84046.3,84513.9,83674.8,83832.5,9863214091,Bitcoin / USD,BTC-USD
2025-03-23,83831.9,86094.8,83794.9,86054.4,12594615537,Bitcoin / USD,BTC-USD
2025-03-24,86070.9,88758.7,85541.2,87498.9,34582604933,Bitcoin / USD,BTC-USD
2025-03-25,87512.8,88542.4,86346.1,87471.7,30005840049,Bitcoin / USD,BTC-USD
2025-03-26,87460.2,88292.2,85861.5,86900.9,26704046038,Bitcoin / USD,BTC-USD
2025-03-27,86896.3,87786.7,85837.9,87177.1,24413471941,Bitcoin / USD,BTC-USD
2025-03-28,87185.2,87489.9,83557.6,84353.1,34198619509,Bitcoin / USD,BTC-USD
2025-03-29,84352.1,84567.3,81634.1,82597.6,16969396135,Bitcoin / USD,BTC-USD
2025-03-30,82597.0,83505.0,81573.2,82334.5,14763760943,Bitcoin / USD,BTC-USD
2025-03-31,82336.1,83870.1,81293.9,82548.9,29004228247,Bitcoin / USD,BTC-USD
2025-04-01,82551.9,85487.4,82429.4,85169.2,28175650319,Bitcoin / USD,BTC-USD
2025-04-02,85180.6,88467.0,82343.5,82485.7,47584398470,Bitcoin / USD,BTC-USD
2025-04-03,82487.5,83909.3,81282.1,83102.8,36852112080,Bitcoin / USD,BTC-USD
2025-04-04,83100.2,84696.1,81670.8,83843.8,45157640207,Bitcoin / USD,BTC-USD
2025-04-05,83844.7,84207.0,82377.7,83504.8,14380803631,Bitcoin / USD,BTC-USD
2025-04-06,83504.5,83704.7,77097.7,78214.5,36294853736,Bitcoin / USD,BTC-USD
2025-04-07,78221.3,81119.1,74436.7,79235.3,91262424987,Bitcoin / USD,BTC-USD
2025-04-08,79218.5,80823.9,76198.0,76272.0,48314590749,Bitcoin / USD,BTC-USD
2025-04-09,76273.6,83541.0,74589.7,82574.0,84213627038,Bitcoin / USD,BTC-USD
2025-04-10,82566.0,82700.9,78456.1,79626.1,44718000633,Bitcoin / USD,BTC-USD
2025-04-11,79625.0,84247.5,78936.3,83404.8,41656778779,Bitcoin / USD,BTC-USD
2025-04-12,83404.5,85856.2,82769.4,85287.1,24258059104,Bitcoin / USD,BTC-USD
2025-04-13,85279.5,86015.2,83027.0,83685.0,28796984817,Bitcoin / USD,BTC-USD
2025-04-14,83694.5,85785.0,83690.6,84542.4,34090769777,Bitcoin / USD,BTC-USD
2025-04-15,84539.7,86429.4,83598.8,83669.0,28040322885,Bitcoin / USD,BTC-USD
2025-04-16,83674.5,85428.3,83100.6,84033.9,29617804112,Bitcoin / USD,BTC-USD
2025-04-17,84030.7,85449.1,83749.8,84895.8,21276866029,Bitcoin / USD,BTC-USD
2025-04-18,84900.2,85095.0,84298.9,84450.8,12728372364,Bitcoin / USD,BTC-USD
2025-04-19,84450.9,85597.7,84353.5,85063.4,15259300427,Bitcoin / USD,BTC-USD
2025-04-20,85066.1,85306.4,83976.8,85174.3,14664050812,Bitcoin / USD,BTC-USD
2025-04-21,85171.5,88460.1,85143.8,87518.9,41396190190,Bitcoin / USD,BTC-USD
2025-04-22,87521.9,93817.4,87084.5,93441.9,55899038456,Bitcoin / USD,BTC-USD
2025-04-23,93427.6,94535.7,91963.0,93699.1,41719568821,Bitcoin / USD,BTC-USD
2025-04-24,93692.4,94016.2,91696.7,93943.8,31483175315,Bitcoin / USD,BTC-USD
2025-04-25,93954.2,95768.4,92898.6,94720.5,40915232364,Bitcoin / USD,BTC-USD
2025-04-26,94714.6,95251.4,93927.2,94646.9,17612825123,Bitcoin / USD,BTC-USD
2025-04-27,94660.9,95301.2,93665.4,93754.8,18090367764,Bitcoin / USD,BTC-USD
2025-04-28,93755.3,95598.5,92860.8,94978.8,32363449569,Bitcoin / USD,BTC-USD
2025-04-29,94981.9,95485.4,93796.6,94284.8,25806129921,Bitcoin / USD,BTC-USD
2025-04-30,94286.5,95249.3,92979.6,94207.3,28344679831,Bitcoin / USD,BTC-USD
2025-05-01,94212.9,97438.0,94153.6,96492.3,32875889623,Bitcoin / USD,BTC-USD
2025-05-02,96495.0,97905.9,96375.9,96910.1,26421924677,Bitcoin / USD,BTC-USD
2025-05-03,96904.6,96943.9,95821.3,95891.8,15775154889,Bitcoin / USD,BTC-USD
2025-05-04,95877.2,96318.9,94173.4,94316.0,18198688416,Bitcoin / USD,BTC-USD
2025-05-05,94319.6,95193.2,93566.3,94748.1,25816260327,Bitcoin / USD,BTC-USD
2025-05-06,94748.4,96889.2,93399.9,96802.5,26551275827,Bitcoin / USD,BTC-USD
2025-05-07,96800.2,97625.8,95829.3,97032.3,76983822462,Bitcoin / USD,BTC-USD
2025-05-08,97034.2,103969.5,96913.9,103241.5,69895404397,Bitcoin / USD,BTC-USD
2025-05-09,103239.1,104297.5,102343.1,102970.9,58198593958,Bitcoin / USD,BTC-USD
2025-05-10,102973.7,104961.8,102830.5,104696.3,42276713994,Bitcoin / USD,BTC-USD
2025-05-11,104701.1,104938.0,103364.7,104106.4,46285517406,Bitcoin / USD,BTC-USD
2025-05-12,104107.0,105747.5,100814.4,102813.0,63250475404,Bitcoin / USD,BTC-USD
2025-05-13,102812.5,104997.4,101515.1,104169.8,52608876410,Bitcoin / USD,BTC-USD
2025-05-14,104167.3,104303.6,102618.3,103539.4,45956071155,Bitcoin / USD,BTC-USD
2025-05-15,103538.8,104153.6,101440.8,103744.6,50408241840,Bitcoin / USD,BTC-USD
2025-05-16,103735.7,104533.5,103137.5,103489.3,44386499364,Bitcoin / USD,BTC-USD
2025-05-17,103489.3,103716.9,102659.2,103191.1,37898552742,Bitcoin / USD,BTC-USD
2025-05-18,103187.0,106597.2,103142.6,106446.0,49887082058,Bitcoin / USD,BTC-USD
2025-05-19,106430.5,107068.7,102112.7,105606.2,61761126647,Bitcoin / USD,BTC-USD
2025-05-20,105605.4,107307.1,104206.5,106791.1,36515726122,Bitcoin / USD,BTC-USD
2025-05-21,106791.3,110724.5,106127.2,109678.1,78086364051,Bitcoin / USD,BTC-USD
2025-05-22,109673.5,111970.2,109285.1,111673.3,70157575642,Bitcoin / USD,BTC-USD
2025-05-23,111679.4,111798.9,106841.3,107287.8,67548133399,Bitcoin / USD,BTC-USD
2025-05-24,107278.5,109454.5,106895.3,107791.2,45903627163,Bitcoin / USD,BTC-USD
2025-05-25,107802.3,109313.3,106683.4,109035.4,47518041841,Bitcoin / USD,BTC-USD
2025-05-26,109023.8,110376.9,108735.6,109440.4,45950461571,Bitcoin / USD,BTC-USD
2025-05-27,109440.4,110744.2,107609.6,108994.6,57450176272,Bitcoin / USD,BTC-USD
2025-05-28,108992.2,109298.3,106812.9,107802.3,49155377493,Bitcoin / USD,BTC-USD
2025-05-29,107795.6,108910.0,105374.4,105641.8,56022752042,Bitcoin / USD,BTC-USD
2025-05-30,105646.2,106308.9,103685.8,103998.6,57655287183,Bitcoin / USD,BTC-USD
2025-05-31,103994.7,104927.1,103136.1,104638.1,38997843858,Bitcoin / USD,BTC-USD
2025-06-01,104637.3,105884.5,103827.0,105652.1,37397056873,Bitcoin / USD,BTC-USD
2025-06-02,105649.8,105958.3,103727.5,105881.5,45819706290,Bitcoin / USD,BTC-USD
2025-06-03,105888.5,106813.6,104920.8,105432.5,46196508367,Bitcoin / USD,BTC-USD
2025-06-04,105434.4,105997.7,104232.7,104732.0,44544857105,Bitcoin / USD,BTC-USD
2025-06-05,104750.8,105936.7,100436.9,101576.0,57479298400,Bitcoin / USD,BTC-USD
2025-06-06,101574.4,105376.8,101169.6,104390.3,48856653697,Bitcoin / USD,BTC-USD
2025-06-07,104390.6,105972.8,103987.3,105615.6,38365033776,Bitcoin / USD,BTC-USD
2025-06-08,105617.5,106497.1,105075.3,105793.6,36626232328,Bitcoin / USD,BTC-USD
2025-06-09,105793.0,110561.4,105400.2,110294.1,55903193732,Bitcoin / USD,BTC-USD
2025-06-10,110295.7,110380.1,108367.7,110257.2,54700101509,Bitcoin / USD,BTC-USD
2025-06-11,110261.8,110384.2,108086.3,108686.6,50842662052,Bitcoin / USD,BTC-USD
2025-06-12,108685.9,108780.7,105785.7,105929.1,54843867968,Bitcoin / USD,BTC-USD
2025-06-13,105924.6,106182.5,102822.0,106091.0,69550440846,Bitcoin / USD,BTC-USD
2025-06-14,106108.1,106203.8,104379.4,105472.4,38007870453,Bitcoin / USD,BTC-USD
2025-06-15,105464.8,106157.1,104519.9,105552.0,36744307742,Bitcoin / USD,BTC-USD
2025-06-16,105555.6,108915.4,104997.6,106796.8,50366626945,Bitcoin / USD,BTC-USD
2025-06-17,106794.1,107750.2,103396.5,104601.1,55964092176,Bitcoin / USD,BTC-USD
2025-06-18,104602.1,105581.9,103602.3,104883.3,47318089133,Bitcoin / USD,BTC-USD
2025-06-19,104886.8,105250.9,103940.8,104684.3,37333806920,Bitcoin / USD,BTC-USD
2025-06-20,104681.0,106539.4,102372.2,103309.6,50951862476,Bitcoin / USD,BTC-USD
2025-06-21,103315.1,104015.8,100973.1,102257.4,38360555118,Bitcoin / USD,BTC-USD
2025-06-22,102212.0,103351.6,98286.2,100987.1,65536997201,Bitcoin / USD,BTC-USD
2025-06-23,100987.5,106116.9,99705.8,105577.8,65237759656,Bitcoin / USD,BTC-USD
2025-06-24,105571.5,106316.8,104740.2,106045.6,48822986421,Bitcoin / USD,BTC-USD
2025-06-25,106047.4,108168.4,105881.4,107361.3,51624120283,Bitcoin / USD,BTC-USD
2025-06-26,107375.1,108305.5,106666.4,106960.0,43891990613,Bitcoin / USD,BTC-USD
2025-06-27,106954.9,107772.5,106450.0,107088.4,45353692675,Bitcoin / USD,BTC-USD
2025-06-28,107090.5,107567.9,106884.0,107327.7,30037708335,Bitcoin / USD,BTC-USD
2025-06-29,107327.8,108526.3,107230.1,108385.6,35534874438,Bitcoin / USD,BTC-USD
2025-06-30,108383.4,108798.8,106759.6,107135.3,42064804590,Bitcoin / USD,BTC-USD
2025-07-01,107144.4,107550.7,105270.2,105698.3,44110692247,Bitcoin / USD,BTC-USD
2025-07-02,105703.1,109763.7,105157.4,108859.3,56248657737,Bitcoin / USD,BTC-USD
2025-07-03,108845.0,110541.5,108605.8,109648.0,50494742270,Bitcoin / USD,BTC-USD
2025-07-04,109635.7,109752.0,107296.4,108034.3,42616442656,Bitcoin / USD,BTC-USD
2025-07-05,108015.8,108381.3,107842.3,108231.2,30615537520,Bitcoin / USD,BTC-USD
2025-07-06,108231.2,109731.6,107847.0,109232.1,36746020463,Bitcoin / USD,BTC-USD
2025-07-07,109235.3,109710.2,107527.1,108299.9,45415696597,Bitcoin / USD,BTC-USD
2025-07-08,108298.2,109199.0,107499.6,108950.3,44282204127,Bitcoin / USD,BTC-USD
2025-07-09,108950.3,111925.4,108357.7,111326.6,57927418065,Bitcoin / USD,BTC-USD
2025-07-10,111329.2,116608.8,110660.8,115987.2,95911605728,Bitcoin / USD,BTC-USD
2025-07-11,115986.2,118856.5,115245.7,117517.0,86928361085,Bitcoin / USD,BTC-USD
2025-07-12,117530.7,118219.9,116977.0,117435.2,45524560304,Bitcoin / USD,BTC-USD
2025-07-13,117432.2,119449.6,117265.4,119116.1,49021091807,Bitcoin / USD,BTC-USD
2025-07-14,119115.8,123091.6,118959.2,119849.7,181746419401,Bitcoin / USD,BTC-USD
2025-07-15,119853.9,119935.6,115765.7,117777.2,98321661181,Bitcoin / USD,BTC-USD
2025-07-16,117777.2,120065.5,117064.8,118738.5,72162029070,Bitcoin / USD,BTC-USD
2025-07-17,118738.5,120999.6,117508.2,119289.8,72363841798,Bitcoin / USD,BTC-USD
2025-07-18,119284.1,120851.9,116926.0,118003.2,77945799785,Bitcoin / USD,BTC-USD
2025-07-19,117998.1,118541.4,117388.4,117940.0,47564562765,Bitcoin / USD,BTC-USD
2025-07-20,117944.1,118865.0,116550.1,117300.8,57515447231,Bitcoin / USD,BTC-USD
2025-07-21,117306.5,119671.6,116584.4,117439.5,69820091744,Bitcoin / USD,BTC-USD
2025-07-22,117426.5,120270.0,116233.2,119995.4,79217583118,Bitcoin / USD,BTC-USD
2025-07-23,119997.4,120113.4,117391.4,118755.0,66608604537,Bitcoin / USD,BTC-USD
2025-07-24,118771.0,119535.5,117248.0,118368.0,72627318560,Bitcoin / USD,BTC-USD
2025-07-25,118368.0,118487.0,114759.8,117635.9,104857024569,Bitcoin / USD,BTC-USD
2025-07-26,117644.8,118335.7,117181.2,117947.4,48508954046,Bitcoin / USD,BTC-USD
2025-07-27,117944.7,119815.6,117859.7,119448.5,54683390892,Bitcoin / USD,BTC-USD
2025-07-28,119457.5,119819.8,117441.4,117924.5,64822943193,Bitcoin / USD,BTC-USD
2025-07-29,117938.6,119273.9,116987.4,117922.1,68463107433,Bitcoin / USD,BTC-USD
2025-07-30,117922.0,118780.7,115800.8,117831.2,68896148592,Bitcoin / USD,BTC-USD
2025-07-31,117833.6,118920.0,115505.2,115758.2,69370346018,Bitcoin / USD,BTC-USD
2025-08-01,115739.0,116060.8,112724.4,113320.1,91294530181,Bitcoin / USD,BTC-USD
2025-08-02,113320.4,114021.6,112005.8,112526.9,56870866000,Bitcoin / USD,BTC-USD
2025-08-03,112525.8,114747.4,111943.8,114217.7,48099615826,Bitcoin / USD,BTC-USD
2025-08-04,114223.9,115729.5,114130.4,115071.9,35783028986,Bitcoin / USD,BTC-USD
2025-08-05,115072.2,115117.4,112701.1,114141.4,61039182286,Bitcoin / USD,BTC-USD
2025-08-06,114140.9,115737.8,113372.2,115028.0,56379133510,Bitcoin / USD,BTC-USD
2025-08-07,115030.1,117676.9,114279.7,117496.9,64051649681,Bitcoin / USD,BTC-USD
2025-08-08,117505.5,117689.2,115917.5,116688.7,59713005166,Bitcoin / USD,BTC-USD
2025-08-09,116678.3,117906.6,116363.8,116500.4,54004312429,Bitcoin / USD,BTC-USD
2025-08-10,116497.7,119320.7,116485.2,119306.8,64755458694,Bitcoin / USD,BTC-USD
2025-08-11,119306.8,122321.1,118159.0,118731.4,90528784177,Bitcoin / USD,BTC-USD
2025-08-12,118717.7,120302.5,118228.7,120172.9,72803657984,Bitcoin / USD,BTC-USD
2025-08-13,120169.0,123682.5,118939.6,123344.1,90904808795,Bitcoin / USD,BTC-USD
2025-08-14,123339.4,124457.1,117254.9,118359.6,104055627395,Bitcoin / USD,BTC-USD
2025-08-15,118365.8,119332.3,116864.6,117398.4,68665353159,Bitcoin / USD,BTC-USD
2025-08-16,117398.4,117996.1,117272.0,117491.4,48036922378,Bitcoin / USD,BTC-USD
2025-08-17,117492.8,118595.8,117279.5,117453.1,45852169525,Bitcoin / USD,BTC-USD
2025-08-18,117453.9,117614.2,114723.7,116252.3,72787808090,Bitcoin / USD,BTC-USD
2025-08-19,116241.9,116764.5,112730.4,112831.2,71657600353,Bitcoin / USD,BTC-USD
2025-08-20,112828.0,114625.8,112388.0,114274.7,67993811526,Bitcoin / USD,BTC-USD
2025-08-21,114275.7,114802.6,111986.2,112419.0,57817883700,Bitcoin / USD,BTC-USD
2025-08-22,112433.7,117377.4,111678.9,116874.1,82528088240,Bitcoin / USD,BTC-USD
2025-08-23,116866.4,116996.2,114536.1,115374.3,55377142586,Bitcoin / USD,BTC-USD
2025-08-24,115387.4,115615.1,111060.5,113458.4,73961489632,Bitcoin / USD,BTC-USD
2025-08-25,113456.9,113637.8,109324.3,110124.4,85706860190,Bitcoin / USD,BTC-USD
2025-08-26,110124.1,112397.0,108762.0,111802.7,69396320317,Bitcoin / USD,BTC-USD
2025-08-27,111795.7,112619.4,110398.3,111222.1,62137056409,Bitcoin / USD,BTC-USD
2025-08-28,111219.1,113450.1,110900.9,112544.8,58860155962,Bitcoin / USD,BTC-USD
2025-08-29,112550.5,112619.1,107559.6,108410.8,77843379644,Bitcoin / USD,BTC-USD
2025-08-30,108409.4,108929.4,107444.4,108808.1,51486264208,Bitcoin / USD,BTC-USD
2025-08-31,108818.5,109491.0,108104.7,108236.7,47986191770,Bitcoin / USD,BTC-USD
2025-09-01,108228.8,109890.6,107271.2,109250.6,66870372995,Bitcoin / USD,BTC-USD
2025-09-02,109243.1,111748.0,108454.0,111200.6,74776999491,Bitcoin / USD,BTC-USD
2025-09-03,111190.7,112600.2,110583.0,111723.2,61119643565,Bitcoin / USD,BTC-USD
2025-09-04,111718.1,112208.3,109347.2,110723.6,60131132901,Bitcoin / USD,BTC-USD
2025-09-05,110723.0,113357.5,110233.4,110651.0,60241647677,Bitcoin / USD,BTC-USD
2025-09-06,110650.6,111275.0,110024.1,110224.7,21500719036,Bitcoin / USD,BTC-USD
2025-09-07,110221.3,111591.1,110211.6,111167.6,24618007520,Bitcoin / USD,BTC-USD
2025-09-08,111163.0,112869.2,110630.6,112071.4,40212813407,Bitcoin / USD,BTC-USD
2025-09-09,112077.6,113225.4,110776.7,111530.5,45984480722,Bitcoin / USD,BTC-USD
2025-09-10,111531.2,114275.2,110940.1,113955.4,56377473784,Bitcoin / USD,BTC-USD
2025-09-11,113961.4,115522.5,113453.8,115507.5,45685065332,Bitcoin / USD,BTC-USD
2025-09-12,115507.8,116769.4,114794.5,116101.6,54785725894,Bitcoin / USD,BTC-USD
2025-09-13,116093.6,116334.6,115248.3,115950.5,34549454947,Bitcoin / USD,BTC-USD
2025-09-14,115950.3,116181.5,115222.4,115407.7,32798036057,Bitcoin / USD,BTC-USD
2025-09-15,115399.6,116747.9,114461.1,115444.9,52937859416,Bitcoin / USD,BTC-USD
2025-09-16,115423.8,117005.3,114813.1,116843.2,45781744593,Bitcoin / USD,BTC-USD
2025-09-17,116840.5,117328.6,114795.0,116468.5,60528025996,Bitcoin / USD,BTC-USD
2025-09-18,116461.3,117911.8,116188.8,117137.2,49457272032,Bitcoin / USD,BTC-USD
2025-09-19,117137.7,117479.8,115141.8,115688.9,38828473971,Bitcoin / USD,BTC-USD
2025-09-20,115691.1,116191.1,115473.5,115722.0,22864449614,Bitcoin / USD,BTC-USD
2025-09-21,115730.2,115901.1,115252.6,115306.1,22495852193,Bitcoin / USD,BTC-USD
2025-09-22,115309.2,115431.3,112037.6,112748.5,70684158591,Bitcoin / USD,BTC-USD
2025-09-23,112757.5,113351.9,111535.6,112014.5,47211853279,Bitcoin / USD,BTC-USD
2025-09-24,112007.7,113986.3,111229.6,113328.6,48044595085,Bitcoin / USD,BTC-USD
2025-09-25,113330.2,113541.1,108713.4,109049.3,75528654284,Bitcoin / USD,BTC-USD
2025-09-26,109041.3,110359.2,108729.0,109712.8,57738288949,Bitcoin / USD,BTC-USD
2025-09-27,109707.1,109778.5,109144.3,109681.9,26308042910,Bitcoin / USD,BTC-USD
2025-09-28,109681.9,112375.5,109236.9,112122.6,33371048505,Bitcoin / USD,BTC-USD
2025-09-29,112117.9,114473.6,111590.0,114400.4,60000147466,Bitcoin / USD,BTC-USD
2025-09-30,114396.5,114836.6,112740.6,114056.1,58986330258,Bitcoin / USD,BTC-USD
2025-10-01,114057.6,118648.9,113981.4,118648.9,71328680132,Bitcoin / USD,BTC-USD
2025-10-02,118652.4,121086.4,118383.2,120681.3,71415163912,Bitcoin / USD,BTC-USD
2025-10-03,120657.0,123944.7,119344.3,122266.5,83941392228,Bitcoin / USD,BTC-USD
2025-10-04,122267.5,122857.6,121577.6,122425.4,36769171735,Bitcoin / USD,BTC-USD
2025-10-05,122419.7,125559.2,122192.0,123513.5,73689317763,Bitcoin / USD,BTC-USD
2025-10-06,123510.5,126198.1,123196.0,124752.5,72568881188,Bitcoin / USD,BTC-USD
2025-10-07,124752.1,125184.0,120682.0,121451.4,76149412513,Bitcoin / USD,BTC-USD
2025-10-08,121448.4,124167.1,121119.2,123354.9,65354305286,Bitcoin / USD,BTC-USD
2025-10-09,123337.1,123739.3,119812.0,121705.6,74653009425,Bitcoin / USD,BTC-USD
2025-10-10,121704.7,122509.7,104582.4,113214.4,153125018868,Bitcoin / USD,BTC-USD
2025-10-11,113236.4,113429.7,109760.6,110807.9,110236934340,Bitcoin / USD,BTC-USD
2025-10-12,110811.5,115805.1,109715.5,115169.8,93710414091,Bitcoin / USD,BTC-USD
2025-10-13,115161.7,116020.5,113821.2,115271.1,71582026739,Bitcoin / USD,BTC-USD
2025-10-14,115264.9,115502.9,110029.5,113118.7,92212917403,Bitcoin / USD,BTC-USD
2025-10-15,113114.0,113622.4,110235.8,110783.2,72574132855,Bitcoin / USD,BTC-USD
2025-10-16,110782.2,111990.8,107537.0,108186.0,87306423067,Bitcoin / USD,BTC-USD
2025-10-17,108179.1,109235.8,103598.4,106467.8,99703051669,Bitcoin / USD,BTC-USD
2025-10-18,106483.7,107491.0,106387.5,107198.3,37779905278,Bitcoin / USD,BTC-USD
2025-10-19,107204.3,109489.0,106157.8,108666.7,47657008953,Bitcoin / USD,BTC-USD
2025-10-20,108667.4,111711.0,107485.0,110588.9,63507793085,Bitcoin / USD,BTC-USD
2025-10-21,110587.6,113996.3,107534.8,108476.9,101194375480,Bitcoin / USD,BTC-USD
2025-10-22,108491.5,109115.1,106778.0,107688.6,80807013218,Bitcoin / USD,BTC-USD
2025-10-23,107679.4,111288.6,107548.4,110069.7,54944076060,Bitcoin / USD,BTC-USD
2025-10-24,110069.4,111842.5,109770.1,111033.9,48160816980,Bitcoin / USD,BTC-USD
2025-10-25,111032.6,111947.7,110704.4,111641.7,24707667305,Bitcoin / USD,BTC-USD
2025-10-26,111639.1,115260.9,111268.5,114472.4,41708524143,Bitcoin / USD,BTC-USD
2025-10-27,114479.9,116273.3,113882.3,114119.3,61761358733,Bitcoin / USD,BTC-USD
2025-10-28,114129.1,116079.0,112291.7,112956.2,64528066504,Bitcoin / USD,BTC-USD
2025-10-29,112921.3,113642.7,109368.7,110055.3,62192043469,Bitcoin / USD,BTC-USD
2025-10-30,110059.2,111612.4,106376.7,108305.5,69673964814,Bitcoin / USD,BTC-USD
2025-10-31,108304.4,111031.8,108288.3,109556.2,60090359560,Bitcoin / USD,BTC-USD
2025-11-01,109558.6,110574.9,109373.0,110064.0,25871668762,Bitcoin / USD,BTC-USD
2025-11-02,110064.4,111167.3,109523.5,110639.6,34284209459,Bitcoin / USD,BTC-USD
2025-11-03,110646.9,110764.9,105336.4,106547.5,72852006359,Bitcoin / USD,BTC-USD
2025-11-04,106541.4,107264.9,98962.1,101590.5,110967184773,Bitcoin / USD,BTC-USD
2025-11-05,101579.2,104534.7,98989.9,103891.8,77584934804,Bitcoin / USD,BTC-USD
2025-11-06,103893.7,104147.3,100336.9,101301.3,63932752861,Bitcoin / USD,BTC-USD
2025-11-07,101286.2,104052.9,99257.1,103372.4,92168030081,Bitcoin / USD,BTC-USD
2025-11-08,103371.7,103373.6,101458.0,102282.1,51446691095,Bitcoin / USD,BTC-USD
2025-11-09,102279.0,105418.4,101468.9,104719.6,59679243013,Bitcoin / USD,BTC-USD
2025-11-10,104723.8,106564.7,104350.6,105996.6,69585887229,Bitcoin / USD,BTC-USD
2025-11-11,105996.9,107428.3,102457.3,102997.5,71130078574,Bitcoin / USD,BTC-USD
2025-11-12,103011.4,105297.2,100836.6,101663.2,64347179408,Bitcoin / USD,BTC-USD
2025-11-13,101674.1,104005.5,97988.7,99697.5,101546815416,Bitcoin / USD,BTC-USD
2025-11-14,99694.7,99804.4,94000.7,94397.8,114346441890,Bitcoin / USD,BTC-USD
2025-11-15,94420.5,96728.5,94420.5,95549.1,38500716654,Bitcoin / USD,BTC-USD
2025-11-16,95556.9,96564.2,92971.2,94177.1,71086235862,Bitcoin / USD,BTC-USD
2025-11-17,94180.9,95928.4,91214.8,92093.9,94186165724,Bitcoin / USD,BTC-USD
2025-11-18,92094.5,93745.1,89300.5,92948.9,101333569062,Bitcoin / USD,BTC-USD
2025-11-19,92946.2,92946.2,88526.8,91466.0,80350354656,Bitcoin / USD,BTC-USD
2025-11-20,91459.4,93025.1,86040.8,86631.9,97970645638,Bitcoin / USD,BTC-USD
2025-11-21,86528.8,87380.8,80659.8,85090.7,129157506112,Bitcoin / USD,BTC-USD
2025-11-22,85098.6,85503.0,83490.9,84648.4,40793099246,Bitcoin / USD,BTC-USD
2025-11-23,84648.6,88038.5,84641.8,86805.0,58083435576,Bitcoin / USD,BTC-USD
2025-11-24,86798.8,89206.3,85272.2,88270.6,74433896110,Bitcoin / USD,BTC-USD
2025-11-25,88270.0,88457.3,86131.4,87341.9,64837343545,Bitcoin / USD,BTC-USD
2025-11-26,87345.6,90581.2,86316.9,90518.4,66496301869,Bitcoin / USD,BTC-USD
2025-11-27,90517.8,91897.6,90089.5,91285.4,57040622845,Bitcoin / USD,BTC-USD
2025-11-28,91285.4,92969.1,90257.1,90919.3,60895830289,Bitcoin / USD,BTC-USD
2025-11-29,90918.7,91187.6,90260.2,90851.8,37921773455,Bitcoin / USD,BTC-USD
2025-11-30,90838.2,91965.0,90394.3,90394.3,38497902869,Bitcoin / USD,BTC-USD
2025-12-01,90389.1,90398.2,83862.2,86321.6,87962894424,Bitcoin / USD,BTC-USD
2025-12-02,86322.5,92316.6,86202.2,91350.2,78546798211,Bitcoin / USD,BTC-USD
2025-12-03,91345.1,94060.8,91056.4,93527.8,77650204986,Bitcoin / USD,BTC-USD
2025-12-04,93454.3,94038.2,90976.1,92141.6,64538402681,Bitcoin / USD,BTC-USD
2025-12-05,92133.6,92702.6,88152.1,89387.8,63256398633,Bitcoin / USD,BTC-USD
2025-12-06,89389.4,90267.5,88951.7,89272.4,37994042405,Bitcoin / USD,BTC-USD
2025-12-07,89277.8,91740.8,87799.6,90405.6,47394898960,Bitcoin / USD,BTC-USD
2025-12-08,90424.6,92267.1,89644.9,90640.2,57394099056,Bitcoin / USD,BTC-USD
2025-12-09,90639.7,94601.6,89587.0,92691.7,66861721440,Bitcoin / USD,BTC-USD
2025-12-10,92695.2,94477.2,91640.1,92020.9,65420694513,Bitcoin / USD,BTC-USD
2025-12-11,92011.3,93554.3,89335.3,92511.3,64532834621,Bitcoin / USD,BTC-USD
2025-12-12,92513.7,92747.9,89532.6,90270.4,80275884583,Bitcoin / USD,BTC-USD
2025-12-13,90257.8,90647.6,89801.0,90298.7,64237748110,Bitcoin / USD,BTC-USD
2025-12-14,90296.4,90498.1,87634.9,88175.2,50465972205,Bitcoin / USD,BTC-USD
2025-12-15,88171.1,89983.9,85304.1,86419.8,45559514323,Bitcoin / USD,BTC-USD
2025-12-16,86424.4,88170.1,85381.7,87844.0,41262178223,Bitcoin / USD,BTC-USD
2025-12-17,87847.6,90264.6,85316.3,86143.8,44243392914,Bitcoin / USD,BTC-USD
2025-12-18,86144.4,89412.7,84436.3,85462.5,52667115348,Bitcoin / USD,BTC-USD
2025-12-19,85476.1,89339.1,85107.7,88103.4,46733310561,Bitcoin / USD,BTC-USD
2025-12-20,88101.7,88497.2,87924.9,88344.0,14688196659,Bitcoin / USD,BTC-USD
2025-12-21,88344.7,89028.0,87613.2,88621.8,19845522660,Bitcoin / USD,BTC-USD
2025-12-22,88621.4,90501.9,87908.1,88490.0,38047472118,Bitcoin / USD,BTC-USD
2025-12-23,88490.0,88898.4,86607.0,87414.0,43683011533,Bitcoin / USD,BTC-USD
2025-12-24,87404.3,87956.9,86411.8,87612.0,25550297986,Bitcoin / USD,BTC-USD
2025-12-25,87608.3,88501.8,86949.3,87234.7,19953216347,Bitcoin / USD,BTC-USD
2025-12-26,87235.5,89459.4,86628.1,87301.4,42455674908,Bitcoin / USD,BTC-USD
2025-12-27,87301.4,87874.8,87183.0,87802.2,13741199310,Bitcoin / USD,BTC-USD
2025-12-28,87799.3,87986.9,87395.0,87835.8,15156557929,Bitcoin / USD,BTC-USD
2025-12-29,87835.8,90299.2,86717.9,87138.1,48411625849,Bitcoin / USD,BTC-USD
2025-12-30,87134.4,89297.9,86735.5,88430.1,35586356225,Bitcoin / USD,BTC-USD
2025-12-31,88429.6,89080.3,87130.6,87508.8,33830210616,Bitcoin / USD,BTC-USD
2026-01-01,87508.0,88803.2,87399.4,88732.0,18849043990,Bitcoin / USD,BTC-USD
2026-01-02,88733.1,90884.5,88298.6,89944.7,46398906171,Bitcoin / USD,BTC-USD
2026-01-03,89945.1,90679.6,89328.1,90603.2,20774828592,Bitcoin / USD,BTC-USD
2026-01-04,90603.0,91712.6,90595.1,91413.5,26770491368,Bitcoin / USD,BTC-USD
2026-01-05,91414.6,94762.1,91414.6,93882.6,53376407252,Bitcoin / USD,BTC-USD
2026-01-06,93876.9,94395.3,91286.5,93729.0,52430605257,Bitcoin / USD,BTC-USD
2026-01-07,93727.5,93738.8,90601.8,91308.1,43461295053,Bitcoin / USD,BTC-USD
2026-01-08,91309.6,91485.9,89233.9,91027.1,42386697030,Bitcoin / USD,BTC-USD
2026-01-09,91026.3,91910.7,89625.4,90513.1,38305906684,Bitcoin / USD,BTC-USD
2026-01-10,90510.1,90713.0,90283.4,90386.6,12385895282,Bitcoin / USD,BTC-USD
2026-01-11,90385.4,91155.2,90212.0,90827.5,17165568977,Bitcoin / USD,BTC-USD
2026-01-12,90825.9,92395.5,90055.0,91193.0,41346275358,Bitcoin / USD,BTC-USD
2026-01-13,91185.3,96011.6,90941.9,95321.8,54980674354,Bitcoin / USD,BTC-USD
2026-01-14,95322.9,97860.6,94583.0,96929.3,60592490863,Bitcoin / USD,BTC-USD
2026-01-15,96931.3,97150.2,95103.2,95551.2,53086363027,Bitcoin / USD,BTC-USD
2026-01-16,95554.1,95801.9,94259.3,95525.1,33248170537,Bitcoin / USD,BTC-USD
2026-01-17,95525.2,95598.5,95005.6,95099.9,16021715122,Bitcoin / USD,BTC-USD
2026-01-18,95101.2,95491.5,93588.9,93634.4,20809781232,Bitcoin / USD,BTC-USD
2026-01-19,93655.7,93660.8,92089.2,92553.6,39195241508,Bitcoin / USD,BTC-USD
2026-01-20,92553.6,92798.4,87814.9,88310.9,53072968031,Bitcoin / USD,BTC-USD
2026-01-21,88326.5,90430.4,87231.6,89377.0,56330422434,Bitcoin / USD,BTC-USD
2026-01-22,89378.5,90259.0,88438.4,89462.5,35549685694,Bitcoin / USD,BTC-USD
2026-01-23,89462.0,91100.2,88486.4,89503.9,38997586037,Bitcoin / USD,BTC-USD
2026-01-24,89506.1,89811.6,89044.3,89110.7,14558687712,Bitcoin / USD,BTC-USD
2026-01-25,89104.8,89193.1,86003.7,86572.2,36124986722,Bitcoin / USD,BTC-USD
2026-01-26,86566.5,88743.1,86429.3,88267.1,45329286974,Bitcoin / USD,BTC-USD
2026-01-27,88257.5,89427.1,87228.9,89102.6,38744942267,Bitcoin / USD,BTC-USD
2026-01-28,89104.0,90439.3,88721.5,89184.6,39807419296,Bitcoin / USD,BTC-USD
2026-01-29,89169.9,89200.8,83250.6,84561.6,64653083162,Bitcoin / USD,BTC-USD
2026-01-30,84562.7,84602.2,81071.5,84128.7,72083816087,Bitcoin / USD,BTC-USD
2026-01-31,84126.5,84136.9,75815.9,78621.1,70479259159,Bitcoin / USD,BTC-USD
2026-02-01,78626.1,79322.6,75698.9,76974.4,53372509744,Bitcoin / USD,BTC-USD
2026-02-02,76968.9,79258.6,74551.3,78688.8,75140589684,Bitcoin / USD,BTC-USD
2026-02-03,78693.5,79118.9,72897.1,75633.5,68249110822,Bitcoin / USD,BTC-USD
2026-02-04,75640.1,76864.7,71779.9,73019.7,67215363944,Bitcoin / USD,BTC-USD
2026-02-05,73016.4,73161.6,62353.5,62702.1,125509410908,Bitcoin / USD,BTC-USD
2026-02-06,62704.5,71681.3,60074.2,70555.4,114674259489,Bitcoin / USD,BTC-USD
2026-02-07,70553.8,71611.1,67364.4,69282.0,62347107663,Bitcoin / USD,BTC-USD
2026-02-08,69283.7,72206.9,68852.9,70264.7,39721722619,Bitcoin / USD,BTC-USD
2026-02-09,70243.3,71370.0,68291.0,70120.8,52081598792,Bitcoin / USD,BTC-USD
2026-02-10,70137.4,70464.3,67913.1,68794.0,40593063077,Bitcoin / USD,BTC-USD
2026-02-11,68791.9,69242.7,65757.3,66992.0,49671946030,Bitcoin / USD,BTC-USD
2026-02-12,66992.2,68339.5,65092.1,66221.8,44651071271,Bitcoin / USD,BTC-USD
2026-02-13,66213.4,69382.8,65835.8,68857.8,40820775886,Bitcoin / USD,BTC-USD
2026-02-14,68857.0,70481.2,68706.6,69767.6,36012397645,Bitcoin / USD,BTC-USD
2026-02-15,69765.0,70939.3,68052.5,68788.2,40191152750,Bitcoin / USD,BTC-USD
2026-02-16,68782.4,70067.2,67301.6,68843.2,33618145426,Bitcoin / USD,BTC-USD
2026-02-17,68843.1,69201.9,66615.3,67494.2,34866936040,Bitcoin / USD,BTC-USD
2026-02-18,67488.0,68434.4,65845.9,66425.3,33094301643,Bitcoin / USD,BTC-USD
2026-02-19,66425.6,67277.1,65637.4,66957.5,31492987019,Bitcoin / USD,BTC-USD
2026-02-20,66958.6,68269.0,66452.5,68005.4,47507867304,Bitcoin / USD,BTC-USD
2026-02-21,68000.2,68657.7,67533.1,68003.8,18357635642,Bitcoin / USD,BTC-USD
2026-02-22,67998.8,68235.2,67185.6,67659.4,17893536012,Bitcoin / USD,BTC-USD
2026-02-23,67668.4,67668.4,63924.4,64616.7,50953457309,Bitcoin / USD,BTC-USD
2026-02-24,64616.0,64992.2,62553.2,64080.0,40849331086,Bitcoin / USD,BTC-USD
2026-02-25,64077.8,69953.5,63942.5,67960.1,53629234355,Bitcoin / USD,BTC-USD
2026-02-26,67954.9,68843.4,66523.7,67453.8,42988597523,Bitcoin / USD,BTC-USD
2026-02-27,67456.5,68220.4,64946.0,65881.8,40283655942,Bitcoin / USD,BTC-USD
2026-02-28,65878.9,67714.5,63062.2,66995.9,42041497112,Bitcoin / USD,BTC-USD
2026-03-01,67005.9,68162.8,65076.7,65738.1,40733141929,Bitcoin / USD,BTC-USD
2026-03-02,65734.1,70044.0,65303.1,68775.9,56698092052,Bitcoin / USD,BTC-USD
2026-03-03,68785.1,69232.9,66237.6,68293.6,47947999049,Bitcoin / USD,BTC-USD
2026-03-04,68290.6,74051.8,67437.4,72710.6,75073101274,Bitcoin / USD,BTC-USD
2026-03-05,72712.7,73555.8,70654.9,70841.1,51172841727,Bitcoin / USD,BTC-USD
2026-03-06,70842.2,71378.6,67757.8,68136.5,43776962871,Bitcoin / USD,BTC-USD
2026-03-07,68136.7,68515.2,66969.3,67272.6,23258701211,Bitcoin / USD,BTC-USD
2026-03-08,67272.5,68177.8,65639.2,65969.8,33195080116,Bitcoin / USD,BTC-USD
2026-03-09,65969.6,69474.9,65858.0,68402.4,49499875378,Bitcoin / USD,BTC-USD
2026-03-10,68402.7,71770.9,68402.7,69926.9,54003996096,Bitcoin / USD,BTC-USD
2026-03-11,69931.2,71337.7,68998.9,70204.9,45236859848,Bitcoin / USD,BTC-USD
2026-03-12,70209.8,70775.8,69230.2,70493.5,40871848129,Bitcoin / USD,BTC-USD
2026-03-13,70497.0,73927.3,70410.7,70968.3,61167226505,Bitcoin / USD,BTC-USD
2026-03-14,70965.4,71291.2,70339.6,71214.6,22283546496,Bitcoin / USD,BTC-USD
2026-03-15,71213.7,73173.0,70882.4,72789.9,27991268669,Bitcoin / USD,BTC-USD
2026-03-16,72798.2,74901.9,72300.6,74861.1,55572438409,Bitcoin / USD,BTC-USD
2026-03-17,74855.3,75988.4,73444.2,73922.5,49500721728,Bitcoin / USD,BTC-USD
2026-03-18,73936.9,74659.0,70503.9,71245.6,46229011155,Bitcoin / USD,BTC-USD
2026-03-19,71250.4,71598.8,68805.5,69912.8,44631433398,Bitcoin / USD,BTC-USD
2026-03-20,69911.5,71346.8,69398.9,70522.6,38299078407,Bitcoin / USD,BTC-USD
2026-03-21,70522.5,71051.3,68602.9,68711.5,21109354718,Bitcoin / USD,BTC-USD
2026-03-22,68737.4,69561.8,67372.9,67845.2,30108051508,Bitcoin / USD,BTC-USD
2026-03-23,67843.0,71782.3,67458.8,70914.9,51508669357,Bitcoin / USD,BTC-USD
2026-03-24,70912.7,71371.3,68920.7,70517.9,40181522399,Bitcoin / USD,BTC-USD
2026-03-25,70520.0,71985.7,70383.6,71309.9,35409791747,Bitcoin / USD,BTC-USD
2026-03-26,71310.1,71410.4,68118.4,68791.6,38962070215,Bitcoin / USD,BTC-USD
2026-03-27,68790.8,69117.5,65532.6,66338.4,46483453594,Bitcoin / USD,BTC-USD
2026-03-28,66338.5,67232.9,65906.7,66319.7,20924883455,Bitcoin / USD,BTC-USD
2026-03-29,66319.7,67053.0,64971.7,65954.9,21645889785,Bitcoin / USD,BTC-USD
2026-03-30,65958.4,68087.3,65759.8,66691.4,37694994180,Bitcoin / USD,BTC-USD
2026-03-31,66694.6,68495.3,65950.4,68233.3,42997691338,Bitcoin / USD,BTC-USD
2026-04-01,68232.9,69230.4,67555.4,68078.6,36465393617,Bitcoin / USD,BTC-USD
2026-04-02,68077.9,68633.1,65725.3,66888.6,39323384518,Bitcoin / USD,BTC-USD
2026-04-03,66889.0,67296.2,66281.5,66931.1,22815543346,Bitcoin / USD,BTC-USD
2026-04-04,66938.6,67515.0,66769.6,67290.5,15878814963,Bitcoin / USD,BTC-USD
2026-04-05,67291.2,69087.7,66610.6,68981.9,22972648674,Bitcoin / USD,BTC-USD
2026-04-06,68982.9,70305.4,68347.1,68859.8,39542143229,Bitcoin / USD,BTC-USD
2026-04-07,68859.4,72732.4,67740.5,71940.7,44650511480,Bitcoin / USD,BTC-USD
2026-04-08,71950.1,72825.2,70707.5,71123.4,42444631703,Bitcoin / USD,BTC-USD
2026-04-09,71120.6,73107.3,70486.4,71767.8,38799581473,Bitcoin / USD,BTC-USD
2026-04-10,71774.4,73440.1,71434.8,72979.0,37722595732,Bitcoin / USD,BTC-USD
2026-04-11,72976.1,73784.2,72556.3,73054.3,23287073965,Bitcoin / USD,BTC-USD
2026-04-12,73056.0,73154.0,70540.6,70753.4,29882740487,Bitcoin / USD,BTC-USD
2026-04-13,70757.6,74896.3,70588.5,74484.6,52278211554,Bitcoin / USD,BTC-USD
2026-04-14,74478.4,76061.8,73877.2,74181.6,53540826530,Bitcoin / USD,BTC-USD
2026-04-15,74182.0,75409.3,73549.2,74805.1,38090174312,Bitcoin / USD,BTC-USD
2026-04-16,74810.9,75506.6,73346.3,75152.1,41312783855,Bitcoin / USD,BTC-USD
2026-04-17,75164.0,78320.7,74558.6,77126.9,54137194839,Bitcoin / USD,BTC-USD
2026-04-18,77136.0,77416.7,75504.9,75726.2,26014416776,Bitcoin / USD,BTC-USD
2026-04-19,75723.7,76243.1,73802.4,73856.4,30931515195,Bitcoin / USD,BTC-USD
2026-04-20,73854.2,76575.4,73775.6,75872.5,39674447916,Bitcoin / USD,BTC-USD
2026-04-21,75872.8,76881.5,74852.7,76352.8,36453522626,Bitcoin / USD,BTC-USD
2026-04-22,76354.2,79468.0,76159.6,78203.1,48336654537,Bitcoin / USD,BTC-USD
2026-04-23,78203.9,78676.9,77014.5,78269.0,40354900916,Bitcoin / USD,BTC-USD
2026-04-24,78263.8,78554.1,77318.4,77455.3,32784213526,Bitcoin / USD,BTC-USD
2026-04-25,77457.2,77882.6,77184.7,77612.0,16702933134,Bitcoin / USD,BTC-USD
2026-04-26,77613.1,78923.6,77334.9,78657.5,21482934750,Bitcoin / USD,BTC-USD
2026-04-27,78661.0,79488.2,76481.3,77366.6,38135631927,Bitcoin / USD,BTC-USD
2026-04-28,77368.1,77483.9,75673.6,76350.7,32056900880,Bitcoin / USD,BTC-USD
2026-04-29,76350.7,77885.0,74958.6,75776.1,41460907886,Bitcoin / USD,BTC-USD
2026-04-30,75778.6,76611.5,75319.0,76304.3,29497862305,Bitcoin / USD,BTC-USD
2026-05-01,76305.1,78895.0,76294.7,78179.0,39164328894,Bitcoin / USD,BTC-USD
2026-05-02,78177.8,79119.8,78032.0,78657.2,16761531851,Bitcoin / USD,BTC-USD
2026-05-03,78656.7,79402.4,78073.1,78538.2,20544392639,Bitcoin / USD,BTC-USD
2026-05-04,78540.3,80742.4,78218.0,79827.9,54325085296,Bitcoin / USD,BTC-USD
2026-05-05,79823.5,81751.5,79787.6,80927.1,39700107376,Bitcoin / USD,BTC-USD
2026-05-06,80930.7,82792.2,80751.0,81427.5,41751540000,Bitcoin / USD,BTC-USD
2026-05-07,81428.9,81685.0,79522.7,80010.0,36931193154,Bitcoin / USD,BTC-USD
2026-05-08,80009.6,80447.3,79205.5,80186.8,33789351540,Bitcoin / USD,BTC-USD
2026-05-09,80187.7,81030.1,80119.9,80664.4,18102086996,Bitcoin / USD,BTC-USD
2026-05-10,80665.6,82430.2,80274.1,82138.9,26965971077,Bitcoin / USD,BTC-USD
2026-05-11,82139.0,82326.2,80451.4,81728.3,32409774919,Bitcoin / USD,BTC-USD
2026-05-12,81725.4,81753.0,79832.1,80477.5,32186688600,Bitcoin / USD,BTC-USD
2026-05-13,80476.8,81276.7,78725.5,79277.1,34075428359,Bitcoin / USD,BTC-USD
2026-05-14,79276.9,82006.0,78909.7,81051.2,43731663431,Bitcoin / USD,BTC-USD
2026-05-15,81046.9,81634.8,78635.4,79065.7,38183347368,Bitcoin / USD,BTC-USD
2026-05-16,79066.0,79173.5,77630.7,78131.4,25895799905,Bitcoin / USD,BTC-USD
2026-05-17,78133.6,78539.4,76783.4,77429.4,20900166465,Bitcoin / USD,BTC-USD
2026-05-18,77426.3,77749.3,76029.2,76954.2,41520471808,Bitcoin / USD,BTC-USD
2026-05-19,76954.8,77346.9,76082.4,76750.9,26031898332,Bitcoin / USD,BTC-USD
2026-05-20,76749.5,77775.6,76463.6,77457.8,26668360936,Bitcoin / USD,BTC-USD
2026-05-21,77462.5,78100.6,76655.4,77539.2,27141485404,Bitcoin / USD,BTC-USD
2026-05-22,77538.1,77819.5,75323.9,75488.2,27859040109,Bitcoin / USD,BTC-USD
2026-05-23,75488.3,77288.1,74255.2,76673.4,29973220002,Bitcoin / USD,BTC-USD
2026-05-24,76670.7,77372.5,76019.9,76981.1,20572738918,Bitcoin / USD,BTC-USD
2026-05-25,76981.1,77804.9,76833.0,77279.9,19808387601,Bitcoin / USD,BTC-USD
2026-05-26,77280.1,77990.9,75569.5,75825.7,35999475458,Bitcoin / USD,BTC-USD
2026-05-27,75825.3,76014.3,74136.5,74344.7,33802172927,Bitcoin / USD,BTC-USD
2026-05-28,74339.6,74460.1,72493.4,73536.6,40148145327,Bitcoin / USD,BTC-USD
2026-05-29,73537.0,74218.6,72435.6,73372.5,34457929250,Bitcoin / USD,BTC-USD
2026-05-30,73370.9,74020.8,73125.2,73754.8,19563589191,Bitcoin / USD,BTC-USD
2026-05-31,73753.8,74153.5,73315.0,73579.7,17445435650,Bitcoin / USD,BTC-USD
2026-06-01,73580.2,73969.6,70599.5,71319.8,43378836121,Bitcoin / USD,BTC-USD
2026-06-02,71321.0,71335.0,66127.3,66703.7,54990073882,Bitcoin / USD,BTC-USD
2026-06-03,66694.0,67402.9,64009.7,64014.4,47411556213,Bitcoin / USD,BTC-USD
2026-06-04,64020.1,64664.4,61335.8,63801.6,63800151780,Bitcoin / USD,BTC-USD
2026-06-05,63807.7,63901.5,59108.9,60922.7,71465606706,Bitcoin / USD,BTC-USD
2026-06-06,60924.5,61491.7,59496.6,60867.4,30898464957,Bitcoin / USD,BTC-USD
2026-06-07,60866.9,64128.0,60724.1,63239.5,36006496194,Bitcoin / USD,BTC-USD
2026-06-08,63244.1,64185.8,62384.7,63090.6,34133252457,Bitcoin / USD,BTC-USD
2026-06-09,63092.9,63486.1,60756.7,61643.8,40144449754,Bitcoin / USD,BTC-USD
2026-06-10,61643.2,62788.3,60788.0,61449.3,27493506779,Bitcoin / USD,BTC-USD
2026-06-11,61448.9,63851.9,61448.0,63561.1,29316677897,Bitcoin / USD,BTC-USD
2026-06-12,63547.4,64334.0,62778.8,63543.2,26881868307,Bitcoin / USD,BTC-USD
2026-06-13,63541.5,64700.9,63431.3,64421.3,16956245530,Bitcoin / USD,BTC-USD
2026-06-14,64420.2,65749.8,63634.0,65710.4,21572226975,Bitcoin / USD,BTC-USD
2026-06-15,65711.1,67248.1,65315.8,66289.5,32927321950,Bitcoin / USD,BTC-USD
2026-06-16,66289.5,66928.6,65315.1,65600.6,25063963967,Bitcoin / USD,BTC-USD
2026-06-17,65600.4,66354.6,63870.9,64418.4,31288885189,Bitcoin / USD,BTC-USD
2026-06-18,64419.6,64736.9,62201.1,62896.5,30432454936,Bitcoin / USD,BTC-USD
2026-06-19,62897.5,63568.2,62275.6,63540.8,22361931660,Bitcoin / USD,BTC-USD
2026-06-20,63535.8,64307.1,63149.7,64239.7,17486384117,Bitcoin / USD,BTC-USD
2026-06-21,64242.3,64506.6,63221.0,63237.5,15739619591,Bitcoin / USD,BTC-USD
2026-06-22,63240.8,65544.0,63233.5,63952.1,26561496819,Bitcoin / USD,BTC-USD
2026-06-23,63952.8,64196.6,61893.2,62668.0,29608942370,Bitcoin / USD,BTC-USD
2026-06-24,62663.0,63097.8,59029.9,60995.1,42644106535,Bitcoin / USD,BTC-USD
2026-06-25,60992.1,61868.9,58075.9,59721.7,40625024718,Bitcoin / USD,BTC-USD
2026-06-26,59712.1,60647.2,58269.1,60016.4,41502864671,Bitcoin / USD,BTC-USD
2026-06-27,60016.3,60835.0,59794.6,59940.1,15099836554,Bitcoin / USD,BTC-USD
2026-06-28,59940.4,60432.7,58879.6,59532.3,16282230874,Bitcoin / USD,BTC-USD
2026-06-29,59522.8,60682.3,58856.2,60138.4,30829983083,Bitcoin / USD,BTC-USD
2026-06-30,60136.5,60173.2,58111.7,58558.9,32747419391,Bitcoin / USD,BTC-USD
2026-07-01,58562.4,61223.8,57747.8,60003.8,37904450118,Bitcoin / USD,BTC-USD
2026-07-02,60004.8,62117.9,59532.3,61485.3,40109297349,Bitcoin / USD,BTC-USD
2026-07-03,61492.1,62879.0,61176.7,62544.2,26131813598,Bitcoin / USD,BTC-USD
2026-07-04,62545.1,63398.4,62287.6,63088.3,18608397613,Bitcoin / USD,BTC-USD
2026-07-05,63089.1,63935.8,62414.0,63547.9,18267466154,Bitcoin / USD,BTC-USD
2026-07-06,63551.0,64597.6,61275.8,63995.0,36552222303,Bitcoin / USD,BTC-USD
2026-07-07,63994.6,64257.6,62623.9,63297.4,31026493556,Bitcoin / USD,BTC-USD
2026-07-08,63293.5,63706.9,61492.6,62257.6,27349235354,Bitcoin / USD,BTC-USD
2026-07-09,62257.3,63422.9,61645.8,63193.1,26546256117,Bitcoin / USD,BTC-USD
2026-07-10,63194.4,64659.0,62902.1,64127.1,27450201269,Bitcoin / USD,BTC-USD
2026-07-11,64128.0,64445.5,63785.6,63802.0,13954689047,Bitcoin / USD,BTC-USD
2026-07-12,63791.4,64243.1,63606.8,63758.2,19043437787,Bitcoin / USD,BTC-USD
2026-07-13,63757.2,64340.9,61769.0,62239.1,37650044790,Bitcoin / USD,BTC-USD
2026-07-14,62238.6,65046.1,62207.5,64956.1,29841287318,Bitcoin / USD,BTC-USD
2026-07-15,64959.8,65507.6,64442.8,64712.4,27029791676,Bitcoin / USD,BTC-USD
2026-07-16,64713.3,64931.9,63701.8,63789.3,27232426674,Bitcoin / USD,BTC-USD
2026-07-17,63789.9,64332.0,62489.5,63899.5,27280236800,Bitcoin / USD,BTC-USD
2026-07-18,63899.2,64816.5,63845.0,64796.6,14162542470,Bitcoin / USD,BTC-USD
2026-07-19,64799.3,64909.9,64250.9,64690.8,15000653941,Bitcoin / USD,BTC-USD
2026-07-20,64684.4,65735.7,63720.4,65230.0,30988932408,Bitcoin / USD,BTC-USD
2026-07-21,65228.9,66910.1,65113.7,66505.1,29554470321,Bitcoin / USD,BTC-USD
2026-07-22,66506.8,66694.6,65514.2,66100.8,28142272410,Bitcoin / USD,BTC-USD
2026-07-23,66100.1,66282.4,64610.6,65044.8,24364433538,Bitcoin / USD,BTC-USD
2026-07-24,65045.0,65760.5,63686.0,64098.5,25917559237,Bitcoin / USD,BTC-USD
2026-07-25,64098.5,64386.1,63753.0,64311.8,13817493398,Bitcoin / USD,BTC-USD
2026-07-26,64311.8,65503.8,64233.5,65340.3,14301494281,Bitcoin / USD,BTC-USD
2026-07-27,65340.6,65658.3,63562.5,63724.9,26183821002,Bitcoin / USD,BTC-USD
2026-07-28,63723.5,64026.9,62714.8,63871.4,24128738898,Bitcoin / USD,BTC-USD
2026-07-29,63871.4,64638.7,63206.2,63908.2,28611167472,Bitcoin / USD,BTC-USD
2026-07-30,63908.6,65071.4,63533.9,64725.3,26250039650,Bitcoin / USD,BTC-USD
2026-07-31,64724.0,65328.2,62410.9,62813.7,30439749629,Bitcoin / USD,BTC-USD
2026-08-01,62813.7,63091.6,62233.0,62763.3,13553286543,Bitcoin / USD,BTC-USD
2026-08-02,62763.4,63714.6,62745.3,63482.0,15901776708,Bitcoin / USD,BTC-USD
2026-08-03,63485.4,64020.3,62226.6,63460.9,26038889824,Bitcoin / USD,BTC-USD
2026-08-04,63458.4,64466.9,63277.7,64056.0,23662357784,Bitcoin / USD,BTC-USD
2026-08-05,64054.9,64954.3,63829.7,64597.5,23568584891,Bitcoin / USD,BTC-USD
2026-08-06,64595.4,64934.5,64098.5,64262.1,18529402711,Bitcoin / USD,BTC-USD
2026-08-07,64257.5,65330.6,64113.3,64880.2,22165720102,Bitcoin / USD,BTC-USD
2026-08-08,64882.5,65140.5,64797.1,64904.7,12350094271,Bitcoin / USD,BTC-USD
2026-08-09,64906.6,65401.7,64677.6,64844.9,13234538380,Bitcoin / USD,BTC-USD
2026-08-10,64845.4,65321.8,63752.6,63910.6,22384770392,Bitcoin / USD,BTC-USD
2026-08-11,63910.2,64433.7,63185.5,63551.9,20824820662,Bitcoin / USD,BTC-USD
2026-08-12,63551.9,64381.1,63251.1,63402.4,23063864553,Bitcoin / USD,BTC-USD
2026-08-13,63404.4,63926.3,62799.3,63402.2,18765583756,Bitcoin / USD,BTC-USD
2026-08-14,63402.1,63551.6,62487.7,62975.6,20280053024,Bitcoin / USD,BTC-USD
2026-08-15,62974.3,63119.1,62851.0,63024.3,10033057106,Bitcoin / USD,BTC-USD
2026-08-16,63023.4,63310.8,62648.6,62818.7,9078986635,Bitcoin / USD,BTC-USD
2026-08-17,62819.4,64547.8,62687.1,64506.3,21555405073,Bitcoin / USD,BTC-USD
2026-08-18,64506.5,64987.7,63980.3,64680.7,18728001793,Bitcoin / USD,BTC-USD
2026-08-19,64680.0,69997.0,64111.1,69266.2,46228098443,Bitcoin / USD,BTC-USD
2026-08-20,69268.2,73369.8,68867.5,73032.8,55444322363,Bitcoin / USD,BTC-USD
