Date,Open,High,Low,Close,Volume,Market,Symbol
2019-08-22,7746.59,7772.9,7644.46,7695.42,652399,Nasdaq-100 Index,NAS100
2019-08-23,7695.42,7753.3,7439.5,7496.06,961403,Nasdaq-100 Index,NAS100
2019-08-26,7496.06,7615.95,7346.19,7578.8,955313,Nasdaq-100 Index,NAS100
2019-08-27,7578.8,7641.5,7529.31,7555.98,763720,Nasdaq-100 Index,NAS100
2019-08-28,7555.98,7599.8,7495.99,7572.15,697613,Nasdaq-100 Index,NAS100
2019-08-29,7572.15,7723.0,7542.3,7697.24,608606,Nasdaq-100 Index,NAS100
2019-08-30,7697.24,7763.9,7639.14,7668.26,627839,Nasdaq-100 Index,NAS100
2019-09-02,7668.26,7690.2,7576.2,7607.15,266409,Nasdaq-100 Index,NAS100
2019-09-03,7607.15,7671.25,7581.53,7609.18,761930,Nasdaq-100 Index,NAS100
2019-09-04,7609.18,7725.52,7602.32,7717.26,530374,Nasdaq-100 Index,NAS100
2019-09-05,7717.26,7881.1,7712.08,7841.58,579829,Nasdaq-100 Index,NAS100
2019-09-06,7841.58,7888.65,7832.13,7851.31,513722,Nasdaq-100 Index,NAS100
2019-09-09,7851.31,7882.25,7794.05,7827.51,495790,Nasdaq-100 Index,NAS100
2019-09-10,7827.51,7853.95,7740.43,7813.23,653825,Nasdaq-100 Index,NAS100
2019-09-11,7813.23,7893.05,7782.5,7886.31,552443,Nasdaq-100 Index,NAS100
2019-09-12,7886.31,7974.9,7881.83,7903.74,648944,Nasdaq-100 Index,NAS100
2019-09-13,7903.74,7953.05,7877.15,7882.1,477668,Nasdaq-100 Index,NAS100
2019-09-16,7882.1,7882.1,7771.23,7857.89,543463,Nasdaq-100 Index,NAS100
2019-09-17,7857.89,7895.1,7824.15,7887.5,462842,Nasdaq-100 Index,NAS100
2019-09-18,7887.5,7901.35,7786.14,7893.87,470245,Nasdaq-100 Index,NAS100
2019-09-19,7893.87,7947.75,7824.57,7887.57,564423,Nasdaq-100 Index,NAS100
2019-09-20,7887.57,7926.1,7784.88,7803.01,550958,Nasdaq-100 Index,NAS100
2019-09-23,7803.01,7871.05,7783.27,7841.86,511836,Nasdaq-100 Index,NAS100
2019-09-24,7841.86,7879.45,7679.65,7712.36,697586,Nasdaq-100 Index,NAS100
2019-09-25,7712.36,7821.6,7641.87,7799.09,682262,Nasdaq-100 Index,NAS100
2019-09-26,7799.09,7821.3,7712.99,7761.43,616746,Nasdaq-100 Index,NAS100
2019-09-27,7761.43,7800.4,7619.82,7678.15,702286,Nasdaq-100 Index,NAS100
2019-09-30,7678.15,7769.85,7678.15,7763.04,545362,Nasdaq-100 Index,NAS100
2019-10-01,7763.04,7822.75,7671.83,7688.35,705398,Nasdaq-100 Index,NAS100
2019-10-02,7688.35,7711.95,7508.15,7537.3,840814,Nasdaq-100 Index,NAS100
2019-10-03,7537.3,7640.95,7454.9,7636.62,794431,Nasdaq-100 Index,NAS100
2019-10-04,7636.62,7756.0,7605.47,7745.68,635058,Nasdaq-100 Index,NAS100
2019-10-07,7745.68,7782.36,7677.8,7722.85,616505,Nasdaq-100 Index,NAS100
2019-10-08,7722.85,7768.55,7594.27,7606.65,839538,Nasdaq-100 Index,NAS100
2019-10-09,7606.65,7715.1,7586.5,7687.45,668410,Nasdaq-100 Index,NAS100
2019-10-10,7687.45,7782.8,7564.59,7771.85,842503,Nasdaq-100 Index,NAS100
2019-10-11,7771.85,7902.3,7749.81,7841.05,695587,Nasdaq-100 Index,NAS100
2019-10-14,7841.05,7880.05,7791.88,7842.14,505607,Nasdaq-100 Index,NAS100
2019-10-15,7842.14,7957.55,7842.14,7942.66,432103,Nasdaq-100 Index,NAS100
2019-10-16,7942.66,7946.5,7893.66,7937.8,496725,Nasdaq-100 Index,NAS100
2019-10-17,7937.8,7981.15,7908.57,7936.5,501188,Nasdaq-100 Index,NAS100
2019-10-18,7936.5,7944.3,7821.91,7867.55,495145,Nasdaq-100 Index,NAS100
2019-10-21,7867.55,7937.8,7853.48,7935.8,366949,Nasdaq-100 Index,NAS100
2019-10-22,7935.8,7977.15,7822.82,7830.4,439957,Nasdaq-100 Index,NAS100
2019-10-23,7830.4,7906.8,7798.88,7901.92,463784,Nasdaq-100 Index,NAS100
2019-10-24,7901.92,7971.8,7901.92,7912.45,382425,Nasdaq-100 Index,NAS100
2019-10-25,7912.45,8030.58,7906.26,8022.95,323730,Nasdaq-100 Index,NAS100
2019-10-28,8022.95,8117.15,8022.95,8100.95,346152,Nasdaq-100 Index,NAS100
2019-10-29,8100.95,8109.55,8041.36,8043.46,374443,Nasdaq-100 Index,NAS100
2019-10-30,8043.46,8131.1,8012.15,8107.85,334475,Nasdaq-100 Index,NAS100
2019-10-31,8107.85,8128.7,8036.3,8080.63,470151,Nasdaq-100 Index,NAS100
2019-11-01,8080.63,8157.98,8075.31,8150.42,340430,Nasdaq-100 Index,NAS100
2019-11-04,8150.42,8226.1,8150.42,8206.28,353727,Nasdaq-100 Index,NAS100
2019-11-05,8206.28,8240.45,8185.7,8199.28,359958,Nasdaq-100 Index,NAS100
2019-11-06,8199.28,8220.05,8152.17,8202.78,361959,Nasdaq-100 Index,NAS100
2019-11-07,8202.78,8262.21,8178.49,8217.34,400774,Nasdaq-100 Index,NAS100
2019-11-08,8217.34,8253.7,8179.75,8245.95,376935,Nasdaq-100 Index,NAS100
2019-11-11,8245.95,8251.15,8197.39,8238.9,324476,Nasdaq-100 Index,NAS100
2019-11-12,8238.9,8290.3,8218.18,8256.19,397824,Nasdaq-100 Index,NAS100
2019-11-13,8256.19,8271.94,8209.85,8257.03,459609,Nasdaq-100 Index,NAS100
2019-11-14,8257.03,8274.8,8206.55,8255.0,482891,Nasdaq-100 Index,NAS100
2019-11-15,8255.0,8312.75,8250.73,8307.9,314796,Nasdaq-100 Index,NAS100
2019-11-18,8307.9,8354.05,8270.89,8322.9,422316,Nasdaq-100 Index,NAS100
2019-11-19,8322.9,8370.4,8304.4,8324.86,420360,Nasdaq-100 Index,NAS100
2019-11-20,8324.86,8336.35,8218.25,8273.9,595733,Nasdaq-100 Index,NAS100
2019-11-21,8273.9,8296.85,8228.96,8265.43,637020,Nasdaq-100 Index,NAS100
2019-11-22,8265.43,8302.6,8223.9,8271.15,435689,Nasdaq-100 Index,NAS100
2019-11-25,8271.15,8369.5,8271.15,8363.22,288670,Nasdaq-100 Index,NAS100
2019-11-26,8363.22,8412.1,8357.27,8388.77,397115,Nasdaq-100 Index,NAS100
2019-11-27,8388.77,8450.45,8385.9,8444.84,261165,Nasdaq-100 Index,NAS100
2019-11-28,8444.84,8450.6,8404.73,8437.55,119623,Nasdaq-100 Index,NAS100
2019-11-29,8437.55,8444.1,8399.9,8408.9,234661,Nasdaq-100 Index,NAS100
2019-12-02,8408.9,8451.25,8269.91,8299.8,573777,Nasdaq-100 Index,NAS100
2019-12-03,8299.8,8331.95,8162.25,8247.37,718637,Nasdaq-100 Index,NAS100
2019-12-04,8247.37,8313.8,8213.77,8286.36,571428,Nasdaq-100 Index,NAS100
2019-12-05,8286.36,8332.3,8266.13,8299.73,507261,Nasdaq-100 Index,NAS100
2019-12-06,8299.73,8402.8,8299.24,8392.76,352111,Nasdaq-100 Index,NAS100
2019-12-09,8392.76,8421.7,8337.25,8342.01,370851,Nasdaq-100 Index,NAS100
2019-12-10,8342.01,8391.9,8290.7,8360.77,557670,Nasdaq-100 Index,NAS100
2019-12-11,8360.77,8404.4,8339.77,8399.55,444345,Nasdaq-100 Index,NAS100
2019-12-12,8399.55,8489.45,8372.32,8462.13,1280324,Nasdaq-100 Index,NAS100
2019-12-13,8462.13,8517.35,8429.44,8485.58,658686,Nasdaq-100 Index,NAS100
2019-12-16,8485.58,8582.39,8485.58,8570.77,321999,Nasdaq-100 Index,NAS100
2019-12-17,8570.77,8592.5,8555.79,8567.48,353629,Nasdaq-100 Index,NAS100
2019-12-18,8567.48,8608.45,8562.3,8591.07,300625,Nasdaq-100 Index,NAS100
2019-12-19,8591.07,8649.85,8575.18,8645.6,283700,Nasdaq-100 Index,NAS100
2019-12-20,8645.6,8691.1,8632.58,8674.44,312129,Nasdaq-100 Index,NAS100
2019-12-23,8674.44,8711.29,8673.09,8694.2,226841,Nasdaq-100 Index,NAS100
2019-12-24,8694.2,8704.79,8676.0,8698.59,130061,Nasdaq-100 Index,NAS100
2019-12-26,8698.59,8774.49,8698.59,8770.08,153899,Nasdaq-100 Index,NAS100
2019-12-27,8770.08,8814.04,8740.19,8757.69,324107,Nasdaq-100 Index,NAS100
2019-12-30,8757.69,8786.94,8668.230000000001,8707.43,435259,Nasdaq-100 Index,NAS100
2019-12-31,8707.43,8728.54,8670.12,8706.09,291701,Nasdaq-100 Index,NAS100
2020-01-02,8706.09,8880.640000000001,8706.09,8880.640000000001,360737,Nasdaq-100 Index,NAS100
2020-01-03,8880.640000000001,8888.44,8716.04,8797.490000000002,727693,Nasdaq-100 Index,NAS100
2020-01-06,8797.490000000002,8860.580000000002,8710.920000000002,8838.040000000003,650626,Nasdaq-100 Index,NAS100
2020-01-07,8838.040000000003,8881.290000000003,8811.860000000002,8832.290000000003,623622,Nasdaq-100 Index,NAS100
2020-01-08,8832.290000000003,8959.210000000003,8664.860000000002,8931.770000000002,909397,Nasdaq-100 Index,NAS100
2020-01-09,8931.770000000002,9009.740000000002,8919.310000000001,8994.630000000003,566230,Nasdaq-100 Index,NAS100
2020-01-10,8994.630000000003,9043.39,8954.660000000002,8968.240000000002,525781,Nasdaq-100 Index,NAS100
2020-01-13,8968.240000000002,9085.440000000002,8968.240000000002,9077.790000000005,429291,Nasdaq-100 Index,NAS100
2020-01-14,9077.790000000005,9104.590000000002,9025.010000000002,9052.660000000002,636658,Nasdaq-100 Index,NAS100
2020-01-15,9052.660000000002,9085.240000000002,9013.240000000002,9050.210000000005,558590,Nasdaq-100 Index,NAS100
2020-01-16,9050.210000000005,9132.040000000005,9050.210000000005,9126.440000000002,387318,Nasdaq-100 Index,NAS100
2020-01-17,9126.440000000002,9180.540000000005,9120.910000000002,9164.380000000005,426883,Nasdaq-100 Index,NAS100
2020-01-20,9164.380000000005,9179.340000000002,9152.690000000002,9167.81,114884,Nasdaq-100 Index,NAS100
2020-01-21,9167.81,9193.340000000002,9110.39,9165.710000000005,489940,Nasdaq-100 Index,NAS100
2020-01-22,9165.710000000005,9249.840000000002,9165.710000000005,9180.830000000002,544945,Nasdaq-100 Index,NAS100
2020-01-23,9180.830000000002,9248.440000000002,9147.090000000002,9243.410000000002,680449,Nasdaq-100 Index,NAS100
2020-01-24,9243.410000000002,9282.690000000002,9105.440000000002,9139.440000000002,788795,Nasdaq-100 Index,NAS100
2020-01-27,9139.440000000002,9139.440000000002,8923.370000000003,8955.360000000002,930412,Nasdaq-100 Index,NAS100
2020-01-28,8955.360000000002,9131.540000000005,8950.530000000002,9119.370000000004,696134,Nasdaq-100 Index,NAS100
2020-01-29,9119.370000000004,9156.990000000002,9070.740000000002,9103.540000000005,634169,Nasdaq-100 Index,NAS100
2020-01-30,9103.540000000005,9237.040000000005,8999.110000000002,9232.280000000002,1029675,Nasdaq-100 Index,NAS100
2020-01-31,9232.280000000002,9245.240000000002,8961.870000000003,9009.680000000002,1034199,Nasdaq-100 Index,NAS100
2020-02-03,9009.680000000002,9153.990000000002,8972.740000000002,9101.660000000002,1068107,Nasdaq-100 Index,NAS100
2020-02-04,9101.660000000002,9367.89,9070.72,9359.690000000002,717128,Nasdaq-100 Index,NAS100
2020-02-05,9359.690000000002,9461.040000000005,9316.070000000002,9384.040000000005,871679,Nasdaq-100 Index,NAS100
2020-02-06,9384.040000000005,9460.240000000002,9358.840000000002,9456.98,718226,Nasdaq-100 Index,NAS100
2020-02-07,9456.98,9464.540000000005,9378.860000000002,9403.570000000002,689704,Nasdaq-100 Index,NAS100
2020-02-10,9403.570000000002,9527.990000000002,9325.940000000002,9520.330000000002,607681,Nasdaq-100 Index,NAS100
2020-02-11,9520.330000000002,9604.790000000005,9497.65,9526.070000000002,666265,Nasdaq-100 Index,NAS100
2020-02-12,9526.070000000002,9624.39,9519.210000000005,9617.210000000005,497688,Nasdaq-100 Index,NAS100
2020-02-13,9617.210000000005,9641.090000000002,9506.190000000002,9619.8,723276,Nasdaq-100 Index,NAS100
2020-02-14,9619.8,9655.490000000002,9584.520000000002,9628.200000000004,551114,Nasdaq-100 Index,NAS100
2020-02-17,9628.200000000004,9685.040000000005,9628.200000000004,9663.620000000004,141627,Nasdaq-100 Index,NAS100
2020-02-18,9663.620000000004,9663.620000000004,9531.740000000002,9636.740000000002,567531,Nasdaq-100 Index,NAS100
2020-02-19,9636.740000000002,9744.610000000002,9636.740000000002,9727.320000000002,456293,Nasdaq-100 Index,NAS100
2020-02-20,9727.320000000002,9759.040000000005,9513.05,9613.990000000002,752571,Nasdaq-100 Index,NAS100
2020-02-21,9613.990000000002,9619.940000000002,9406.23,9455.990000000002,938180,Nasdaq-100 Index,NAS100
2020-02-24,9455.990000000002,9455.990000000002,9045.380000000005,9096.990000000002,1376958,Nasdaq-100 Index,NAS100
2020-02-25,9096.990000000002,9225.040000000005,8810.670000000002,8875.290000000003,1305340,Nasdaq-100 Index,NAS100
2020-02-26,8875.290000000003,9039.490000000002,8710.780000000002,8823.390000000001,1610166,Nasdaq-100 Index,NAS100
2020-02-27,8823.390000000001,8879.540000000003,8336.340000000002,8348.590000000002,1615045,Nasdaq-100 Index,NAS100
2020-02-28,8348.590000000002,8543.740000000002,8130.200000000002,8524.240000000002,2015580,Nasdaq-100 Index,NAS100
2020-03-02,8524.240000000002,8907.140000000001,8333.340000000002,8844.840000000002,2130000,Nasdaq-100 Index,NAS100
2020-03-03,8844.840000000002,9028.990000000002,8540.740000000002,8587.590000000002,1738937,Nasdaq-100 Index,NAS100
2020-03-04,8587.590000000002,8976.840000000002,8534.340000000002,8917.090000000002,1556126,Nasdaq-100 Index,NAS100
2020-03-05,8917.090000000002,8926.040000000003,8638.500000000002,8702.140000000001,1473509,Nasdaq-100 Index,NAS100
2020-03-06,8702.140000000001,8754.790000000003,8339.530000000002,8535.840000000002,1720879,Nasdaq-100 Index,NAS100
2020-03-09,8535.840000000002,8535.840000000002,7851.090000000002,7936.890000000002,778301,Nasdaq-100 Index,NAS100
2020-03-10,7936.890000000002,8399.970000000001,7842.950000000002,8387.470000000001,1291399,Nasdaq-100 Index,NAS100
2020-03-11,8387.470000000001,8387.470000000001,7922.190000000002,8030.340000000002,1639612,Nasdaq-100 Index,NAS100
2020-03-12,8030.340000000002,8136.3200000000015,7175.740000000002,7192.090000000002,1043374,Nasdaq-100 Index,NAS100
2020-03-13,7192.090000000002,8005.240000000002,6970.890000000002,7949.340000000002,872413,Nasdaq-100 Index,NAS100
2020-03-16,7949.340000000002,7949.340000000002,6956.190000000002,7083.630000000002,727305,Nasdaq-100 Index,NAS100
2020-03-17,7083.630000000002,7583.390000000002,6981.390000000002,7394.140000000002,438461,Nasdaq-100 Index,NAS100
2020-03-18,7394.140000000002,7423.270000000002,6860.090000000002,7286.840000000002,333348,Nasdaq-100 Index,NAS100
2020-03-19,7286.840000000002,7532.720000000002,6909.160000000002,7216.740000000002,1318991,Nasdaq-100 Index,NAS100
2020-03-20,7216.740000000002,7670.760000000002,6990.340000000002,6999.470000000002,1301637,Nasdaq-100 Index,NAS100
2020-03-23,6999.470000000002,7346.430000000002,6645.350000000002,7007.830000000002,1692870,Nasdaq-100 Index,NAS100
2020-03-24,7007.830000000002,7600.180000000002,7007.830000000002,7581.410000000002,1624923,Nasdaq-100 Index,NAS100
2020-03-25,7581.410000000002,7788.730000000002,7400.530000000002,7506.930000000002,1867623,Nasdaq-100 Index,NAS100
2020-03-26,7506.930000000002,7920.550000000002,7339.390000000002,7891.220000000002,1533749,Nasdaq-100 Index,NAS100
2020-03-27,7891.220000000002,7919.850000000002,7582.840000000002,7600.090000000002,1131902,Nasdaq-100 Index,NAS100
2020-03-30,7600.090000000002,7908.0700000000015,7437.210000000002,7877.5700000000015,1377610,Nasdaq-100 Index,NAS100
2020-03-31,7877.5700000000015,8017.990000000002,7771.540000000002,7802.420000000002,1264546,Nasdaq-100 Index,NAS100
2020-04-01,7802.420000000002,7802.420000000002,7430.130000000002,7488.990000000002,1159072,Nasdaq-100 Index,NAS100
2020-04-02,7488.990000000002,7680.720000000002,7400.520000000002,7646.600000000002,1354448,Nasdaq-100 Index,NAS100
2020-04-03,7646.600000000002,7684.560000000002,7449.3200000000015,7543.950000000002,1029882,Nasdaq-100 Index,NAS100
2020-04-06,7543.950000000002,8122.970000000002,7543.950000000002,8061.300000000002,947443,Nasdaq-100 Index,NAS100
2020-04-07,8061.300000000002,8328.140000000001,7972.650000000002,8026.630000000002,1503158,Nasdaq-100 Index,NAS100
2020-04-08,8026.630000000002,8268.030000000002,7979.920000000002,8228.720000000001,1336443,Nasdaq-100 Index,NAS100
2020-04-09,8228.720000000001,8353.630000000003,8129.290000000002,8267.130000000003,1556563,Nasdaq-100 Index,NAS100
2020-04-13,8267.130000000003,8365.610000000002,8100.010000000002,8365.360000000002,1081579,Nasdaq-100 Index,NAS100
2020-04-14,8365.360000000002,8736.720000000001,8348.040000000003,8732.220000000001,1196715,Nasdaq-100 Index,NAS100
2020-04-15,8732.220000000001,8734.130000000003,8516.470000000001,8606.240000000002,1203792,Nasdaq-100 Index,NAS100
2020-04-16,8606.240000000002,8872.670000000002,8530.740000000002,8868.420000000002,1254926,Nasdaq-100 Index,NAS100
2020-04-17,8868.420000000002,8997.040000000003,8721.260000000002,8839.420000000002,1322538,Nasdaq-100 Index,NAS100
2020-04-20,8839.420000000002,8878.060000000001,8719.400000000001,8746.480000000001,1246382,Nasdaq-100 Index,NAS100
2020-04-21,8746.480000000001,8795.360000000002,8375.810000000001,8469.430000000002,1571201,Nasdaq-100 Index,NAS100
2020-04-22,8469.430000000002,8732.920000000002,8433.700000000003,8667.130000000003,998049,Nasdaq-100 Index,NAS100
2020-04-23,8667.130000000003,8820.760000000002,8613.640000000001,8635.840000000002,1199613,Nasdaq-100 Index,NAS100
2020-04-24,8635.840000000002,8815.780000000002,8532.230000000001,8803.020000000002,1006343,Nasdaq-100 Index,NAS100
2020-04-27,8803.020000000002,8933.680000000002,8765.680000000002,8853.130000000003,896627,Nasdaq-100 Index,NAS100
2020-04-28,8853.130000000003,8983.050000000001,8691.560000000001,8736.470000000001,1117400,Nasdaq-100 Index,NAS100
2020-04-29,8736.470000000001,9157.680000000002,8736.470000000001,9157.260000000002,1025772,Nasdaq-100 Index,NAS100
2020-04-30,9157.260000000002,9183.840000000002,8895.950000000003,8908.700000000003,1260845,Nasdaq-100 Index,NAS100
2020-05-01,8908.700000000003,8918.000000000002,8712.020000000002,8756.100000000002,1144772,Nasdaq-100 Index,NAS100
2020-05-04,8756.100000000002,8867.290000000003,8597.110000000002,8849.570000000002,1096528,Nasdaq-100 Index,NAS100
2020-05-05,8849.570000000002,9059.840000000002,8839.280000000002,8974.720000000001,979921,Nasdaq-100 Index,NAS100
2020-05-06,8974.720000000001,9097.290000000005,8919.490000000002,8986.920000000002,1184147,Nasdaq-100 Index,NAS100
2020-05-07,8986.920000000002,9166.760000000002,8971.170000000002,9158.860000000002,1094877,Nasdaq-100 Index,NAS100
2020-05-08,9158.860000000002,9275.820000000002,9144.180000000002,9255.000000000002,930251,Nasdaq-100 Index,NAS100
2020-05-11,9255.000000000002,9375.630000000005,9156.860000000002,9318.660000000002,1060126,Nasdaq-100 Index,NAS100
2020-05-12,9318.660000000002,9383.590000000002,9077.55,9080.05,1359007,Nasdaq-100 Index,NAS100
2020-05-13,9080.05,9241.23,8915.560000000001,9052.030000000002,2011585,Nasdaq-100 Index,NAS100
2020-05-14,9052.030000000002,9142.360000000002,8885.300000000001,9126.340000000002,1731186,Nasdaq-100 Index,NAS100
2020-05-15,9126.340000000002,9185.8,8962.920000000002,9132.3,1471554,Nasdaq-100 Index,NAS100
2020-05-18,9132.3,9398.750000000002,9132.3,9353.180000000002,1078695,Nasdaq-100 Index,NAS100
2020-05-19,9353.180000000002,9453.740000000002,9320.48,9334.190000000002,1175738,Nasdaq-100 Index,NAS100
2020-05-20,9334.190000000002,9531.610000000002,9309.880000000005,9528.160000000002,1033458,Nasdaq-100 Index,NAS100
2020-05-21,9528.160000000002,9544.31,9384.97,9392.990000000002,1271644,Nasdaq-100 Index,NAS100
2020-05-22,9392.990000000002,9451.680000000002,9275.670000000002,9439.340000000002,1099510,Nasdaq-100 Index,NAS100
2020-05-25,9439.340000000002,9570.440000000002,9424.14,9563.100000000002,204103,Nasdaq-100 Index,NAS100
2020-05-26,9563.100000000002,9637.870000000004,9405.740000000002,9445.47,1101774,Nasdaq-100 Index,NAS100
2020-05-27,9445.47,9541.990000000002,9206.760000000002,9475.880000000005,1341287,Nasdaq-100 Index,NAS100
2020-05-28,9475.880000000005,9598.81,9353.780000000002,9491.630000000005,1291189,Nasdaq-100 Index,NAS100
2020-05-29,9491.630000000005,9615.440000000002,9405.31,9609.870000000004,1393936,Nasdaq-100 Index,NAS100
2020-06-01,9609.870000000004,9638.15,9483.860000000002,9625.880000000005,951550,Nasdaq-100 Index,NAS100
2020-06-02,9625.880000000005,9702.920000000002,9538.170000000002,9690.3,989077,Nasdaq-100 Index,NAS100
2020-06-03,9690.3,9759.81,9668.05,9721.790000000005,1236338,Nasdaq-100 Index,NAS100
2020-06-04,9721.790000000005,9773.590000000002,9603.64,9674.510000000002,1519003,Nasdaq-100 Index,NAS100
2020-06-05,9674.510000000002,9876.590000000002,9633.05,9839.750000000002,1410639,Nasdaq-100 Index,NAS100
2020-06-08,9839.750000000002,9931.580000000002,9778.040000000005,9913.930000000002,1329836,Nasdaq-100 Index,NAS100
2020-06-09,9913.930000000002,10035.790000000005,9842.620000000004,9992.350000000002,1401778,Nasdaq-100 Index,NAS100
2020-06-10,9992.350000000002,10186.210000000005,9989.360000000002,10117.570000000002,1632766,Nasdaq-100 Index,NAS100
2020-06-11,10117.570000000002,10137.500000000002,9614.22,9650.590000000002,2394346,Nasdaq-100 Index,NAS100
2020-06-12,9650.590000000002,9878.72,9524.47,9675.090000000002,555581,Nasdaq-100 Index,NAS100
2020-06-15,9675.090000000002,9845.090000000002,9410.840000000002,9840.860000000002,1396643,Nasdaq-100 Index,NAS100
2020-06-16,9840.860000000002,10043.090000000002,9826.89,9998.760000000002,1155158,Nasdaq-100 Index,NAS100
2020-06-17,9998.760000000002,10088.510000000002,9956.010000000002,10027.340000000002,581027,Nasdaq-100 Index,NAS100
2020-06-18,10027.340000000002,10070.47,9908.340000000002,10032.180000000002,440786,Nasdaq-100 Index,NAS100
2020-06-19,10032.180000000002,10154.760000000002,9958.780000000002,9962.010000000002,1544275,Nasdaq-100 Index,NAS100
2020-06-22,9962.010000000002,10176.760000000002,9885.950000000004,10163.880000000005,467975,Nasdaq-100 Index,NAS100
2020-06-23,10163.880000000005,10338.510000000002,10014.830000000002,10219.580000000002,537466,Nasdaq-100 Index,NAS100
2020-06-24,10219.580000000002,10284.290000000005,9970.65,10058.120000000004,876182,Nasdaq-100 Index,NAS100
2020-06-25,10058.120000000004,10149.600000000002,9928.89,10138.380000000005,727961,Nasdaq-100 Index,NAS100
2020-06-26,10138.380000000005,10163.23,9866.820000000002,9909.580000000002,788567,Nasdaq-100 Index,NAS100
2020-06-29,9909.580000000002,10039.740000000002,9772.120000000004,10028.740000000002,672532,Nasdaq-100 Index,NAS100
2020-06-30,10028.740000000002,10213.270000000002,9982.290000000005,10180.55,569335,Nasdaq-100 Index,NAS100
2020-07-01,10180.55,10350.710000000005,10117.98,10297.48,528124,Nasdaq-100 Index,NAS100
2020-07-02,10297.48,10462.600000000002,10288.500000000002,10389.910000000002,555290,Nasdaq-100 Index,NAS100
2020-07-03,10389.910000000002,10429.990000000002,10349.490000000002,10367.380000000005,107781,Nasdaq-100 Index,NAS100
2020-07-06,10367.380000000005,10655.3,10367.380000000005,10639.190000000002,464885,Nasdaq-100 Index,NAS100
2020-07-07,10639.190000000002,10735.64,10546.98,10567.860000000002,592882,Nasdaq-100 Index,NAS100
2020-07-08,10567.860000000002,10714.14,10546.820000000002,10713.010000000002,555964,Nasdaq-100 Index,NAS100
2020-07-09,10713.010000000002,10815.55,10601.380000000005,10764.820000000002,731836,Nasdaq-100 Index,NAS100
2020-07-10,10764.820000000002,10883.81,10666.830000000002,10879.31,621887,Nasdaq-100 Index,NAS100
2020-07-13,10879.31,11099.570000000002,10603.200000000004,10640.05,910990,Nasdaq-100 Index,NAS100
2020-07-14,10640.05,10734.630000000005,10400.72,10685.090000000002,1233546,Nasdaq-100 Index,NAS100
2020-07-15,10685.090000000002,10807.870000000004,10593.030000000002,10730.3,893984,Nasdaq-100 Index,NAS100
2020-07-16,10730.3,10739.48,10517.240000000002,10576.06,745274,Nasdaq-100 Index,NAS100
2020-07-17,10576.06,10710.760000000002,10564.830000000002,10665.65,471481,Nasdaq-100 Index,NAS100
2020-07-20,10665.65,11004.240000000002,10588.020000000002,10989.240000000002,534892,Nasdaq-100 Index,NAS100
2020-07-21,10989.240000000002,11099.700000000004,10827.000000000002,10888.000000000002,702509,Nasdaq-100 Index,NAS100
2020-07-22,10888.000000000002,10958.120000000004,10804.010000000002,10887.72,571980,Nasdaq-100 Index,NAS100
2020-07-23,10887.72,10980.920000000002,10556.930000000002,10606.660000000002,860724,Nasdaq-100 Index,NAS100
2020-07-24,10606.660000000002,10639.540000000005,10343.830000000002,10501.590000000002,860539,Nasdaq-100 Index,NAS100
2020-07-27,10501.590000000002,10726.56,10444.320000000002,10725.180000000002,543225,Nasdaq-100 Index,NAS100
2020-07-28,10725.180000000002,10801.31,10556.580000000002,10590.710000000005,583952,Nasdaq-100 Index,NAS100
2020-07-29,10590.710000000005,10742.010000000002,10555.180000000002,10741.510000000002,446447,Nasdaq-100 Index,NAS100
2020-07-30,10741.510000000002,10937.06,10544.490000000002,10933.190000000002,642919,Nasdaq-100 Index,NAS100
2020-07-31,10933.190000000002,10980.690000000002,10732.930000000002,10945.120000000004,821267,Nasdaq-100 Index,NAS100
2020-08-03,10945.120000000004,11114.950000000004,10918.200000000004,11094.580000000002,493332,Nasdaq-100 Index,NAS100
2020-08-04,11094.580000000002,11136.780000000002,11025.040000000005,11120.280000000002,477739,Nasdaq-100 Index,NAS100
2020-08-05,11120.280000000002,11185.600000000002,11097.780000000002,11137.98,409240,Nasdaq-100 Index,NAS100
2020-08-06,11137.98,11311.81,11091.520000000002,11298.56,493345,Nasdaq-100 Index,NAS100
2020-08-07,11298.56,11320.47,11072.930000000002,11162.530000000002,660034,Nasdaq-100 Index,NAS100
2020-08-10,11162.530000000002,11183.960000000005,10966.250000000002,11117.22,586087,Nasdaq-100 Index,NAS100
2020-08-11,11117.22,11194.920000000002,10883.05,10948.430000000002,753130,Nasdaq-100 Index,NAS100
2020-08-12,10948.430000000002,11223.120000000004,10916.450000000004,11154.500000000002,529490,Nasdaq-100 Index,NAS100
2020-08-13,11154.500000000002,11302.81,11132.090000000002,11218.710000000005,563772,Nasdaq-100 Index,NAS100
2020-08-14,11218.710000000005,11273.600000000002,11132.120000000004,11173.56,490505,Nasdaq-100 Index,NAS100
2020-08-17,11173.56,11336.590000000002,11173.56,11323.160000000002,598338,Nasdaq-100 Index,NAS100
2020-08-18,11323.160000000002,11450.9,11304.660000000002,11450.030000000002,370606,Nasdaq-100 Index,NAS100
2020-08-19,11450.030000000002,11470.870000000004,11332.180000000002,11354.120000000004,448764,Nasdaq-100 Index,NAS100
2020-08-20,11354.120000000004,11529.460000000005,11254.89,11513.660000000002,440300,Nasdaq-100 Index,NAS100
2020-08-21,11513.660000000002,11606.210000000005,11439.990000000002,11594.460000000005,500715,Nasdaq-100 Index,NAS100
2020-08-24,11594.460000000005,11755.620000000004,11561.570000000002,11666.990000000002,645089,Nasdaq-100 Index,NAS100
2020-08-25,11666.990000000002,11775.410000000002,11608.350000000002,11769.460000000005,519775,Nasdaq-100 Index,NAS100
2020-08-26,11769.460000000005,12034.48,11759.860000000002,12018.06,486448,Nasdaq-100 Index,NAS100
2020-08-27,12018.06,12078.15,11866.920000000002,11979.56,885411,Nasdaq-100 Index,NAS100
2020-08-28,11979.56,12050.180000000002,11952.690000000002,12020.65,639814,Nasdaq-100 Index,NAS100
2020-08-31,12020.65,12197.100000000002,12020.65,12137.65,1509005,Nasdaq-100 Index,NAS100
2020-09-01,12137.65,12360.860000000002,12125.55,12360.420000000002,1592205,Nasdaq-100 Index,NAS100
2020-09-02,12360.420000000002,12496.790000000005,12204.000000000002,12439.4,1972269,Nasdaq-100 Index,NAS100
2020-09-03,12439.4,12469.520000000002,11688.97,11831.9,1653265,Nasdaq-100 Index,NAS100
2020-09-04,11831.9,11871.990000000002,11171.030000000002,11578.930000000002,1469638,Nasdaq-100 Index,NAS100
2020-09-07,11578.930000000002,11578.930000000002,11337.340000000002,11530.72,264430,Nasdaq-100 Index,NAS100
2020-09-08,11530.72,11614.010000000002,11070.380000000005,11073.98,968588,Nasdaq-100 Index,NAS100
2020-09-09,11073.98,11508.06,10964.880000000005,11398.510000000002,752093,Nasdaq-100 Index,NAS100
2020-09-10,11398.510000000002,11595.760000000002,11117.680000000002,11206.880000000005,1088620,Nasdaq-100 Index,NAS100
2020-09-11,11206.880000000005,11385.380000000005,10966.660000000002,11094.430000000002,540432,Nasdaq-100 Index,NAS100
2020-09-14,11094.430000000002,11390.190000000002,11094.430000000002,11302.280000000002,498837,Nasdaq-100 Index,NAS100
2020-09-15,11302.280000000002,11523.960000000005,11275.930000000002,11490.120000000004,390581,Nasdaq-100 Index,NAS100
2020-09-16,11490.120000000004,11577.56,11265.830000000002,11292.06,493864,Nasdaq-100 Index,NAS100
2020-09-17,11292.06,11330.690000000002,10946.660000000002,11109.410000000002,610349,Nasdaq-100 Index,NAS100
2020-09-18,11109.410000000002,11208.8,10788.97,10974.55,696718,Nasdaq-100 Index,NAS100
2020-09-21,10974.55,11054.97,10702.600000000002,11026.840000000002,848620,Nasdaq-100 Index,NAS100
2020-09-22,11026.840000000002,11236.47,10943.31,11198.23,684572,Nasdaq-100 Index,NAS100
2020-09-23,11198.23,11267.47,10831.960000000005,10864.3,773442,Nasdaq-100 Index,NAS100
2020-09-24,10864.3,11057.39,10706.540000000005,10954.380000000005,954514,Nasdaq-100 Index,NAS100
2020-09-25,10954.380000000005,11211.460000000005,10859.89,11181.020000000002,652728,Nasdaq-100 Index,NAS100
2020-09-28,11181.020000000002,11449.870000000004,11181.020000000002,11440.48,535949,Nasdaq-100 Index,NAS100
2020-09-29,11440.48,11494.180000000002,11335.130000000005,11365.350000000002,498057,Nasdaq-100 Index,NAS100
2020-09-30,11365.350000000002,11570.790000000005,11212.56,11402.410000000002,724236,Nasdaq-100 Index,NAS100
2020-10-01,11402.410000000002,11642.780000000002,11402.410000000002,11617.080000000002,610923,Nasdaq-100 Index,NAS100
2020-10-02,11617.080000000002,11648.14,11248.47,11277.070000000002,801017,Nasdaq-100 Index,NAS100
2020-10-05,11277.070000000002,11540.910000000002,11277.070000000002,11513.600000000002,392467,Nasdaq-100 Index,NAS100
2020-10-06,11513.600000000002,11568.100000000002,11241.570000000002,11250.920000000002,600530,Nasdaq-100 Index,NAS100
2020-10-07,11250.920000000002,11549.430000000002,11250.920000000002,11517.740000000002,410575,Nasdaq-100 Index,NAS100
2020-10-08,11517.740000000002,11621.500000000002,11491.740000000002,11602.370000000004,399540,Nasdaq-100 Index,NAS100
2020-10-09,11602.370000000004,11769.700000000004,11595.660000000002,11769.530000000002,326204,Nasdaq-100 Index,NAS100
2020-10-12,11769.530000000002,12240.06,11730.440000000002,12132.910000000002,561257,Nasdaq-100 Index,NAS100
2020-10-13,12132.910000000002,12291.930000000002,12062.130000000005,12123.97,777766,Nasdaq-100 Index,NAS100
2020-10-14,12123.97,12220.190000000002,11945.210000000005,11986.940000000002,621821,Nasdaq-100 Index,NAS100
2020-10-15,11986.940000000002,12025.760000000002,11779.9,11926.880000000005,606665,Nasdaq-100 Index,NAS100
2020-10-16,11926.880000000005,12065.05,11835.660000000002,11841.010000000002,524780,Nasdaq-100 Index,NAS100
2020-10-19,11841.010000000002,11993.9,11635.510000000002,11737.870000000004,624885,Nasdaq-100 Index,NAS100
2020-10-20,11737.870000000004,11835.600000000002,11642.660000000002,11695.23,685706,Nasdaq-100 Index,NAS100
2020-10-21,11695.23,11823.090000000002,11629.360000000002,11731.710000000005,627479,Nasdaq-100 Index,NAS100
2020-10-22,11731.710000000005,11767.780000000002,11555.500000000002,11700.65,551353,Nasdaq-100 Index,NAS100
2020-10-23,11700.65,11735.64,11595.580000000002,11705.660000000002,455677,Nasdaq-100 Index,NAS100
2020-10-26,11705.660000000002,11739.570000000002,11388.010000000002,11541.780000000002,596826,Nasdaq-100 Index,NAS100
2020-10-27,11541.780000000002,11666.690000000002,11522.320000000002,11597.780000000002,551870,Nasdaq-100 Index,NAS100
2020-10-28,11597.780000000002,11610.680000000002,11167.930000000002,11221.760000000002,840893,Nasdaq-100 Index,NAS100
2020-10-29,11221.760000000002,11502.040000000005,11189.660000000002,11289.370000000004,746557,Nasdaq-100 Index,NAS100
2020-10-30,11289.370000000004,11324.430000000002,10988.55,11115.380000000005,900704,Nasdaq-100 Index,NAS100
2020-11-02,11115.380000000005,11255.240000000002,10985.870000000004,11117.820000000002,598596,Nasdaq-100 Index,NAS100
2020-11-03,11117.820000000002,11390.440000000002,11106.660000000002,11290.760000000002,490539,Nasdaq-100 Index,NAS100
2020-11-04,11290.760000000002,11886.39,11273.870000000004,11857.840000000002,928417,Nasdaq-100 Index,NAS100
2020-11-05,11857.840000000002,12161.23,11814.760000000002,12134.710000000005,574809,Nasdaq-100 Index,NAS100
2020-11-06,12134.710000000005,12145.680000000002,11907.410000000002,12125.880000000005,503775,Nasdaq-100 Index,NAS100
2020-11-09,12125.880000000005,12446.990000000002,11851.770000000002,11885.090000000002,706725,Nasdaq-100 Index,NAS100
2020-11-10,11885.090000000002,11940.170000000002,11542.450000000004,11662.780000000002,817059,Nasdaq-100 Index,NAS100
2020-11-11,11662.780000000002,11956.05,11614.530000000002,11932.39,492003,Nasdaq-100 Index,NAS100
2020-11-12,11932.39,12012.81,11814.680000000002,11901.270000000002,525153,Nasdaq-100 Index,NAS100
2020-11-13,11901.270000000002,11991.06,11840.31,11984.39,383219,Nasdaq-100 Index,NAS100
2020-11-16,11984.39,12101.690000000002,11889.410000000002,12078.520000000002,418582,Nasdaq-100 Index,NAS100
2020-11-17,12078.520000000002,12131.320000000002,11996.47,12011.040000000005,354537,Nasdaq-100 Index,NAS100
2020-11-18,12011.040000000005,12065.120000000004,11899.850000000002,11912.580000000002,372084,Nasdaq-100 Index,NAS100
2020-11-19,11912.580000000002,12037.360000000002,11842.580000000002,12002.690000000002,343903,Nasdaq-100 Index,NAS100
2020-11-20,12002.690000000002,12058.610000000002,11911.240000000002,11923.450000000004,301599,Nasdaq-100 Index,NAS100
2020-11-23,11923.450000000004,12039.860000000002,11846.860000000002,11955.440000000002,359423,Nasdaq-100 Index,NAS100
2020-11-24,11955.440000000002,12142.56,11911.180000000002,12140.130000000005,329641,Nasdaq-100 Index,NAS100
2020-11-25,12140.130000000005,12215.780000000002,12116.780000000002,12207.110000000002,328552,Nasdaq-100 Index,NAS100
2020-11-26,12207.110000000002,12260.750000000002,12164.780000000002,12191.780000000002,68934,Nasdaq-100 Index,NAS100
2020-11-27,12191.780000000002,12345.47,12174.850000000002,12307.570000000002,179697,Nasdaq-100 Index,NAS100
2020-11-30,12307.570000000002,12374.48,12124.110000000002,12357.06,453382,Nasdaq-100 Index,NAS100
2020-12-01,12357.06,12548.700000000004,12349.950000000004,12496.530000000002,387890,Nasdaq-100 Index,NAS100
2020-12-02,12496.530000000002,12505.250000000002,12347.000000000002,12496.070000000002,348285,Nasdaq-100 Index,NAS100
2020-12-03,12496.070000000002,12570.790000000005,12474.670000000002,12518.990000000002,302282,Nasdaq-100 Index,NAS100
2020-12-04,12518.990000000002,12566.260000000002,12479.260000000002,12538.460000000005,254593,Nasdaq-100 Index,NAS100
2020-12-07,12538.460000000005,12642.89,12505.64,12602.22,292463,Nasdaq-100 Index,NAS100
2020-12-08,12602.22,12683.420000000002,12533.290000000005,12678.670000000002,297330,Nasdaq-100 Index,NAS100
2020-12-09,12678.670000000002,12705.070000000002,12337.320000000002,12382.39,533601,Nasdaq-100 Index,NAS100
2020-12-10,12382.39,12479.660000000002,12249.160000000002,12419.740000000002,496631,Nasdaq-100 Index,NAS100
2020-12-11,12419.740000000002,12444.270000000002,12264.770000000002,12396.47,443610,Nasdaq-100 Index,NAS100
2020-12-14,12396.47,12574.290000000005,12396.47,12495.740000000002,385144,Nasdaq-100 Index,NAS100
2020-12-15,12495.740000000002,12634.610000000002,12447.340000000002,12624.690000000002,430236,Nasdaq-100 Index,NAS100
2020-12-16,12624.690000000002,12729.690000000002,12598.160000000002,12702.010000000002,313476,Nasdaq-100 Index,NAS100
2020-12-17,12702.010000000002,12796.380000000005,12697.380000000005,12783.830000000002,215109,Nasdaq-100 Index,NAS100
2020-12-18,12783.830000000002,12834.360000000002,12655.240000000002,12783.940000000002,433831,Nasdaq-100 Index,NAS100
2020-12-21,12783.940000000002,12826.180000000002,12505.490000000002,12734.100000000002,620525,Nasdaq-100 Index,NAS100
2020-12-22,12734.100000000002,12805.190000000002,12639.290000000005,12752.190000000002,485854,Nasdaq-100 Index,NAS100
2020-12-23,12752.190000000002,12783.490000000002,12668.64,12701.06,380497,Nasdaq-100 Index,NAS100
2020-12-24,12701.06,12768.920000000002,12676.55,12746.160000000002,173540,Nasdaq-100 Index,NAS100
2020-12-28,12746.160000000002,12897.9,12727.090000000002,12887.570000000002,311520,Nasdaq-100 Index,NAS100
2020-12-29,12887.570000000002,12963.520000000002,12853.930000000002,12903.31,403391,Nasdaq-100 Index,NAS100
2020-12-30,12903.31,12955.100000000002,12866.160000000002,12887.410000000002,336762,Nasdaq-100 Index,NAS100
2020-12-31,12887.410000000002,12908.520000000002,12841.31,12857.880000000005,201794,Nasdaq-100 Index,NAS100
2021-01-04,12857.880000000005,13005.100000000002,12569.31,12734.100000000002,639227,Nasdaq-100 Index,NAS100
2021-01-05,12734.100000000002,12852.820000000002,12656.110000000002,12848.070000000002,468558,Nasdaq-100 Index,NAS100
2021-01-06,12848.070000000002,12887.020000000002,12534.64,12700.990000000002,693768,Nasdaq-100 Index,NAS100
2021-01-07,12700.990000000002,13002.000000000002,12689.56,12969.420000000002,436723,Nasdaq-100 Index,NAS100
2021-01-08,12969.420000000002,13161.580000000002,12962.330000000002,13157.580000000002,490537,Nasdaq-100 Index,NAS100
2021-01-11,13157.580000000002,13157.580000000002,12915.580000000002,12948.330000000002,482463,Nasdaq-100 Index,NAS100
2021-01-12,12948.330000000002,13002.05,12810.81,12925.620000000004,442670,Nasdaq-100 Index,NAS100
2021-01-13,12925.620000000004,13046.290000000005,12864.080000000002,13017.580000000002,391279,Nasdaq-100 Index,NAS100
2021-01-14,13017.580000000002,13071.960000000005,12924.260000000002,12942.450000000004,388137,Nasdaq-100 Index,NAS100
2021-01-15,12942.450000000004,12973.89,12786.780000000002,12816.120000000004,529922,Nasdaq-100 Index,NAS100
2021-01-18,12816.120000000004,12860.56,12771.31,12853.31,100123,Nasdaq-100 Index,NAS100
2021-01-19,12853.31,13075.990000000002,12853.31,13075.740000000002,369876,Nasdaq-100 Index,NAS100
2021-01-20,13075.740000000002,13370.750000000002,13061.39,13333.620000000004,357903,Nasdaq-100 Index,NAS100
2021-01-21,13333.620000000004,13467.490000000002,13327.31,13440.56,375531,Nasdaq-100 Index,NAS100
2021-01-22,13440.56,13444.690000000002,13344.500000000002,13402.210000000005,370461,Nasdaq-100 Index,NAS100
2021-01-25,13402.210000000005,13598.880000000005,13233.610000000002,13508.210000000005,571778,Nasdaq-100 Index,NAS100
2021-01-26,13508.210000000005,13643.880000000005,13425.15,13595.760000000002,455500,Nasdaq-100 Index,NAS100
2021-01-27,13595.760000000002,13631.380000000005,12929.520000000002,13106.000000000002,796400,Nasdaq-100 Index,NAS100
2021-01-28,13106.000000000002,13438.380000000005,12951.110000000002,13196.700000000004,756465,Nasdaq-100 Index,NAS100
2021-01-29,13196.700000000004,13230.55,12874.090000000002,12931.570000000002,903475,Nasdaq-100 Index,NAS100
2021-02-01,12931.570000000002,13314.98,12771.330000000002,13278.440000000002,641393,Nasdaq-100 Index,NAS100
2021-02-02,13278.440000000002,13552.05,13274.820000000002,13542.55,482874,Nasdaq-100 Index,NAS100
2021-02-03,13542.55,13627.910000000002,13430.930000000002,13459.420000000002,478454,Nasdaq-100 Index,NAS100
2021-02-04,13459.420000000002,13610.320000000002,13387.47,13605.240000000002,388405,Nasdaq-100 Index,NAS100
2021-02-05,13605.240000000002,13678.15,13558.97,13644.820000000002,408481,Nasdaq-100 Index,NAS100
2021-02-08,13644.820000000002,13731.910000000002,13636.090000000002,13725.180000000002,339948,Nasdaq-100 Index,NAS100
2021-02-09,13725.180000000002,13774.97,13674.06,13737.660000000002,316075,Nasdaq-100 Index,NAS100
2021-02-10,13737.660000000002,13808.690000000002,13558.210000000005,13704.31,495366,Nasdaq-100 Index,NAS100
2021-02-11,13704.31,13783.23,13652.190000000002,13750.610000000002,442859,Nasdaq-100 Index,NAS100
2021-02-12,13750.610000000002,13853.850000000002,13685.130000000005,13853.8,324752,Nasdaq-100 Index,NAS100
2021-02-15,13853.8,13916.790000000005,13848.780000000002,13910.790000000005,70549,Nasdaq-100 Index,NAS100
2021-02-16,13910.790000000005,13939.05,13754.910000000002,13793.3,424700,Nasdaq-100 Index,NAS100
2021-02-17,13793.3,13820.23,13579.23,13733.940000000002,503957,Nasdaq-100 Index,NAS100
2021-02-18,13733.940000000002,13758.070000000002,13503.630000000005,13675.340000000002,497928,Nasdaq-100 Index,NAS100
2021-02-19,13675.340000000002,13763.73,13569.940000000002,13603.81,468072,Nasdaq-100 Index,NAS100
2021-02-22,13603.81,13663.64,13250.22,13256.350000000002,612465,Nasdaq-100 Index,NAS100
2021-02-23,13256.350000000002,13370.920000000002,12792.960000000005,13192.510000000002,884842,Nasdaq-100 Index,NAS100
2021-02-24,13192.510000000002,13368.65,12993.570000000002,13348.4,760351,Nasdaq-100 Index,NAS100
2021-02-25,13348.4,13388.570000000002,12799.06,12823.260000000002,2031898,Nasdaq-100 Index,NAS100
2021-02-26,12823.260000000002,13123.56,12696.760000000002,12924.8,1049568,Nasdaq-100 Index,NAS100
2021-03-01,12924.8,13351.97,12924.8,13347.660000000002,560101,Nasdaq-100 Index,NAS100
2021-03-02,13347.660000000002,13362.250000000002,13082.820000000002,13089.290000000005,686815,Nasdaq-100 Index,NAS100
2021-03-03,13089.290000000005,13225.540000000005,12698.040000000005,12712.340000000002,854461,Nasdaq-100 Index,NAS100
2021-03-04,12712.340000000002,12830.280000000002,12340.410000000002,12465.410000000002,1190869,Nasdaq-100 Index,NAS100
2021-03-05,12465.410000000002,12729.830000000002,12240.65,12689.23,1118915,Nasdaq-100 Index,NAS100
2021-03-08,12689.23,12791.950000000004,12314.450000000004,12366.3,905091,Nasdaq-100 Index,NAS100
2021-03-09,12366.3,12899.56,12358.770000000002,12820.81,606510,Nasdaq-100 Index,NAS100
2021-03-10,12820.81,13024.760000000002,12735.600000000002,12820.950000000004,785723,Nasdaq-100 Index,NAS100
2021-03-11,12820.950000000004,13151.420000000002,12756.89,13078.010000000002,554450,Nasdaq-100 Index,NAS100
2021-03-12,13078.010000000002,13124.520000000002,12798.56,12965.290000000005,445197,Nasdaq-100 Index,NAS100
2021-03-15,12965.290000000005,13128.880000000005,12902.700000000004,13114.240000000002,609629,Nasdaq-100 Index,NAS100
2021-03-16,13114.240000000002,13326.930000000002,13086.830000000002,13194.950000000004,619944,Nasdaq-100 Index,NAS100
2021-03-17,13194.950000000004,13312.820000000002,12976.090000000002,13213.440000000002,705315,Nasdaq-100 Index,NAS100
2021-03-18,13213.440000000002,13309.090000000002,12808.15,12837.380000000005,591293,Nasdaq-100 Index,NAS100
2021-03-19,12837.380000000005,12946.680000000002,12730.530000000002,12878.710000000005,707217,Nasdaq-100 Index,NAS100
2021-03-22,12878.710000000005,13203.770000000002,12835.9,13110.120000000004,495518,Nasdaq-100 Index,NAS100
2021-03-23,13110.120000000004,13218.680000000002,13026.340000000002,13078.420000000002,645317,Nasdaq-100 Index,NAS100
2021-03-24,13078.420000000002,13192.250000000002,12831.600000000002,12844.410000000002,686371,Nasdaq-100 Index,NAS100
2021-03-25,12844.410000000002,12906.460000000005,12656.98,12838.350000000002,842304,Nasdaq-100 Index,NAS100
2021-03-26,12838.350000000002,13035.9,12723.750000000002,13007.040000000005,652953,Nasdaq-100 Index,NAS100
2021-03-29,13007.040000000005,13049.270000000002,12854.610000000002,13011.600000000002,767312,Nasdaq-100 Index,NAS100
2021-03-30,13011.600000000002,13031.530000000002,12824.380000000005,12937.600000000002,578038,Nasdaq-100 Index,NAS100
2021-03-31,12937.600000000002,13204.340000000002,12905.660000000002,13135.760000000002,433694,Nasdaq-100 Index,NAS100
2021-04-01,13135.760000000002,13378.410000000002,13135.760000000002,13374.290000000005,398830,Nasdaq-100 Index,NAS100
2021-04-02,13374.290000000005,13438.760000000002,13371.820000000002,13391.320000000002,50095,Nasdaq-100 Index,NAS100
2021-04-05,13391.320000000002,13661.8,13350.89,13647.14,267871,Nasdaq-100 Index,NAS100
2021-04-06,13647.14,13698.120000000004,13568.460000000005,13627.580000000002,431285,Nasdaq-100 Index,NAS100
2021-04-07,13627.580000000002,13685.010000000002,13556.920000000002,13665.830000000002,409075,Nasdaq-100 Index,NAS100
2021-04-08,13665.830000000002,13833.880000000005,13659.760000000002,13832.830000000002,388354,Nasdaq-100 Index,NAS100
2021-04-09,13832.830000000002,13885.590000000002,13692.9,13853.65,420700,Nasdaq-100 Index,NAS100
2021-04-12,13853.65,13876.610000000002,13776.570000000002,13868.610000000002,450473,Nasdaq-100 Index,NAS100
2021-04-13,13868.610000000002,14038.23,13817.4,14019.780000000002,440526,Nasdaq-100 Index,NAS100
2021-04-14,14019.780000000002,14073.570000000002,13817.660000000002,13871.210000000005,539907,Nasdaq-100 Index,NAS100
2021-04-15,13871.210000000005,14078.170000000002,13833.9,14043.240000000002,432433,Nasdaq-100 Index,NAS100
2021-04-16,14043.240000000002,14103.580000000002,13997.070000000002,14063.15,418880,Nasdaq-100 Index,NAS100
2021-04-19,14063.15,14096.950000000004,13865.880000000005,13937.760000000002,576702,Nasdaq-100 Index,NAS100
2021-04-20,13937.760000000002,13978.240000000002,13764.06,13779.180000000002,588621,Nasdaq-100 Index,NAS100
2021-04-21,13779.180000000002,13971.290000000005,13745.4,13936.270000000002,490811,Nasdaq-100 Index,NAS100
2021-04-22,13936.270000000002,13987.81,13746.710000000005,13806.73,591221,Nasdaq-100 Index,NAS100
2021-04-23,13806.73,14026.000000000002,13783.65,13960.320000000002,388678,Nasdaq-100 Index,NAS100
2021-04-26,13960.320000000002,14082.14,13910.930000000002,14065.89,398618,Nasdaq-100 Index,NAS100
2021-04-27,14065.89,14093.190000000002,13957.940000000002,13995.870000000004,376285,Nasdaq-100 Index,NAS100
2021-04-28,13995.870000000004,14037.850000000002,13923.280000000002,14013.820000000002,455987,Nasdaq-100 Index,NAS100
2021-04-29,14013.820000000002,14109.330000000002,13863.930000000002,13990.000000000002,495123,Nasdaq-100 Index,NAS100
2021-04-30,13990.000000000002,14001.690000000002,13864.750000000002,13912.110000000002,515488,Nasdaq-100 Index,NAS100
2021-05-03,13912.110000000002,13991.700000000004,13816.260000000002,13830.06,440320,Nasdaq-100 Index,NAS100
2021-05-04,13830.06,13836.120000000004,13425.210000000005,13565.420000000002,583271,Nasdaq-100 Index,NAS100
2021-05-05,13565.420000000002,13708.870000000004,13507.710000000005,13528.620000000004,449744,Nasdaq-100 Index,NAS100
2021-05-06,13528.620000000004,13654.250000000002,13432.460000000005,13647.64,548623,Nasdaq-100 Index,NAS100
2021-05-07,13647.64,13857.520000000002,13628.670000000002,13757.700000000004,486504,Nasdaq-100 Index,NAS100
2021-05-10,13757.700000000004,13792.160000000002,13346.130000000005,13351.260000000002,507046,Nasdaq-100 Index,NAS100
2021-05-11,13351.260000000002,13416.010000000002,13106.130000000005,13357.340000000002,770131,Nasdaq-100 Index,NAS100
2021-05-12,13357.340000000002,13391.930000000002,13000.010000000002,13004.450000000004,804452,Nasdaq-100 Index,NAS100
2021-05-13,13004.450000000004,13263.410000000002,12955.080000000002,13130.360000000002,780693,Nasdaq-100 Index,NAS100
2021-05-14,13130.360000000002,13465.160000000002,13110.870000000004,13432.520000000002,445521,Nasdaq-100 Index,NAS100
2021-05-17,13432.520000000002,13486.120000000004,13221.420000000002,13351.080000000002,565798,Nasdaq-100 Index,NAS100
2021-05-18,13351.080000000002,13470.360000000002,13217.110000000002,13225.73,436367,Nasdaq-100 Index,NAS100
2021-05-19,13225.73,13277.280000000002,12989.580000000002,13253.870000000004,743029,Nasdaq-100 Index,NAS100
2021-05-20,13253.870000000004,13557.8,13186.690000000002,13523.760000000002,441152,Nasdaq-100 Index,NAS100
2021-05-21,13523.760000000002,13604.05,13430.770000000002,13445.39,434419,Nasdaq-100 Index,NAS100
2021-05-24,13445.39,13720.760000000002,13391.620000000004,13685.620000000004,303596,Nasdaq-100 Index,NAS100
2021-05-25,13685.620000000004,13773.280000000002,13641.840000000002,13703.72,376728,Nasdaq-100 Index,NAS100
2021-05-26,13703.72,13763.55,13691.270000000002,13738.330000000002,301075,Nasdaq-100 Index,NAS100
2021-05-27,13738.330000000002,13755.47,13655.350000000002,13727.850000000002,340116,Nasdaq-100 Index,NAS100
2021-05-28,13727.850000000002,13797.420000000002,13696.930000000002,13727.460000000005,279317,Nasdaq-100 Index,NAS100
2021-05-31,13727.460000000005,13753.120000000004,13685.210000000005,13688.210000000005,72186,Nasdaq-100 Index,NAS100
2021-06-01,13688.210000000005,13806.55,13627.100000000002,13681.740000000002,328947,Nasdaq-100 Index,NAS100
2021-06-02,13681.740000000002,13746.250000000002,13637.05,13711.660000000002,332780,Nasdaq-100 Index,NAS100
2021-06-03,13711.660000000002,13738.580000000002,13493.770000000002,13562.010000000002,426206,Nasdaq-100 Index,NAS100
2021-06-04,13562.010000000002,13813.64,13497.680000000002,13789.100000000002,314478,Nasdaq-100 Index,NAS100
2021-06-07,13789.100000000002,13853.260000000002,13721.570000000002,13853.020000000002,337981,Nasdaq-100 Index,NAS100
2021-06-08,13853.020000000002,13946.670000000002,13772.360000000002,13842.23,383873,Nasdaq-100 Index,NAS100
2021-06-09,13842.23,13934.05,13834.39,13841.790000000005,326397,Nasdaq-100 Index,NAS100
2021-06-10,13841.790000000005,14005.97,13756.360000000002,14002.710000000005,335190,Nasdaq-100 Index,NAS100
2021-06-11,14002.710000000005,14027.240000000002,13961.73,14023.330000000002,305441,Nasdaq-100 Index,NAS100
2021-06-14,14023.330000000002,14161.620000000004,13993.760000000002,14145.430000000002,331275,Nasdaq-100 Index,NAS100
2021-06-15,14145.430000000002,14190.9,14037.830000000002,14074.600000000002,382311,Nasdaq-100 Index,NAS100
2021-06-16,14074.600000000002,14131.660000000002,13868.600000000002,13968.120000000004,398777,Nasdaq-100 Index,NAS100
2021-06-17,13968.120000000004,14235.120000000004,13878.460000000005,14216.490000000002,430421,Nasdaq-100 Index,NAS100
2021-06-18,14216.490000000002,14252.590000000002,14058.270000000002,14089.580000000002,450458,Nasdaq-100 Index,NAS100
2021-06-21,14089.580000000002,14190.370000000004,14005.510000000002,14183.22,442658,Nasdaq-100 Index,NAS100
2021-06-22,14183.22,14325.430000000002,14113.06,14315.690000000002,356426,Nasdaq-100 Index,NAS100
2021-06-23,14315.690000000002,14361.620000000004,14278.22,14320.870000000004,320891,Nasdaq-100 Index,NAS100
2021-06-24,14320.870000000004,14468.010000000002,14316.39,14404.870000000004,313180,Nasdaq-100 Index,NAS100
2021-06-25,14404.870000000004,14440.040000000005,14359.420000000002,14370.280000000002,306502,Nasdaq-100 Index,NAS100
2021-06-28,14370.280000000002,14565.440000000002,14370.280000000002,14549.240000000002,298402,Nasdaq-100 Index,NAS100
2021-06-29,14549.240000000002,14630.450000000004,14515.090000000002,14627.910000000002,289880,Nasdaq-100 Index,NAS100
2021-06-30,14627.910000000002,14644.240000000002,14564.000000000002,14601.440000000002,313910,Nasdaq-100 Index,NAS100
2021-07-01,14601.440000000002,14650.05,14516.590000000002,14585.590000000002,328486,Nasdaq-100 Index,NAS100
2021-07-02,14585.590000000002,14772.690000000002,14557.520000000002,14755.55,295031,Nasdaq-100 Index,NAS100
2021-07-05,14755.55,14766.190000000002,14719.180000000002,14737.160000000002,86083,Nasdaq-100 Index,NAS100
2021-07-06,14737.160000000002,14833.330000000002,14669.72,14807.590000000002,373891,Nasdaq-100 Index,NAS100
2021-07-07,14807.590000000002,14926.780000000002,14769.64,14852.780000000002,385302,Nasdaq-100 Index,NAS100
2021-07-08,14852.780000000002,14864.8,14587.280000000002,14756.47,535476,Nasdaq-100 Index,NAS100
2021-07-09,14756.47,14875.65,14684.97,14855.72,355604,Nasdaq-100 Index,NAS100
2021-07-12,14855.72,14931.670000000002,14828.710000000005,14919.420000000002,319467,Nasdaq-100 Index,NAS100
2021-07-13,14919.420000000002,15038.120000000004,14838.120000000004,14907.630000000005,362268,Nasdaq-100 Index,NAS100
2021-07-14,14907.630000000005,15039.380000000005,14885.070000000002,14939.450000000004,393016,Nasdaq-100 Index,NAS100
2021-07-15,14939.450000000004,15006.240000000002,14752.15,14819.680000000002,468561,Nasdaq-100 Index,NAS100
2021-07-16,14819.680000000002,14913.23,14701.620000000004,14710.080000000002,433258,Nasdaq-100 Index,NAS100
2021-07-19,14710.080000000002,14726.360000000002,14488.97,14636.610000000002,635259,Nasdaq-100 Index,NAS100
2021-07-20,14636.610000000002,14825.940000000002,14562.3,14771.31,452166,Nasdaq-100 Index,NAS100
2021-07-21,14771.31,14883.130000000005,14712.070000000002,14882.020000000002,369755,Nasdaq-100 Index,NAS100
2021-07-22,14882.020000000002,15026.39,14870.73,15021.210000000005,341544,Nasdaq-100 Index,NAS100
2021-07-23,15021.210000000005,15161.520000000002,14978.680000000002,15139.960000000005,319694,Nasdaq-100 Index,NAS100
2021-07-26,15139.960000000005,15177.22,15082.8,15168.05,359880,Nasdaq-100 Index,NAS100
2021-07-27,15168.05,15174.950000000004,14818.120000000004,14927.31,524604,Nasdaq-100 Index,NAS100
2021-07-28,14927.31,15117.81,14910.000000000002,15028.23,524781,Nasdaq-100 Index,NAS100
2021-07-29,15028.23,15127.380000000005,14948.340000000002,14957.190000000002,370689,Nasdaq-100 Index,NAS100
2021-07-30,14957.190000000002,15023.000000000002,14855.020000000002,15012.15,458517,Nasdaq-100 Index,NAS100
2021-08-02,15012.15,15099.360000000002,14976.030000000002,15003.780000000002,440661,Nasdaq-100 Index,NAS100
2021-08-03,15003.780000000002,15093.520000000002,14892.820000000002,15078.660000000002,436481,Nasdaq-100 Index,NAS100
2021-08-04,15078.660000000002,15152.870000000004,15042.330000000002,15126.05,385609,Nasdaq-100 Index,NAS100
2021-08-05,15126.05,15215.740000000002,15113.250000000002,15215.23,294308,Nasdaq-100 Index,NAS100
2021-08-06,15215.23,15215.23,15089.280000000002,15129.48,320161,Nasdaq-100 Index,NAS100
2021-08-09,15129.48,15186.630000000005,15044.460000000005,15168.330000000002,298321,Nasdaq-100 Index,NAS100
2021-08-10,15168.330000000002,15197.81,15035.580000000002,15088.040000000005,340255,Nasdaq-100 Index,NAS100
2021-08-11,15088.040000000005,15159.430000000002,15004.05,15048.940000000002,369998,Nasdaq-100 Index,NAS100
2021-08-12,15048.940000000002,15131.090000000002,14982.350000000002,15119.690000000002,280794,Nasdaq-100 Index,NAS100
2021-08-13,15119.690000000002,15180.840000000002,15094.540000000005,15164.190000000002,246939,Nasdaq-100 Index,NAS100
2021-08-16,15164.190000000002,15177.770000000002,14956.680000000002,15173.510000000002,390473,Nasdaq-100 Index,NAS100
2021-08-17,15173.510000000002,15173.510000000002,14935.15,15006.580000000002,524324,Nasdaq-100 Index,NAS100
2021-08-18,15006.580000000002,15072.3,14841.31,14873.590000000002,455515,Nasdaq-100 Index,NAS100
2021-08-19,14873.590000000002,15034.000000000002,14745.710000000005,14978.320000000002,649556,Nasdaq-100 Index,NAS100
2021-08-20,14978.320000000002,15134.290000000005,14885.830000000002,15128.270000000002,445090,Nasdaq-100 Index,NAS100
2021-08-23,15128.270000000002,15372.160000000002,15121.500000000002,15362.990000000002,301341,Nasdaq-100 Index,NAS100
2021-08-24,15362.990000000002,15418.410000000002,15343.880000000005,15397.39,288787,Nasdaq-100 Index,NAS100
2021-08-25,15397.39,15431.31,15367.750000000002,15401.630000000005,293327,Nasdaq-100 Index,NAS100
2021-08-26,15401.630000000005,15402.200000000004,15290.790000000005,15321.540000000005,427231,Nasdaq-100 Index,NAS100
2021-08-27,15321.540000000005,15478.160000000002,15299.710000000005,15459.860000000002,308935,Nasdaq-100 Index,NAS100
2021-08-30,15459.860000000002,15652.030000000002,15454.500000000002,15640.880000000005,270904,Nasdaq-100 Index,NAS100
2021-08-31,15640.880000000005,15711.240000000002,15552.420000000002,15633.630000000005,402024,Nasdaq-100 Index,NAS100
2021-09-01,15633.630000000005,15728.680000000002,15611.750000000002,15644.130000000005,329564,Nasdaq-100 Index,NAS100
2021-09-02,15644.130000000005,15712.860000000002,15583.05,15630.780000000002,338246,Nasdaq-100 Index,NAS100
2021-09-03,15630.780000000002,15706.210000000005,15581.960000000005,15681.320000000002,332204,Nasdaq-100 Index,NAS100
2021-09-06,15681.320000000002,15737.98,15671.98,15730.81,89950,Nasdaq-100 Index,NAS100
2021-09-07,15730.81,15731.540000000005,15637.090000000002,15701.070000000002,343674,Nasdaq-100 Index,NAS100
2021-09-08,15701.070000000002,15720.290000000005,15553.540000000005,15639.350000000002,432513,Nasdaq-100 Index,NAS100
2021-09-09,15639.350000000002,15705.65,15575.580000000002,15592.420000000002,411164,Nasdaq-100 Index,NAS100
2021-09-10,15592.420000000002,15697.160000000002,15463.040000000005,15482.31,350949,Nasdaq-100 Index,NAS100
2021-09-13,15482.31,15594.680000000002,15380.22,15481.860000000002,477185,Nasdaq-100 Index,NAS100
2021-09-14,15481.860000000002,15558.870000000004,15381.120000000004,15424.56,405209,Nasdaq-100 Index,NAS100
2021-09-15,15424.56,15549.960000000005,15344.14,15544.070000000002,372937,Nasdaq-100 Index,NAS100
2021-09-16,15544.070000000002,15570.090000000002,15397.910000000002,15535.240000000002,347436,Nasdaq-100 Index,NAS100
2021-09-17,15535.240000000002,15577.47,15326.040000000005,15336.320000000002,442502,Nasdaq-100 Index,NAS100
2021-09-20,15336.320000000002,15387.410000000002,14857.180000000002,15041.31,540239,Nasdaq-100 Index,NAS100
2021-09-21,15041.31,15212.600000000002,15013.22,15041.920000000002,515657,Nasdaq-100 Index,NAS100
2021-09-22,15041.920000000002,15274.710000000005,14978.410000000002,15226.98,446766,Nasdaq-100 Index,NAS100
2021-09-23,15226.98,15393.98,15223.430000000002,15344.670000000002,381886,Nasdaq-100 Index,NAS100
2021-09-24,15344.670000000002,15382.130000000005,15224.760000000002,15368.110000000002,392179,Nasdaq-100 Index,NAS100
2021-09-27,15368.110000000002,15446.780000000002,15132.660000000002,15219.39,421462,Nasdaq-100 Index,NAS100
2021-09-28,15219.39,15239.460000000005,14789.940000000002,14815.56,593994,Nasdaq-100 Index,NAS100
2021-09-29,14815.56,14973.540000000005,14759.3,14811.9,528130,Nasdaq-100 Index,NAS100
2021-09-30,14811.9,14930.880000000005,14723.930000000002,14739.920000000002,599553,Nasdaq-100 Index,NAS100
2021-10-01,14739.920000000002,14865.15,14585.450000000004,14814.700000000004,566184,Nasdaq-100 Index,NAS100
2021-10-04,14814.700000000004,14881.770000000002,14415.240000000002,14535.590000000002,622541,Nasdaq-100 Index,NAS100
2021-10-05,14535.590000000002,14799.180000000002,14455.280000000002,14705.9,476970,Nasdaq-100 Index,NAS100
2021-10-06,14705.9,14814.260000000002,14467.760000000002,14811.210000000005,624515,Nasdaq-100 Index,NAS100
2021-10-07,14811.210000000005,15045.72,14811.210000000005,14935.31,403496,Nasdaq-100 Index,NAS100
2021-10-08,14935.31,15040.090000000002,14835.790000000005,14847.380000000005,455942,Nasdaq-100 Index,NAS100
2021-10-11,14847.380000000005,14942.090000000002,14721.860000000002,14729.590000000002,465249,Nasdaq-100 Index,NAS100
2021-10-12,14729.590000000002,14827.710000000005,14630.490000000002,14643.040000000005,506519,Nasdaq-100 Index,NAS100
2021-10-13,14643.040000000005,14837.990000000002,14636.380000000005,14812.710000000005,438117,Nasdaq-100 Index,NAS100
2021-10-14,14812.710000000005,15116.160000000002,14812.370000000004,15110.72,298436,Nasdaq-100 Index,NAS100
2021-10-15,15110.72,15186.440000000002,15065.97,15186.030000000002,336602,Nasdaq-100 Index,NAS100
2021-10-18,15186.030000000002,15342.020000000002,15083.830000000002,15333.56,352772,Nasdaq-100 Index,NAS100
2021-10-19,15333.56,15473.160000000002,15314.350000000002,15455.770000000002,308254,Nasdaq-100 Index,NAS100
2021-10-20,15455.770000000002,15491.430000000002,15364.450000000004,15402.190000000002,351326,Nasdaq-100 Index,NAS100
2021-10-21,15402.190000000002,15529.000000000002,15346.290000000005,15425.8,347454,Nasdaq-100 Index,NAS100
2021-10-22,15425.8,15508.660000000002,15319.520000000002,15365.930000000002,414650,Nasdaq-100 Index,NAS100
2021-10-25,15365.930000000002,15590.940000000002,15341.690000000002,15588.930000000002,379561,Nasdaq-100 Index,NAS100
2021-10-26,15588.930000000002,15746.040000000005,15548.460000000005,15567.4,437034,Nasdaq-100 Index,NAS100
2021-10-27,15567.4,15762.48,15552.510000000002,15637.47,451884,Nasdaq-100 Index,NAS100
2021-10-28,15637.47,15821.14,15637.010000000002,15715.710000000005,448969,Nasdaq-100 Index,NAS100
2021-10-29,15715.710000000005,15903.790000000005,15639.14,15895.81,435939,Nasdaq-100 Index,NAS100
2021-11-01,15895.81,15958.340000000002,15812.860000000002,15932.360000000002,357625,Nasdaq-100 Index,NAS100
2021-11-02,15932.360000000002,16024.240000000002,15893.47,16002.14,320662,Nasdaq-100 Index,NAS100
2021-11-03,16002.14,16189.500000000002,15979.420000000002,16175.360000000002,335727,Nasdaq-100 Index,NAS100
2021-11-04,16175.360000000002,16419.700000000004,16171.47,16381.97,367267,Nasdaq-100 Index,NAS100
2021-11-05,16381.97,16488.04,16332.190000000002,16378.880000000005,389681,Nasdaq-100 Index,NAS100
2021-11-08,16378.880000000005,16432.920000000006,16296.05,16362.9,371899,Nasdaq-100 Index,NAS100
2021-11-09,16362.9,16431.36,16200.070000000002,16236.850000000002,462850,Nasdaq-100 Index,NAS100
2021-11-10,16236.850000000002,16281.81,15938.090000000002,16024.590000000002,496178,Nasdaq-100 Index,NAS100
2021-11-11,16024.590000000002,16151.490000000002,16013.89,16075.330000000002,368842,Nasdaq-100 Index,NAS100
2021-11-12,16075.330000000002,16251.370000000004,16040.210000000005,16240.64,344992,Nasdaq-100 Index,NAS100
2021-11-15,16240.64,16313.47,16121.740000000002,16233.56,351715,Nasdaq-100 Index,NAS100
2021-11-16,16233.56,16359.820000000002,16178.340000000002,16329.790000000005,327031,Nasdaq-100 Index,NAS100
2021-11-17,16329.790000000005,16429.300000000003,16302.880000000005,16354.520000000002,353850,Nasdaq-100 Index,NAS100
2021-11-18,16354.520000000002,16540.240000000005,16337.850000000002,16537.370000000003,411578,Nasdaq-100 Index,NAS100
2021-11-19,16537.370000000003,16661.050000000003,16522.880000000005,16615.730000000003,448572,Nasdaq-100 Index,NAS100
2021-11-22,16615.730000000003,16798.900000000005,16397.530000000006,16431.570000000003,492312,Nasdaq-100 Index,NAS100
2021-11-23,16431.570000000003,16451.520000000004,16151.510000000004,16331.190000000004,626419,Nasdaq-100 Index,NAS100
2021-11-24,16331.190000000004,16401.020000000004,16135.420000000004,16387.520000000004,462644,Nasdaq-100 Index,NAS100
2021-11-25,16387.520000000004,16467.430000000004,16384.270000000004,16436.650000000005,78934,Nasdaq-100 Index,NAS100
2021-11-26,16436.650000000005,16445.180000000004,16020.710000000005,16074.460000000005,524733,Nasdaq-100 Index,NAS100
2021-11-29,16074.460000000005,16470.250000000004,16074.460000000005,16446.570000000003,524013,Nasdaq-100 Index,NAS100
2021-11-30,16446.570000000003,16487.560000000005,16101.130000000005,16271.080000000004,661086,Nasdaq-100 Index,NAS100
2021-12-01,16271.080000000004,16459.710000000003,15857.800000000005,15892.020000000004,618060,Nasdaq-100 Index,NAS100
2021-12-02,15892.020000000004,16097.620000000004,15794.760000000004,16046.960000000005,687991,Nasdaq-100 Index,NAS100
2021-12-03,16046.960000000005,16150.100000000004,15567.740000000003,15712.050000000005,672697,Nasdaq-100 Index,NAS100
2021-12-06,15712.050000000005,15926.790000000005,15591.580000000004,15879.410000000003,565374,Nasdaq-100 Index,NAS100
2021-12-07,15879.410000000003,16403.680000000004,15853.690000000004,16395.380000000005,385501,Nasdaq-100 Index,NAS100
2021-12-08,16395.380000000005,16452.000000000004,16281.500000000004,16411.860000000004,420461,Nasdaq-100 Index,NAS100
2021-12-09,16411.860000000004,16449.250000000004,16150.020000000004,16184.720000000005,441443,Nasdaq-100 Index,NAS100
2021-12-10,16184.720000000005,16364.830000000004,16163.250000000004,16346.820000000003,357305,Nasdaq-100 Index,NAS100
2021-12-13,16346.820000000003,16440.030000000002,16093.690000000004,16122.730000000003,436584,Nasdaq-100 Index,NAS100
2021-12-14,16122.730000000003,16161.970000000005,15768.050000000005,15957.270000000004,503221,Nasdaq-100 Index,NAS100
2021-12-15,15957.270000000004,16331.230000000003,15773.300000000005,16317.220000000005,491296,Nasdaq-100 Index,NAS100
2021-12-16,16317.220000000005,16487.850000000002,15829.250000000004,15912.320000000003,420608,Nasdaq-100 Index,NAS100
2021-12-17,15912.320000000003,16004.730000000003,15700.080000000004,15875.050000000005,594327,Nasdaq-100 Index,NAS100
2021-12-20,15875.050000000005,15899.840000000004,15541.020000000004,15723.190000000004,668083,Nasdaq-100 Index,NAS100
2021-12-21,15723.190000000004,16033.590000000004,15652.190000000004,16021.470000000005,467858,Nasdaq-100 Index,NAS100
2021-12-22,16021.470000000005,16229.020000000004,15928.100000000004,16225.830000000004,412992,Nasdaq-100 Index,NAS100
2021-12-23,16225.830000000004,16401.9,16191.930000000004,16349.150000000003,281244,Nasdaq-100 Index,NAS100
2021-12-27,16349.150000000003,16626.880000000005,16349.150000000003,16616.730000000003,287566,Nasdaq-100 Index,NAS100
2021-12-28,16616.730000000003,16703.910000000003,16500.080000000005,16558.360000000004,384388,Nasdaq-100 Index,NAS100
2021-12-29,16558.360000000004,16610.310000000005,16434.540000000005,16527.870000000003,350270,Nasdaq-100 Index,NAS100
2021-12-30,16527.870000000003,16614.220000000005,16458.440000000002,16477.220000000005,274238,Nasdaq-100 Index,NAS100
2021-12-31,16477.220000000005,16510.000000000004,16394.33,16432.030000000002,277620,Nasdaq-100 Index,NAS100
2022-01-03,16432.030000000002,16554.390000000003,16339.190000000004,16542.220000000005,395634,Nasdaq-100 Index,NAS100
2022-01-04,16542.220000000005,16607.780000000002,16185.120000000004,16304.940000000004,489293,Nasdaq-100 Index,NAS100
2022-01-05,16304.940000000004,16312.780000000004,15797.000000000004,15798.130000000005,568838,Nasdaq-100 Index,NAS100
2022-01-06,15798.130000000005,15938.950000000004,15644.530000000004,15837.560000000003,648956,Nasdaq-100 Index,NAS100
2022-01-07,15837.560000000003,15896.280000000004,15554.250000000004,15620.730000000003,565177,Nasdaq-100 Index,NAS100
2022-01-10,15620.730000000003,15711.830000000004,15196.450000000004,15661.030000000004,678073,Nasdaq-100 Index,NAS100
2022-01-11,15661.030000000004,15882.790000000005,15518.930000000004,15868.740000000003,628602,Nasdaq-100 Index,NAS100
2022-01-12,15868.740000000003,16057.130000000005,15810.490000000003,15944.580000000004,628813,Nasdaq-100 Index,NAS100
2022-01-13,15944.580000000004,16026.080000000004,15506.600000000004,15548.880000000005,575991,Nasdaq-100 Index,NAS100
2022-01-14,15548.880000000005,15658.150000000003,15356.460000000005,15657.980000000003,699774,Nasdaq-100 Index,NAS100
2022-01-17,15657.980000000003,15696.620000000004,15551.870000000004,15602.370000000004,147474,Nasdaq-100 Index,NAS100
2022-01-18,15602.370000000004,15646.750000000004,15215.370000000004,15284.200000000004,780262,Nasdaq-100 Index,NAS100
2022-01-19,15284.200000000004,15415.220000000005,15055.960000000005,15080.300000000005,794986,Nasdaq-100 Index,NAS100
2022-01-20,15080.300000000005,15384.650000000003,14691.130000000005,14770.080000000004,706288,Nasdaq-100 Index,NAS100
2022-01-21,14770.080000000004,14902.690000000004,14453.240000000003,14471.450000000004,799456,Nasdaq-100 Index,NAS100
2022-01-24,14471.450000000004,14624.660000000003,13750.910000000003,14548.890000000005,956937,Nasdaq-100 Index,NAS100
2022-01-25,14548.890000000005,14548.890000000005,13935.620000000004,13967.130000000005,864779,Nasdaq-100 Index,NAS100
2022-01-26,13967.130000000005,14684.760000000004,13967.130000000005,14196.740000000003,710178,Nasdaq-100 Index,NAS100
2022-01-27,14196.740000000003,14454.370000000004,13890.350000000004,14157.700000000004,985720,Nasdaq-100 Index,NAS100
2022-01-28,14157.700000000004,14486.840000000004,13876.320000000003,14475.040000000005,862396,Nasdaq-100 Index,NAS100
2022-01-31,14475.040000000005,14957.730000000003,14396.670000000004,14909.560000000003,689863,Nasdaq-100 Index,NAS100
2022-02-01,14909.560000000003,15179.490000000003,14772.660000000003,15158.440000000004,584400,Nasdaq-100 Index,NAS100
2022-02-02,15158.440000000004,15303.740000000003,14869.550000000005,14906.650000000003,645069,Nasdaq-100 Index,NAS100
2022-02-03,14906.650000000003,14913.710000000005,14502.840000000004,14848.490000000003,699923,Nasdaq-100 Index,NAS100
2022-02-04,14848.490000000003,14865.690000000004,14403.360000000004,14687.340000000004,795239,Nasdaq-100 Index,NAS100
2022-02-07,14687.340000000004,14845.850000000004,14551.680000000004,14640.510000000004,730851,Nasdaq-100 Index,NAS100
2022-02-08,14640.510000000004,14815.910000000003,14508.780000000004,14786.040000000005,604853,Nasdaq-100 Index,NAS100
2022-02-09,14786.040000000005,15107.080000000004,14781.150000000003,15091.750000000004,449987,Nasdaq-100 Index,NAS100
2022-02-10,15091.750000000004,15099.980000000003,14661.700000000004,14734.930000000004,778024,Nasdaq-100 Index,NAS100
2022-02-11,14734.930000000004,14804.210000000005,14219.400000000003,14306.740000000003,891147,Nasdaq-100 Index,NAS100
2022-02-14,14306.740000000003,14430.250000000004,14066.840000000004,14296.750000000004,998223,Nasdaq-100 Index,NAS100
2022-02-15,14296.750000000004,14649.630000000005,14258.770000000004,14617.910000000003,604239,Nasdaq-100 Index,NAS100
2022-02-16,14617.910000000003,14701.120000000004,14414.440000000004,14626.150000000003,689457,Nasdaq-100 Index,NAS100
2022-02-17,14626.150000000003,14652.020000000004,14164.860000000004,14189.840000000004,704406,Nasdaq-100 Index,NAS100
2022-02-18,14189.840000000004,14330.850000000004,13938.950000000004,14047.250000000004,734886,Nasdaq-100 Index,NAS100
2022-02-21,14047.250000000004,14189.890000000005,13749.510000000004,13767.360000000004,321202,Nasdaq-100 Index,NAS100
2022-02-22,13767.360000000004,14141.510000000004,13613.550000000005,13954.150000000003,1086022,Nasdaq-100 Index,NAS100
2022-02-23,13954.150000000003,14102.160000000003,13505.290000000005,13521.020000000004,808986,Nasdaq-100 Index,NAS100
2022-02-24,13521.020000000004,14015.480000000003,13057.820000000003,13942.170000000004,1287362,Nasdaq-100 Index,NAS100
2022-02-25,13942.170000000004,14227.830000000004,13792.560000000003,14219.180000000004,942573,Nasdaq-100 Index,NAS100
2022-02-28,14219.180000000004,14322.230000000003,13716.380000000005,14251.230000000003,807024,Nasdaq-100 Index,NAS100
2022-03-01,14251.230000000003,14358.640000000005,13933.780000000004,14059.460000000005,717152,Nasdaq-100 Index,NAS100
2022-03-02,14059.460000000005,14318.050000000005,13943.870000000004,14228.450000000004,657310,Nasdaq-100 Index,NAS100
2022-03-03,14228.450000000004,14422.440000000004,13990.110000000004,14091.330000000004,640271,Nasdaq-100 Index,NAS100
2022-03-04,14091.330000000004,14116.440000000004,13764.690000000004,13837.970000000005,745386,Nasdaq-100 Index,NAS100
2022-03-07,13837.970000000005,13908.360000000004,13293.940000000004,13298.550000000005,937617,Nasdaq-100 Index,NAS100
2022-03-08,13298.550000000005,13694.110000000004,13131.570000000003,13224.290000000005,908770,Nasdaq-100 Index,NAS100
2022-03-09,13224.290000000005,13849.610000000004,13217.720000000005,13803.080000000004,829704,Nasdaq-100 Index,NAS100
2022-03-10,13803.080000000004,13805.600000000004,13424.890000000005,13602.240000000003,795047,Nasdaq-100 Index,NAS100
2022-03-11,13602.240000000003,13887.750000000004,13309.790000000005,13348.150000000003,516849,Nasdaq-100 Index,NAS100
2022-03-14,13348.150000000003,13473.560000000003,13045.060000000003,13109.440000000004,509454,Nasdaq-100 Index,NAS100
2022-03-15,13109.440000000004,13515.920000000004,12970.930000000004,13474.310000000003,471252,Nasdaq-100 Index,NAS100
2022-03-16,13474.310000000003,14054.990000000003,13447.330000000004,14028.500000000004,489052,Nasdaq-100 Index,NAS100
2022-03-17,14028.500000000004,14162.780000000004,13850.440000000004,14082.400000000003,321252,Nasdaq-100 Index,NAS100
2022-03-18,14082.400000000003,14462.180000000004,13988.770000000004,14454.680000000004,610016,Nasdaq-100 Index,NAS100
2022-03-21,14454.680000000004,14503.620000000004,14221.100000000004,14430.790000000005,723279,Nasdaq-100 Index,NAS100
2022-03-22,14430.790000000005,14724.420000000004,14327.300000000005,14687.920000000004,632662,Nasdaq-100 Index,NAS100
2022-03-23,14687.920000000004,14715.650000000003,14474.730000000003,14496.460000000005,660761,Nasdaq-100 Index,NAS100
2022-03-24,14496.460000000005,14803.310000000003,14467.790000000005,14796.670000000004,639211,Nasdaq-100 Index,NAS100
2022-03-25,14796.670000000004,14872.990000000003,14606.230000000003,14786.920000000004,637074,Nasdaq-100 Index,NAS100
2022-03-28,14786.920000000004,15029.840000000004,14692.110000000004,15014.910000000003,669914,Nasdaq-100 Index,NAS100
2022-03-29,15014.910000000003,15302.020000000004,14989.610000000004,15256.770000000004,703552,Nasdaq-100 Index,NAS100
2022-03-30,15256.770000000004,15295.070000000003,15045.700000000004,15138.910000000003,659372,Nasdaq-100 Index,NAS100
2022-03-31,15138.910000000003,15213.570000000003,14889.200000000004,14950.050000000005,656588,Nasdaq-100 Index,NAS100
2022-04-01,14950.050000000005,14992.470000000005,14759.360000000004,14876.740000000003,684217,Nasdaq-100 Index,NAS100
2022-04-04,14876.740000000003,15207.840000000004,14834.920000000004,15192.270000000004,493195,Nasdaq-100 Index,NAS100
2022-04-05,15192.270000000004,15228.170000000004,14820.810000000003,14891.770000000004,579155,Nasdaq-100 Index,NAS100
2022-04-06,14891.770000000004,14891.770000000004,14425.890000000005,14526.770000000004,754602,Nasdaq-100 Index,NAS100
2022-04-07,14526.770000000004,14665.020000000004,14348.600000000004,14565.270000000004,705827,Nasdaq-100 Index,NAS100
2022-04-08,14565.270000000004,14673.850000000004,14343.090000000004,14365.700000000004,646738,Nasdaq-100 Index,NAS100
2022-04-11,14365.700000000004,14403.290000000005,14017.090000000004,14035.580000000004,669353,Nasdaq-100 Index,NAS100
2022-04-12,14035.580000000004,14316.120000000004,13913.990000000003,13985.930000000004,791750,Nasdaq-100 Index,NAS100
2022-04-13,13985.930000000004,14299.790000000005,13956.000000000004,14244.890000000005,646687,Nasdaq-100 Index,NAS100
2022-04-14,14244.890000000005,14328.670000000004,13909.470000000005,13924.140000000005,630964,Nasdaq-100 Index,NAS100
2022-04-18,13924.140000000005,14035.130000000005,13762.630000000005,13997.720000000005,611885,Nasdaq-100 Index,NAS100
2022-04-19,13997.720000000005,14274.000000000004,13861.140000000005,14128.300000000005,661754,Nasdaq-100 Index,NAS100
2022-04-20,14128.300000000005,14329.920000000004,13990.970000000005,14102.640000000005,745885,Nasdaq-100 Index,NAS100
2022-04-21,14102.640000000005,14314.920000000004,13700.390000000005,13748.910000000003,863844,Nasdaq-100 Index,NAS100
2022-04-22,13748.910000000003,13811.320000000003,13329.640000000005,13348.340000000004,893620,Nasdaq-100 Index,NAS100
2022-04-25,13348.340000000004,13582.540000000005,13217.120000000004,13560.830000000004,1124564,Nasdaq-100 Index,NAS100
2022-04-26,13560.830000000004,13616.530000000004,12834.200000000004,12848.250000000004,884215,Nasdaq-100 Index,NAS100
2022-04-27,12848.250000000004,13285.110000000004,12848.250000000004,13202.840000000004,1135180,Nasdaq-100 Index,NAS100
2022-04-28,13202.840000000004,13575.360000000004,13067.030000000004,13340.600000000004,933566,Nasdaq-100 Index,NAS100
2022-04-29,13340.600000000004,13465.190000000004,12864.680000000004,12914.110000000004,942028,Nasdaq-100 Index,NAS100
2022-05-02,12914.110000000004,13117.340000000004,12743.090000000004,13084.060000000003,1043745,Nasdaq-100 Index,NAS100
2022-05-03,13084.060000000003,13217.430000000004,13002.600000000004,13153.730000000003,932088,Nasdaq-100 Index,NAS100
2022-05-04,13153.730000000003,13588.670000000004,12917.000000000004,13528.640000000005,790945,Nasdaq-100 Index,NAS100
2022-05-05,13528.640000000005,13580.270000000004,12738.380000000005,12931.050000000005,1024111,Nasdaq-100 Index,NAS100
2022-05-06,12931.050000000005,12959.530000000004,12550.360000000004,12684.330000000004,1172388,Nasdaq-100 Index,NAS100
2022-05-09,12684.330000000004,12684.330000000004,12167.400000000003,12236.370000000004,970264,Nasdaq-100 Index,NAS100
2022-05-10,12236.370000000004,12579.170000000004,12134.820000000003,12365.300000000005,1069414,Nasdaq-100 Index,NAS100
2022-05-11,12365.300000000005,12585.240000000003,11971.350000000004,12041.590000000004,955589,Nasdaq-100 Index,NAS100
2022-05-12,12041.590000000004,12163.400000000003,11720.670000000004,11905.030000000004,1110029,Nasdaq-100 Index,NAS100
2022-05-13,11905.030000000004,12462.950000000004,11905.030000000004,12411.800000000005,776939,Nasdaq-100 Index,NAS100
2022-05-16,12411.800000000005,12528.980000000003,12221.060000000003,12267.310000000003,821873,Nasdaq-100 Index,NAS100
2022-05-17,12267.310000000003,12608.080000000004,12263.180000000004,12604.310000000003,713977,Nasdaq-100 Index,NAS100
2022-05-18,12604.310000000003,12620.980000000003,11890.730000000003,11921.670000000004,787760,Nasdaq-100 Index,NAS100
2022-05-19,11921.670000000004,12104.340000000004,11731.790000000005,11926.190000000004,1100704,Nasdaq-100 Index,NAS100
2022-05-20,11926.190000000004,12123.320000000003,11518.590000000004,11860.890000000005,945302,Nasdaq-100 Index,NAS100
2022-05-23,11860.890000000005,12103.170000000004,11812.600000000004,12083.590000000004,908264,Nasdaq-100 Index,NAS100
2022-05-24,12083.590000000004,12083.590000000004,11604.970000000005,11839.400000000003,919036,Nasdaq-100 Index,NAS100
2022-05-25,11839.400000000003,12061.910000000003,11700.940000000004,11920.840000000004,888604,Nasdaq-100 Index,NAS100
2022-05-26,11920.840000000004,12371.460000000005,11876.730000000003,12286.250000000004,690191,Nasdaq-100 Index,NAS100
2022-05-27,12286.250000000004,12747.860000000004,12250.360000000004,12745.360000000004,584375,Nasdaq-100 Index,NAS100
2022-05-30,12745.360000000004,12909.590000000004,12701.000000000004,12836.600000000004,202068,Nasdaq-100 Index,NAS100
2022-05-31,12836.600000000004,12853.800000000005,12509.140000000005,12681.770000000004,810999,Nasdaq-100 Index,NAS100
2022-06-01,12681.770000000004,12850.670000000004,12482.790000000005,12575.020000000004,741506,Nasdaq-100 Index,NAS100
2022-06-02,12575.020000000004,12928.980000000003,12470.090000000004,12922.460000000005,715793,Nasdaq-100 Index,NAS100
2022-06-03,12922.460000000005,12970.840000000004,12529.760000000004,12582.470000000005,751686,Nasdaq-100 Index,NAS100
2022-06-06,12582.470000000005,12837.310000000003,12554.250000000004,12633.460000000005,688059,Nasdaq-100 Index,NAS100
2022-06-07,12633.460000000005,12766.850000000004,12440.310000000003,12708.660000000003,616111,Nasdaq-100 Index,NAS100
2022-06-08,12708.660000000003,12810.900000000003,12607.210000000005,12647.660000000003,661352,Nasdaq-100 Index,NAS100
2022-06-09,12647.660000000003,12752.890000000005,12282.850000000004,12324.300000000005,675043,Nasdaq-100 Index,NAS100
2022-06-10,12324.300000000005,12366.080000000004,11850.810000000003,11886.890000000005,432335,Nasdaq-100 Index,NAS100
2022-06-13,11886.890000000005,11886.890000000005,11283.050000000005,11358.310000000003,783233,Nasdaq-100 Index,NAS100
2022-06-14,11358.310000000003,11532.210000000005,11232.080000000004,11356.110000000004,728145,Nasdaq-100 Index,NAS100
2022-06-15,11356.110000000004,11786.350000000004,11354.420000000004,11619.830000000004,661992,Nasdaq-100 Index,NAS100
2022-06-16,11619.830000000004,11764.920000000004,11064.450000000004,11199.700000000004,941040,Nasdaq-100 Index,NAS100
2022-06-17,11199.700000000004,11396.510000000004,11121.530000000004,11310.430000000004,993957,Nasdaq-100 Index,NAS100
2022-06-20,11310.430000000004,11436.610000000004,11273.950000000004,11421.130000000005,225778,Nasdaq-100 Index,NAS100
2022-06-21,11421.130000000005,11676.820000000003,11397.210000000005,11580.800000000005,528209,Nasdaq-100 Index,NAS100
2022-06-22,11580.800000000005,11743.020000000004,11317.630000000005,11541.410000000003,718722,Nasdaq-100 Index,NAS100
2022-06-23,11541.410000000003,11764.360000000004,11458.240000000003,11684.930000000004,794533,Nasdaq-100 Index,NAS100
2022-06-24,11684.930000000004,12145.270000000004,11682.090000000004,12109.940000000004,545708,Nasdaq-100 Index,NAS100
2022-06-27,12109.940000000004,12258.670000000004,11991.740000000003,12071.680000000004,637120,Nasdaq-100 Index,NAS100
2022-06-28,12071.680000000004,12170.810000000003,11659.990000000003,11678.980000000003,670504,Nasdaq-100 Index,NAS100
2022-06-29,11678.980000000003,11747.060000000003,11564.890000000005,11690.650000000003,548693,Nasdaq-100 Index,NAS100
2022-06-30,11690.650000000003,11696.470000000005,11351.810000000003,11511.110000000004,775038,Nasdaq-100 Index,NAS100
2022-07-01,11511.110000000004,11629.590000000004,11383.420000000004,11612.890000000005,804639,Nasdaq-100 Index,NAS100
2022-07-04,11612.890000000005,11620.070000000003,11503.070000000003,11556.820000000003,169709,Nasdaq-100 Index,NAS100
2022-07-05,11556.820000000003,11815.540000000005,11389.510000000004,11811.480000000003,756097,Nasdaq-100 Index,NAS100
2022-07-06,11811.480000000003,11973.960000000005,11727.830000000004,11902.830000000004,797980,Nasdaq-100 Index,NAS100
2022-07-07,11902.830000000004,12168.340000000004,11836.760000000004,12118.920000000004,504070,Nasdaq-100 Index,NAS100
2022-07-08,12118.920000000004,12210.320000000003,11952.050000000005,12158.830000000004,642768,Nasdaq-100 Index,NAS100
2022-07-11,12158.830000000004,12158.830000000004,11853.100000000004,11901.060000000003,500793,Nasdaq-100 Index,NAS100
2022-07-12,11901.060000000003,12023.600000000004,11714.790000000005,11782.210000000005,589035,Nasdaq-100 Index,NAS100
2022-07-13,11782.210000000005,11972.120000000004,11482.590000000004,11735.510000000004,871007,Nasdaq-100 Index,NAS100
2022-07-14,11735.510000000004,11835.540000000005,11512.410000000003,11807.790000000005,702897,Nasdaq-100 Index,NAS100
2022-07-15,11807.790000000005,12023.640000000005,11743.170000000004,12016.050000000005,515978,Nasdaq-100 Index,NAS100
2022-07-18,12016.050000000005,12190.060000000003,11862.320000000003,11920.240000000003,582022,Nasdaq-100 Index,NAS100
2022-07-19,11920.240000000003,12332.800000000005,11894.240000000003,12324.850000000004,521074,Nasdaq-100 Index,NAS100
2022-07-20,12324.850000000004,12520.920000000004,12239.330000000004,12431.180000000004,652717,Nasdaq-100 Index,NAS100
2022-07-21,12431.180000000004,12658.620000000004,12377.490000000003,12576.130000000005,740175,Nasdaq-100 Index,NAS100
2022-07-22,12576.130000000005,12701.250000000004,12347.130000000005,12428.300000000005,623022,Nasdaq-100 Index,NAS100
2022-07-25,12428.300000000005,12504.080000000004,12272.760000000004,12331.860000000004,612084,Nasdaq-100 Index,NAS100
2022-07-26,12331.860000000004,12339.980000000003,12079.070000000003,12204.270000000004,537835,Nasdaq-100 Index,NAS100
2022-07-27,12204.270000000004,12697.320000000003,12198.580000000004,12588.460000000005,587248,Nasdaq-100 Index,NAS100
2022-07-28,12588.460000000005,12955.170000000004,12456.910000000003,12930.250000000004,642602,Nasdaq-100 Index,NAS100
2022-07-29,12930.250000000004,13017.020000000004,12751.220000000005,12977.100000000004,580745,Nasdaq-100 Index,NAS100
2022-08-01,12977.100000000004,13115.900000000003,12859.180000000004,12987.630000000005,605780,Nasdaq-100 Index,NAS100
2022-08-02,12987.630000000005,13105.120000000004,12823.470000000005,12928.980000000003,689171,Nasdaq-100 Index,NAS100
2022-08-03,12928.980000000003,13319.150000000003,12876.410000000003,13257.650000000003,561517,Nasdaq-100 Index,NAS100
2022-08-04,13257.650000000003,13362.410000000003,13192.140000000005,13334.730000000003,600400,Nasdaq-100 Index,NAS100
2022-08-05,13334.730000000003,13389.730000000003,13091.080000000004,13217.980000000003,625444,Nasdaq-100 Index,NAS100
2022-08-08,13217.980000000003,13427.580000000004,13129.260000000004,13220.920000000004,665215,Nasdaq-100 Index,NAS100
2022-08-09,13220.920000000004,13242.890000000005,12973.140000000005,13065.340000000004,606682,Nasdaq-100 Index,NAS100
2022-08-10,13065.340000000004,13418.120000000004,12992.720000000005,13390.700000000004,622827,Nasdaq-100 Index,NAS100
2022-08-11,13390.700000000004,13583.300000000005,13293.790000000005,13354.960000000005,665698,Nasdaq-100 Index,NAS100
2022-08-12,13354.960000000005,13592.480000000003,13321.280000000004,13589.430000000004,516959,Nasdaq-100 Index,NAS100
2022-08-15,13589.430000000004,13716.880000000005,13506.620000000004,13689.560000000003,464372,Nasdaq-100 Index,NAS100
2022-08-16,13689.560000000003,13752.300000000005,13534.880000000005,13674.680000000004,527976,Nasdaq-100 Index,NAS100
2022-08-17,13674.680000000004,13680.200000000004,13415.020000000004,13519.180000000004,644002,Nasdaq-100 Index,NAS100
2022-08-18,13519.180000000004,13584.160000000003,13419.710000000005,13548.310000000003,541254,Nasdaq-100 Index,NAS100
2022-08-19,13548.310000000003,13548.310000000003,13238.950000000004,13263.170000000004,513784,Nasdaq-100 Index,NAS100
2022-08-22,13263.170000000004,13263.170000000004,12887.570000000003,12944.870000000004,555011,Nasdaq-100 Index,NAS100
2022-08-23,12944.870000000004,13033.450000000004,12836.400000000003,12901.870000000004,648284,Nasdaq-100 Index,NAS100
2022-08-24,12901.870000000004,13027.310000000003,12839.850000000004,12970.360000000004,538213,Nasdaq-100 Index,NAS100
2022-08-25,12970.360000000004,13177.160000000003,12938.980000000003,13159.330000000004,558995,Nasdaq-100 Index,NAS100
2022-08-26,13159.330000000004,13235.320000000003,12593.440000000004,12603.920000000004,738656,Nasdaq-100 Index,NAS100
2022-08-29,12603.920000000004,12629.490000000003,12419.310000000003,12523.160000000003,768909,Nasdaq-100 Index,NAS100
2022-08-30,12523.160000000003,12678.110000000004,12266.900000000003,12379.210000000005,859766,Nasdaq-100 Index,NAS100
2022-08-31,12379.210000000005,12533.100000000004,12296.490000000003,12325.640000000005,808557,Nasdaq-100 Index,NAS100
2022-09-01,12325.640000000005,12325.640000000005,12038.610000000004,12311.400000000003,878462,Nasdaq-100 Index,NAS100
2022-09-02,12311.400000000003,12480.570000000003,12059.690000000004,12151.240000000003,927210,Nasdaq-100 Index,NAS100
2022-09-05,12151.240000000003,12188.700000000004,12075.510000000004,12157.520000000004,231969,Nasdaq-100 Index,NAS100
2022-09-06,12157.520000000004,12266.320000000003,11952.620000000004,12042.060000000003,930180,Nasdaq-100 Index,NAS100
2022-09-07,12042.060000000003,12329.050000000005,11944.620000000004,12286.470000000005,757961,Nasdaq-100 Index,NAS100
2022-09-08,12286.470000000005,12402.970000000005,12140.600000000004,12370.020000000004,872701,Nasdaq-100 Index,NAS100
2022-09-09,12370.020000000004,12637.530000000004,12353.210000000005,12610.820000000003,508809,Nasdaq-100 Index,NAS100
2022-09-12,12610.820000000003,12799.540000000005,12599.280000000004,12797.870000000004,584126,Nasdaq-100 Index,NAS100
2022-09-13,12797.870000000004,12909.280000000004,12030.340000000004,12074.270000000004,770015,Nasdaq-100 Index,NAS100
2022-09-14,12074.270000000004,12197.910000000003,12028.670000000004,12196.010000000004,725233,Nasdaq-100 Index,NAS100
2022-09-15,12196.010000000004,12214.570000000003,11893.620000000004,11927.180000000004,641937,Nasdaq-100 Index,NAS100
2022-09-16,11927.180000000004,11927.180000000004,11730.800000000005,11886.710000000005,617955,Nasdaq-100 Index,NAS100
2022-09-19,11886.710000000005,12021.410000000003,11747.290000000005,12000.790000000005,571651,Nasdaq-100 Index,NAS100
2022-09-20,12000.790000000005,12047.270000000004,11783.570000000003,11903.610000000004,594039,Nasdaq-100 Index,NAS100
2022-09-21,11903.610000000004,12090.200000000004,11602.510000000004,11621.990000000003,744255,Nasdaq-100 Index,NAS100
2022-09-22,11621.990000000003,11754.160000000003,11468.700000000004,11524.260000000004,951170,Nasdaq-100 Index,NAS100
2022-09-23,11524.260000000004,11560.510000000004,11189.930000000004,11345.730000000003,846416,Nasdaq-100 Index,NAS100
2022-09-26,11345.730000000003,11502.030000000004,11220.600000000004,11279.450000000004,1004520,Nasdaq-100 Index,NAS100
2022-09-27,11279.450000000004,11533.450000000004,11199.200000000004,11319.500000000004,909841,Nasdaq-100 Index,NAS100
2022-09-28,11319.500000000004,11579.450000000004,11108.780000000004,11506.520000000004,968987,Nasdaq-100 Index,NAS100
2022-09-29,11506.520000000004,11530.590000000004,11057.140000000005,11198.310000000003,963262,Nasdaq-100 Index,NAS100
2022-09-30,11198.310000000003,11326.090000000004,10993.540000000005,11018.640000000005,989874,Nasdaq-100 Index,NAS100
2022-10-03,11018.640000000005,11331.290000000005,10863.860000000004,11281.960000000005,776300,Nasdaq-100 Index,NAS100
2022-10-04,11281.960000000005,11644.100000000004,11251.150000000003,11614.030000000004,776904,Nasdaq-100 Index,NAS100
2022-10-05,11614.030000000004,11678.370000000004,11334.540000000005,11595.660000000003,748811,Nasdaq-100 Index,NAS100
2022-10-06,11595.660000000003,11697.770000000004,11473.870000000004,11473.870000000004,841119,Nasdaq-100 Index,NAS100
2022-10-07,11473.870000000004,11534.080000000004,11013.640000000005,11065.690000000004,798746,Nasdaq-100 Index,NAS100
2022-10-10,11065.690000000004,11111.100000000004,10853.130000000005,10969.450000000004,797852,Nasdaq-100 Index,NAS100
2022-10-11,10969.450000000004,11017.160000000003,10745.040000000005,10858.580000000004,940806,Nasdaq-100 Index,NAS100
2022-10-12,10858.580000000004,10955.830000000004,10785.260000000004,10832.680000000004,907035,Nasdaq-100 Index,NAS100
2022-10-13,10832.680000000004,11123.190000000004,10466.360000000004,11045.620000000004,982029,Nasdaq-100 Index,NAS100
2022-10-14,11045.620000000004,11231.630000000005,10705.440000000004,10728.490000000003,969636,Nasdaq-100 Index,NAS100
2022-10-17,10728.490000000003,11129.470000000005,10696.550000000005,11118.200000000004,692056,Nasdaq-100 Index,NAS100
2022-10-18,11118.200000000004,11413.990000000003,11064.230000000003,11306.170000000004,876419,Nasdaq-100 Index,NAS100
2022-10-19,11306.170000000004,11364.850000000004,11031.950000000004,11133.180000000004,782931,Nasdaq-100 Index,NAS100
2022-10-20,11133.180000000004,11312.330000000004,10991.890000000005,11043.360000000004,805356,Nasdaq-100 Index,NAS100
2022-10-21,11043.360000000004,11370.420000000004,10920.900000000003,11360.890000000005,893380,Nasdaq-100 Index,NAS100
2022-10-24,11360.890000000005,11516.590000000004,11194.640000000005,11445.700000000004,716843,Nasdaq-100 Index,NAS100
2022-10-25,11445.700000000004,11717.550000000005,11416.650000000003,11571.650000000003,694087,Nasdaq-100 Index,NAS100
2022-10-26,11571.650000000003,11688.940000000004,11400.880000000005,11459.220000000005,801293,Nasdaq-100 Index,NAS100
2022-10-27,11459.220000000005,11525.830000000004,10910.810000000003,11084.060000000003,882284,Nasdaq-100 Index,NAS100
2022-10-28,11084.060000000003,11609.650000000003,11051.020000000004,11607.520000000004,739569,Nasdaq-100 Index,NAS100
2022-10-31,11607.520000000004,11607.520000000004,11357.750000000004,11443.430000000004,632942,Nasdaq-100 Index,NAS100
2022-11-01,11443.430000000004,11610.800000000005,11280.230000000003,11312.580000000004,693330,Nasdaq-100 Index,NAS100
2022-11-02,11312.580000000004,11452.210000000005,10902.220000000005,10935.070000000003,763247,Nasdaq-100 Index,NAS100
2022-11-03,10935.070000000003,10992.270000000004,10705.170000000004,10725.220000000005,757096,Nasdaq-100 Index,NAS100
2022-11-04,10725.220000000005,10969.180000000004,10630.220000000005,10874.500000000004,905249,Nasdaq-100 Index,NAS100
2022-11-07,10874.500000000004,11035.610000000004,10782.290000000005,11011.390000000005,705529,Nasdaq-100 Index,NAS100
2022-11-08,11011.390000000005,11228.950000000004,10926.710000000005,11086.500000000004,727829,Nasdaq-100 Index,NAS100
2022-11-09,11086.500000000004,11160.160000000003,10819.070000000003,10839.380000000005,751453,Nasdaq-100 Index,NAS100
2022-11-10,10839.380000000005,11676.010000000004,10823.720000000005,11674.860000000004,799656,Nasdaq-100 Index,NAS100
2022-11-11,11674.860000000004,11873.840000000004,11566.960000000005,11836.770000000004,782139,Nasdaq-100 Index,NAS100
2022-11-14,11836.770000000004,11897.510000000004,11701.250000000004,11767.540000000005,649766,Nasdaq-100 Index,NAS100
2022-11-15,11767.540000000005,12118.860000000004,11762.010000000004,11894.090000000004,915862,Nasdaq-100 Index,NAS100
2022-11-16,11894.090000000004,11957.870000000004,11703.040000000005,11768.600000000004,701783,Nasdaq-100 Index,NAS100
2022-11-17,11768.600000000004,11825.730000000003,11526.590000000004,11744.690000000004,672724,Nasdaq-100 Index,NAS100
2022-11-18,11744.690000000004,11842.290000000005,11606.340000000004,11705.160000000003,616999,Nasdaq-100 Index,NAS100
2022-11-21,11705.160000000003,11758.590000000004,11561.780000000004,11592.340000000004,554291,Nasdaq-100 Index,NAS100
2022-11-22,11592.340000000004,11764.070000000003,11531.370000000004,11744.100000000004,520951,Nasdaq-100 Index,NAS100
2022-11-23,11744.100000000004,11897.360000000004,11724.550000000005,11881.790000000005,557460,Nasdaq-100 Index,NAS100
2022-11-24,11881.790000000005,11937.920000000004,11879.140000000005,11916.370000000004,149111,Nasdaq-100 Index,NAS100
2022-11-25,11916.370000000004,11930.440000000004,11772.970000000005,11789.900000000003,292569,Nasdaq-100 Index,NAS100
2022-11-28,11789.900000000003,11799.200000000004,11586.060000000003,11634.360000000004,572111,Nasdaq-100 Index,NAS100
2022-11-29,11634.360000000004,11717.040000000005,11477.970000000005,11531.750000000004,600512,Nasdaq-100 Index,NAS100
2022-11-30,11531.750000000004,12089.990000000003,11510.230000000003,12087.710000000005,725486,Nasdaq-100 Index,NAS100
2022-12-01,12087.710000000005,12155.520000000004,11954.560000000003,12047.570000000003,725325,Nasdaq-100 Index,NAS100
2022-12-02,12047.570000000003,12079.180000000004,11751.820000000003,11993.160000000003,652878,Nasdaq-100 Index,NAS100
2022-12-05,11993.160000000003,12031.330000000004,11761.010000000004,11828.820000000003,572535,Nasdaq-100 Index,NAS100
2022-12-06,11828.820000000003,11862.650000000003,11519.450000000004,11583.620000000004,667073,Nasdaq-100 Index,NAS100
2022-12-07,11583.620000000004,11615.410000000003,11442.080000000004,11517.610000000004,668018,Nasdaq-100 Index,NAS100
2022-12-08,11517.610000000004,11705.750000000004,11454.570000000003,11656.920000000004,614357,Nasdaq-100 Index,NAS100
2022-12-09,11656.920000000004,11762.570000000003,11537.150000000003,11579.050000000005,798048,Nasdaq-100 Index,NAS100
2022-12-12,11579.050000000005,11740.180000000004,11547.110000000004,11721.580000000004,692697,Nasdaq-100 Index,NAS100
2022-12-13,11721.580000000004,12241.250000000004,11705.280000000004,11856.270000000004,1380701,Nasdaq-100 Index,NAS100
2022-12-14,11856.270000000004,11974.020000000004,11636.780000000004,11794.390000000005,1012340,Nasdaq-100 Index,NAS100
2022-12-15,11794.390000000005,11805.630000000005,11324.810000000003,11368.980000000003,926997,Nasdaq-100 Index,NAS100
2022-12-16,11368.980000000003,11418.720000000005,11202.600000000004,11245.020000000004,1111508,Nasdaq-100 Index,NAS100
2022-12-19,11245.020000000004,11341.100000000004,11062.280000000004,11115.330000000004,933994,Nasdaq-100 Index,NAS100
2022-12-20,11115.330000000004,11179.400000000003,10975.700000000004,11125.450000000004,1148540,Nasdaq-100 Index,NAS100
2022-12-21,11125.450000000004,11323.800000000005,11114.790000000005,11289.210000000005,946943,Nasdaq-100 Index,NAS100
2022-12-22,11289.210000000005,11317.790000000005,10804.210000000005,10978.490000000003,914880,Nasdaq-100 Index,NAS100
2022-12-23,10978.490000000003,11080.270000000004,10854.310000000003,11009.150000000003,977085,Nasdaq-100 Index,NAS100
2022-12-27,11009.150000000003,11126.170000000004,10838.460000000005,10854.510000000004,914561,Nasdaq-100 Index,NAS100
2022-12-28,10854.510000000004,10942.050000000005,10704.060000000003,10729.210000000005,1088992,Nasdaq-100 Index,NAS100
2022-12-29,10729.210000000005,11019.260000000004,10724.970000000005,10977.430000000004,663467,Nasdaq-100 Index,NAS100
2022-12-30,10977.430000000004,10997.370000000004,10801.800000000005,10986.860000000004,843809,Nasdaq-100 Index,NAS100
2023-01-03,10986.860000000004,11133.330000000004,10796.830000000004,10893.240000000003,1213214,Nasdaq-100 Index,NAS100
2023-01-04,10893.240000000003,11018.530000000004,10814.390000000005,10934.200000000004,1331645,Nasdaq-100 Index,NAS100
2023-01-05,10934.200000000004,10997.270000000004,10756.310000000003,10788.490000000003,1114816,Nasdaq-100 Index,NAS100
2023-01-06,10788.490000000003,11119.660000000003,10704.970000000005,11063.080000000004,1098121,Nasdaq-100 Index,NAS100
2023-01-09,11063.080000000004,11341.060000000003,11063.080000000004,11139.870000000004,1183100,Nasdaq-100 Index,NAS100
2023-01-10,11139.870000000004,11245.260000000004,11050.760000000004,11237.620000000004,1205015,Nasdaq-100 Index,NAS100
2023-01-11,11237.620000000004,11436.310000000003,11196.640000000005,11432.240000000003,860629,Nasdaq-100 Index,NAS100
2023-01-12,11432.240000000003,11535.930000000004,11247.640000000005,11478.400000000003,1598446,Nasdaq-100 Index,NAS100
2023-01-13,11478.400000000003,11577.950000000004,11347.650000000003,11563.250000000004,934200,Nasdaq-100 Index,NAS100
2023-01-16,11563.250000000004,11600.170000000004,11471.930000000004,11525.970000000005,200505,Nasdaq-100 Index,NAS100
2023-01-17,11525.970000000005,11648.270000000004,11493.450000000004,11586.300000000005,842734,Nasdaq-100 Index,NAS100
2023-01-18,11586.300000000005,11723.960000000005,11432.510000000004,11446.760000000004,1004179,Nasdaq-100 Index,NAS100
2023-01-19,11446.760000000004,11453.490000000003,11275.770000000004,11360.210000000005,996497,Nasdaq-100 Index,NAS100
2023-01-20,11360.210000000005,11655.980000000003,11334.560000000003,11638.690000000004,788496,Nasdaq-100 Index,NAS100
2023-01-23,11638.690000000004,11954.110000000004,11621.550000000005,11906.530000000004,892030,Nasdaq-100 Index,NAS100
2023-01-24,11906.530000000004,11980.210000000005,11806.350000000004,11942.330000000004,863357,Nasdaq-100 Index,NAS100
2023-01-25,11942.330000000004,11947.170000000004,11576.880000000005,11845.810000000003,1058824,Nasdaq-100 Index,NAS100
2023-01-26,11845.810000000003,12086.590000000004,11839.790000000005,12033.420000000004,1093324,Nasdaq-100 Index,NAS100
2023-01-27,12033.420000000004,12281.840000000004,11989.550000000005,12197.150000000003,913669,Nasdaq-100 Index,NAS100
2023-01-30,12197.150000000003,12227.730000000003,11937.040000000005,11965.320000000003,1099263,Nasdaq-100 Index,NAS100
2023-01-31,11965.320000000003,12135.320000000003,11850.020000000004,12098.370000000004,1024146,Nasdaq-100 Index,NAS100
2023-02-01,12098.370000000004,12503.080000000004,12034.680000000004,12485.070000000003,1304934,Nasdaq-100 Index,NAS100
2023-02-02,12485.070000000003,12927.270000000004,12480.390000000005,12651.750000000004,1421558,Nasdaq-100 Index,NAS100
2023-02-03,12651.750000000004,12856.050000000005,12529.490000000003,12595.700000000004,1618295,Nasdaq-100 Index,NAS100
2023-02-06,12595.700000000004,12595.700000000004,12438.810000000003,12495.240000000003,1082812,Nasdaq-100 Index,NAS100
2023-02-07,12495.240000000003,12803.240000000003,12444.000000000004,12724.800000000005,1467376,Nasdaq-100 Index,NAS100
2023-02-08,12724.800000000005,12792.710000000005,12497.740000000003,12543.180000000004,1144556,Nasdaq-100 Index,NAS100
2023-02-09,12543.180000000004,12714.800000000005,12353.170000000004,12435.850000000004,1202831,Nasdaq-100 Index,NAS100
2023-02-10,12435.850000000004,12437.450000000004,12229.490000000003,12325.300000000005,1177094,Nasdaq-100 Index,NAS100
2023-02-13,12325.300000000005,12557.910000000003,12256.600000000004,12535.820000000003,792594,Nasdaq-100 Index,NAS100
2023-02-14,12535.820000000003,12676.390000000005,12381.460000000005,12609.260000000004,1535851,Nasdaq-100 Index,NAS100
2023-02-15,12609.260000000004,12744.090000000004,12512.050000000005,12735.930000000004,1066944,Nasdaq-100 Index,NAS100
2023-02-16,12735.930000000004,12780.930000000004,12443.910000000003,12454.520000000004,1183416,Nasdaq-100 Index,NAS100
2023-02-17,12454.520000000004,12454.520000000004,12257.160000000003,12376.210000000005,1098672,Nasdaq-100 Index,NAS100
2023-02-20,12376.210000000005,12413.480000000003,12342.620000000004,12362.910000000003,186502,Nasdaq-100 Index,NAS100
2023-02-21,12362.910000000003,12376.930000000004,12088.400000000003,12109.160000000003,988555,Nasdaq-100 Index,NAS100
2023-02-22,12109.160000000003,12190.700000000004,12034.460000000005,12166.260000000004,1259185,Nasdaq-100 Index,NAS100
2023-02-23,12166.260000000004,12262.530000000004,12030.190000000004,12194.380000000005,1089690,Nasdaq-100 Index,NAS100
2023-02-24,12194.380000000005,12215.570000000003,11924.740000000003,12001.320000000003,1124178,Nasdaq-100 Index,NAS100
2023-02-27,12001.320000000003,12195.170000000004,11995.490000000003,12100.610000000004,911664,Nasdaq-100 Index,NAS100
2023-02-28,12100.610000000004,12179.750000000004,12032.700000000004,12048.050000000005,927516,Nasdaq-100 Index,NAS100
2023-03-01,12048.050000000005,12149.070000000003,11932.490000000003,11992.310000000003,1090266,Nasdaq-100 Index,NAS100
2023-03-02,11992.310000000003,12103.290000000005,11839.470000000005,12058.840000000004,1140056,Nasdaq-100 Index,NAS100
2023-03-03,12058.840000000004,12334.410000000003,12020.530000000004,12330.390000000005,828949,Nasdaq-100 Index,NAS100
2023-03-06,12330.390000000005,12498.580000000004,12288.760000000004,12333.740000000003,899365,Nasdaq-100 Index,NAS100
2023-03-07,12333.740000000003,12395.070000000003,12156.730000000003,12189.920000000004,1191610,Nasdaq-100 Index,NAS100
2023-03-08,12189.920000000004,12270.640000000005,12124.410000000003,12253.830000000004,1120595,Nasdaq-100 Index,NAS100
2023-03-09,12253.830000000004,12369.980000000003,11993.720000000005,12025.650000000003,1220314,Nasdaq-100 Index,NAS100
2023-03-10,12025.650000000003,12126.340000000004,11813.430000000004,11869.690000000004,1781686,Nasdaq-100 Index,NAS100
2023-03-13,11869.690000000004,12118.040000000005,11711.880000000005,11972.900000000003,1542980,Nasdaq-100 Index,NAS100
2023-03-14,11972.900000000003,12247.310000000003,11946.490000000003,12229.100000000004,1266270,Nasdaq-100 Index,NAS100
2023-03-15,12229.100000000004,12303.270000000004,11994.810000000003,12292.060000000003,1400796,Nasdaq-100 Index,NAS100
2023-03-16,12292.060000000003,12625.070000000003,12213.860000000004,12607.470000000005,1125139,Nasdaq-100 Index,NAS100
2023-03-17,12607.470000000005,12709.960000000005,12469.710000000005,12549.120000000004,1433254,Nasdaq-100 Index,NAS100
2023-03-20,12549.120000000004,12656.700000000004,12432.560000000003,12607.810000000003,1368311,Nasdaq-100 Index,NAS100
2023-03-21,12607.810000000003,12805.800000000005,12583.880000000005,12783.470000000005,864738,Nasdaq-100 Index,NAS100
2023-03-22,12783.470000000005,12985.780000000004,12581.730000000003,12603.830000000004,1300108,Nasdaq-100 Index,NAS100
2023-03-23,12603.830000000004,12938.790000000005,12601.960000000005,12779.190000000004,1399609,Nasdaq-100 Index,NAS100
2023-03-24,12779.190000000004,12827.980000000003,12636.310000000003,12821.960000000005,1481144,Nasdaq-100 Index,NAS100
2023-03-27,12821.960000000005,12888.870000000004,12679.300000000005,12727.620000000004,951480,Nasdaq-100 Index,NAS100
2023-03-28,12727.620000000004,12747.810000000003,12549.100000000004,12662.890000000005,834962,Nasdaq-100 Index,NAS100
2023-03-29,12662.890000000005,12908.840000000004,12659.370000000004,12877.620000000004,737940,Nasdaq-100 Index,NAS100
2023-03-30,12877.620000000004,13028.090000000004,12847.410000000003,13005.760000000004,701563,Nasdaq-100 Index,NAS100
2023-03-31,13005.760000000004,13227.180000000004,12973.210000000005,13220.340000000004,706008,Nasdaq-100 Index,NAS100
2023-04-03,13220.340000000004,13220.340000000004,13072.750000000004,13180.690000000004,771282,Nasdaq-100 Index,NAS100
2023-04-04,13180.690000000004,13265.890000000005,13085.960000000005,13148.880000000005,897785,Nasdaq-100 Index,NAS100
2023-04-05,13148.880000000005,13167.190000000004,12926.360000000004,12992.290000000005,783806,Nasdaq-100 Index,NAS100
2023-04-06,12992.290000000005,13113.670000000004,12876.420000000004,13086.090000000004,765495,Nasdaq-100 Index,NAS100
2023-04-07,13086.090000000004,13114.030000000004,13045.760000000004,13106.900000000003,72747,Nasdaq-100 Index,NAS100
2023-04-10,13106.900000000003,13130.420000000004,12895.350000000004,13093.910000000003,673973,Nasdaq-100 Index,NAS100
2023-04-11,13093.910000000003,13137.790000000005,12983.200000000004,13011.120000000004,822137,Nasdaq-100 Index,NAS100
2023-04-12,13011.120000000004,13172.810000000003,12870.130000000005,12889.400000000003,1027520,Nasdaq-100 Index,NAS100
2023-04-13,12889.400000000003,13162.780000000004,12860.600000000004,13115.080000000004,786490,Nasdaq-100 Index,NAS100
2023-04-14,13115.080000000004,13189.200000000004,12992.200000000004,13144.510000000004,970908,Nasdaq-100 Index,NAS100
2023-04-17,13144.510000000004,13156.950000000004,13016.700000000004,13120.140000000005,892224,Nasdaq-100 Index,NAS100
2023-04-18,13120.140000000005,13239.130000000005,13079.030000000004,13128.330000000004,827613,Nasdaq-100 Index,NAS100
2023-04-19,13128.330000000004,13169.270000000004,13007.370000000004,13110.460000000005,693781,Nasdaq-100 Index,NAS100
2023-04-20,13110.460000000005,13144.190000000004,12966.320000000003,13034.620000000004,805902,Nasdaq-100 Index,NAS100
2023-04-21,13034.620000000004,13068.810000000003,12929.540000000005,13025.740000000003,815964,Nasdaq-100 Index,NAS100
2023-04-24,13025.740000000003,13085.940000000004,12919.430000000004,13001.750000000004,710338,Nasdaq-100 Index,NAS100
2023-04-25,13001.750000000004,13013.060000000003,12754.260000000004,12872.140000000005,789476,Nasdaq-100 Index,NAS100
2023-04-26,12872.140000000005,12970.330000000004,12821.830000000004,12917.990000000003,1011399,Nasdaq-100 Index,NAS100
2023-04-27,12917.990000000003,13289.900000000003,12894.770000000004,13220.330000000004,768096,Nasdaq-100 Index,NAS100
2023-04-28,13220.330000000004,13293.040000000005,13126.520000000004,13285.470000000005,888858,Nasdaq-100 Index,NAS100
2023-05-01,13285.470000000005,13329.020000000004,13221.300000000005,13250.970000000005,712278,Nasdaq-100 Index,NAS100
2023-05-02,13250.970000000005,13297.520000000004,13073.970000000005,13132.340000000004,967076,Nasdaq-100 Index,NAS100
2023-05-03,13132.340000000004,13278.580000000004,13046.250000000004,13055.690000000004,1231588,Nasdaq-100 Index,NAS100
2023-05-04,13055.690000000004,13140.080000000004,12970.460000000005,13014.000000000004,1170307,Nasdaq-100 Index,NAS100
2023-05-05,13014.000000000004,13328.360000000004,13014.000000000004,13280.400000000003,679871,Nasdaq-100 Index,NAS100
2023-05-08,13280.400000000003,13340.350000000004,13227.250000000004,13308.300000000005,640694,Nasdaq-100 Index,NAS100
2023-05-09,13308.300000000005,13320.710000000005,13224.660000000003,13235.020000000004,621174,Nasdaq-100 Index,NAS100
2023-05-10,13235.020000000004,13421.790000000005,13178.140000000005,13384.470000000005,1073036,Nasdaq-100 Index,NAS100
2023-05-11,13384.470000000005,13446.920000000004,13338.030000000004,13423.470000000005,856647,Nasdaq-100 Index,NAS100
2023-05-12,13423.470000000005,13467.710000000005,13284.490000000003,13349.030000000004,697244,Nasdaq-100 Index,NAS100
2023-05-15,13349.030000000004,13458.920000000004,13329.540000000005,13443.620000000004,629651,Nasdaq-100 Index,NAS100
2023-05-16,13443.620000000004,13535.440000000004,13407.280000000004,13484.240000000003,664782,Nasdaq-100 Index,NAS100
2023-05-17,13484.240000000003,13646.730000000003,13451.850000000004,13618.780000000004,682429,Nasdaq-100 Index,NAS100
2023-05-18,13618.780000000004,13891.710000000005,13607.210000000005,13891.050000000005,834018,Nasdaq-100 Index,NAS100
2023-05-19,13891.050000000005,13939.110000000004,13793.890000000005,13820.930000000004,933146,Nasdaq-100 Index,NAS100
2023-05-22,13820.930000000004,13932.120000000004,13779.520000000004,13900.800000000005,788981,Nasdaq-100 Index,NAS100
2023-05-23,13900.800000000005,13963.790000000005,13697.360000000004,13719.980000000003,869114,Nasdaq-100 Index,NAS100
2023-05-24,13719.980000000003,13834.450000000004,13556.230000000003,13831.170000000004,994000,Nasdaq-100 Index,NAS100
2023-05-25,13831.170000000004,14022.840000000004,13794.300000000005,13973.020000000004,1135380,Nasdaq-100 Index,NAS100
2023-05-26,13973.020000000004,14360.790000000005,13916.380000000005,14358.820000000003,879562,Nasdaq-100 Index,NAS100
2023-05-29,14358.820000000003,14442.470000000005,14358.820000000003,14401.240000000003,146923,Nasdaq-100 Index,NAS100
2023-05-30,14401.240000000003,14568.480000000003,14336.020000000004,14401.190000000004,1168657,Nasdaq-100 Index,NAS100
2023-05-31,14401.190000000004,14429.220000000005,14253.360000000004,14288.660000000003,1018141,Nasdaq-100 Index,NAS100
2023-06-01,14288.660000000003,14529.920000000004,14249.890000000005,14498.340000000004,951259,Nasdaq-100 Index,NAS100
2023-06-02,14498.340000000004,14629.260000000004,14471.750000000004,14580.820000000003,878880,Nasdaq-100 Index,NAS100
2023-06-05,14580.820000000003,14702.060000000003,14519.400000000003,14590.730000000003,1026830,Nasdaq-100 Index,NAS100
2023-06-06,14590.730000000003,14632.010000000004,14513.050000000005,14602.940000000004,865305,Nasdaq-100 Index,NAS100
2023-06-07,14602.940000000004,14685.180000000004,14315.670000000004,14326.590000000004,1075289,Nasdaq-100 Index,NAS100
2023-06-08,14326.590000000004,14538.650000000003,14269.130000000005,14533.340000000004,919129,Nasdaq-100 Index,NAS100
2023-06-09,14533.340000000004,14700.610000000004,14473.580000000004,14580.270000000004,804855,Nasdaq-100 Index,NAS100
2023-06-12,14580.270000000004,14846.790000000005,14573.830000000004,14846.420000000004,567502,Nasdaq-100 Index,NAS100
2023-06-13,14846.420000000004,14989.270000000004,14801.290000000005,14944.580000000004,891517,Nasdaq-100 Index,NAS100
2023-06-14,14944.580000000004,15082.940000000004,14816.440000000004,15072.310000000003,765343,Nasdaq-100 Index,NAS100
2023-06-15,15072.310000000003,15275.840000000004,14902.500000000004,15207.870000000004,697318,Nasdaq-100 Index,NAS100
2023-06-16,15207.870000000004,15329.360000000004,15112.610000000004,15149.670000000004,937656,Nasdaq-100 Index,NAS100
2023-06-19,15149.670000000004,15183.140000000005,15092.200000000004,15100.960000000005,165447,Nasdaq-100 Index,NAS100
2023-06-20,15100.960000000005,15174.110000000004,14990.490000000003,15108.300000000005,803969,Nasdaq-100 Index,NAS100
2023-06-21,15108.300000000005,15138.320000000003,14868.340000000004,14903.770000000004,960619,Nasdaq-100 Index,NAS100
2023-06-22,14903.770000000004,15106.330000000004,14832.960000000005,15101.900000000003,875231,Nasdaq-100 Index,NAS100
2023-06-23,15101.900000000003,15103.620000000004,14853.930000000004,14924.740000000003,928579,Nasdaq-100 Index,NAS100
2023-06-26,14924.740000000003,15028.820000000003,14730.590000000004,14749.500000000004,1050813,Nasdaq-100 Index,NAS100
2023-06-27,14749.500000000004,15020.340000000004,14743.560000000003,14969.650000000003,787590,Nasdaq-100 Index,NAS100
2023-06-28,14969.650000000003,15099.090000000004,14901.440000000004,15036.880000000005,973916,Nasdaq-100 Index,NAS100
2023-06-29,15036.880000000005,15082.930000000004,14909.070000000003,14988.630000000005,810813,Nasdaq-100 Index,NAS100
2023-06-30,14988.630000000005,15260.160000000003,14982.390000000005,15198.160000000003,634475,Nasdaq-100 Index,NAS100
2023-07-03,15198.160000000003,15278.750000000004,15195.400000000003,15238.940000000004,411111,Nasdaq-100 Index,NAS100
2023-07-04,15238.940000000004,15256.390000000005,15221.870000000004,15231.400000000003,83567,Nasdaq-100 Index,NAS100
2023-07-05,15231.400000000003,15321.840000000004,15144.930000000004,15243.890000000005,668636,Nasdaq-100 Index,NAS100
2023-07-06,15243.890000000005,15256.130000000005,15002.530000000004,15112.830000000004,737249,Nasdaq-100 Index,NAS100
2023-07-07,15112.830000000004,15253.780000000004,15066.150000000003,15087.070000000003,778632,Nasdaq-100 Index,NAS100
2023-07-10,15087.070000000003,15118.080000000004,14963.860000000004,15093.280000000004,799528,Nasdaq-100 Index,NAS100
2023-07-11,15093.280000000004,15180.780000000004,15012.030000000004,15164.850000000004,735614,Nasdaq-100 Index,NAS100
2023-07-12,15164.850000000004,15411.620000000004,15157.850000000004,15361.800000000005,801341,Nasdaq-100 Index,NAS100
2023-07-13,15361.800000000005,15645.480000000003,15360.320000000003,15603.770000000004,622760,Nasdaq-100 Index,NAS100
2023-07-14,15603.770000000004,15761.100000000004,15567.270000000004,15597.040000000005,866375,Nasdaq-100 Index,NAS100
2023-07-17,15597.040000000005,15792.470000000005,15571.930000000004,15736.760000000004,682450,Nasdaq-100 Index,NAS100
2023-07-18,15736.760000000004,15941.190000000004,15644.810000000003,15859.110000000004,759466,Nasdaq-100 Index,NAS100
2023-07-19,15859.110000000004,15974.700000000004,15823.680000000004,15852.500000000004,888846,Nasdaq-100 Index,NAS100
2023-07-20,15852.500000000004,15852.500000000004,15461.910000000003,15510.920000000004,1028361,Nasdaq-100 Index,NAS100
2023-07-21,15510.920000000004,15638.760000000004,15441.870000000004,15471.610000000004,996792,Nasdaq-100 Index,NAS100
2023-07-24,15471.610000000004,15545.030000000004,15410.680000000004,15495.940000000004,815773,Nasdaq-100 Index,NAS100
2023-07-25,15495.940000000004,15667.370000000004,15480.330000000004,15656.140000000005,664509,Nasdaq-100 Index,NAS100
2023-07-26,15656.140000000005,15671.460000000005,15447.720000000005,15558.160000000003,1107829,Nasdaq-100 Index,NAS100
2023-07-27,15558.160000000003,15838.460000000005,15446.610000000004,15519.630000000005,1091559,Nasdaq-100 Index,NAS100
2023-07-28,15519.630000000005,15833.530000000004,15483.770000000004,15777.350000000004,926701,Nasdaq-100 Index,NAS100
2023-07-31,15777.350000000004,15857.060000000003,15731.960000000005,15809.660000000003,732107,Nasdaq-100 Index,NAS100
2023-08-01,15809.660000000003,15832.090000000004,15671.600000000004,15752.650000000003,690580,Nasdaq-100 Index,NAS100
2023-08-02,15752.650000000003,15752.650000000003,15359.880000000005,15397.190000000004,1057695,Nasdaq-100 Index,NAS100
2023-08-03,15397.190000000004,15500.930000000004,15289.600000000004,15398.310000000003,1138780,Nasdaq-100 Index,NAS100
2023-08-04,15398.310000000003,15563.160000000003,15289.520000000004,15320.710000000005,1188629,Nasdaq-100 Index,NAS100
2023-08-07,15320.710000000005,15454.470000000005,15293.860000000004,15449.420000000004,975435,Nasdaq-100 Index,NAS100
2023-08-08,15449.420000000004,15457.720000000005,15179.910000000003,15311.670000000004,964983,Nasdaq-100 Index,NAS100
2023-08-09,15311.670000000004,15395.910000000003,15110.480000000003,15166.970000000005,899467,Nasdaq-100 Index,NAS100
2023-08-10,15166.970000000005,15404.600000000004,15099.980000000003,15181.150000000003,1284302,Nasdaq-100 Index,NAS100
2023-08-11,15181.150000000003,15229.740000000003,15000.640000000005,15070.070000000003,1056113,Nasdaq-100 Index,NAS100
2023-08-14,15070.070000000003,15252.240000000003,14991.790000000005,15250.420000000004,998559,Nasdaq-100 Index,NAS100
2023-08-15,15250.420000000004,15305.620000000004,15047.070000000003,15081.090000000004,1053865,Nasdaq-100 Index,NAS100
2023-08-16,15081.090000000004,15135.920000000004,14892.530000000004,14908.360000000004,1136650,Nasdaq-100 Index,NAS100
2023-08-17,14908.360000000004,14991.370000000004,14711.980000000003,14717.550000000005,1121730,Nasdaq-100 Index,NAS100
2023-08-18,14717.550000000005,14778.070000000003,14584.820000000003,14720.810000000003,1158160,Nasdaq-100 Index,NAS100
2023-08-21,14720.810000000003,14995.000000000004,14701.460000000005,14953.170000000004,1002099,Nasdaq-100 Index,NAS100
2023-08-22,14953.170000000004,15100.220000000005,14914.500000000004,14945.440000000004,993368,Nasdaq-100 Index,NAS100
2023-08-23,14945.440000000004,15340.890000000005,14941.580000000004,15339.390000000005,846621,Nasdaq-100 Index,NAS100
2023-08-24,15339.390000000005,15402.730000000003,14802.340000000004,14817.790000000005,1132509,Nasdaq-100 Index,NAS100
2023-08-25,14817.790000000005,15036.620000000004,14740.430000000004,14959.820000000003,1355496,Nasdaq-100 Index,NAS100
2023-08-28,14959.820000000003,15121.120000000004,14959.820000000003,15092.660000000003,964519,Nasdaq-100 Index,NAS100
2023-08-29,15092.660000000003,15426.660000000003,15046.000000000004,15422.080000000004,793843,Nasdaq-100 Index,NAS100
2023-08-30,15422.080000000004,15520.500000000004,15359.230000000003,15510.320000000003,857788,Nasdaq-100 Index,NAS100
2023-08-31,15510.320000000003,15602.150000000003,15455.140000000005,15532.220000000005,801356,Nasdaq-100 Index,NAS100
2023-09-01,15532.220000000005,15658.460000000005,15452.030000000004,15512.550000000005,1015586,Nasdaq-100 Index,NAS100
2023-09-04,15512.550000000005,15582.580000000004,15504.430000000004,15528.430000000004,159986,Nasdaq-100 Index,NAS100
2023-09-05,15528.430000000004,15592.760000000004,15424.090000000004,15523.310000000003,838945,Nasdaq-100 Index,NAS100
2023-09-06,15523.310000000003,15540.930000000004,15319.210000000005,15395.400000000003,918206,Nasdaq-100 Index,NAS100
2023-09-07,15395.400000000003,15405.880000000005,15168.380000000005,15296.430000000004,970168,Nasdaq-100 Index,NAS100
2023-09-08,15296.430000000004,15403.010000000004,15235.610000000004,15329.950000000004,831114,Nasdaq-100 Index,NAS100
2023-09-11,15329.950000000004,15516.920000000004,15317.130000000005,15490.840000000004,671492,Nasdaq-100 Index,NAS100
2023-09-12,15490.840000000004,15502.050000000005,15311.200000000004,15331.120000000004,650527,Nasdaq-100 Index,NAS100
2023-09-13,15331.120000000004,15447.520000000004,15235.300000000005,15400.820000000003,812046,Nasdaq-100 Index,NAS100
2023-09-14,15400.820000000003,15543.380000000005,15362.380000000005,15506.940000000004,659565,Nasdaq-100 Index,NAS100
2023-09-15,15506.940000000004,15566.650000000003,15204.680000000004,15238.350000000004,899873,Nasdaq-100 Index,NAS100
2023-09-18,15238.350000000004,15318.910000000003,15188.490000000003,15282.960000000005,787427,Nasdaq-100 Index,NAS100
2023-09-19,15282.960000000005,15302.040000000005,15108.700000000004,15242.870000000004,744385,Nasdaq-100 Index,NAS100
2023-09-20,15242.870000000004,15296.280000000004,14987.760000000004,14993.720000000005,951632,Nasdaq-100 Index,NAS100
2023-09-21,14993.720000000005,15013.760000000004,14706.620000000004,14715.330000000004,1023286,Nasdaq-100 Index,NAS100
2023-09-22,14715.330000000004,14898.640000000005,14707.740000000003,14749.550000000005,956824,Nasdaq-100 Index,NAS100
2023-09-25,14749.550000000005,14833.550000000005,14660.570000000003,14829.110000000004,998860,Nasdaq-100 Index,NAS100
2023-09-26,14829.110000000004,14829.110000000004,14546.100000000004,14604.910000000003,949197,Nasdaq-100 Index,NAS100
2023-09-27,14604.910000000003,14706.970000000005,14471.880000000005,14651.900000000003,1103944,Nasdaq-100 Index,NAS100
2023-09-28,14651.900000000003,14834.520000000004,14545.250000000004,14763.440000000004,1230838,Nasdaq-100 Index,NAS100
2023-09-29,14763.440000000004,14947.860000000004,14698.220000000005,14787.040000000005,1328662,Nasdaq-100 Index,NAS100
2023-10-02,14787.040000000005,14939.230000000003,14719.210000000005,14886.010000000004,1468940,Nasdaq-100 Index,NAS100
2023-10-03,14886.010000000004,14920.610000000004,14541.620000000004,14604.540000000005,1302420,Nasdaq-100 Index,NAS100
2023-10-04,14604.540000000005,14851.070000000003,14484.170000000004,14797.740000000003,1426718,Nasdaq-100 Index,NAS100
2023-10-05,14797.740000000003,14854.080000000004,14611.870000000004,14755.930000000004,1234027,Nasdaq-100 Index,NAS100
2023-10-06,14755.930000000004,15058.320000000003,14558.150000000003,15031.980000000003,1289422,Nasdaq-100 Index,NAS100
2023-10-09,15031.980000000003,15114.330000000004,14851.190000000004,15096.380000000005,990406,Nasdaq-100 Index,NAS100
2023-10-10,15096.380000000005,15286.700000000004,15075.250000000004,15185.360000000004,1113758,Nasdaq-100 Index,NAS100
2023-10-11,15185.360000000004,15321.440000000004,15158.460000000005,15315.620000000004,995004,Nasdaq-100 Index,NAS100
2023-10-12,15315.620000000004,15375.710000000005,15123.310000000003,15230.370000000004,1109669,Nasdaq-100 Index,NAS100
2023-10-13,15230.370000000004,15276.090000000004,14971.710000000005,15019.500000000004,1279021,Nasdaq-100 Index,NAS100
2023-10-16,15019.500000000004,15254.740000000003,15000.850000000004,15222.170000000004,1092514,Nasdaq-100 Index,NAS100
2023-10-17,15222.170000000004,15227.780000000004,14969.030000000004,15161.060000000003,1154298,Nasdaq-100 Index,NAS100
2023-10-18,15161.060000000003,15161.060000000003,14900.460000000005,14982.380000000005,1416016,Nasdaq-100 Index,NAS100
2023-10-19,14982.380000000005,15063.720000000005,14764.700000000004,14775.400000000003,1922955,Nasdaq-100 Index,NAS100
2023-10-20,14775.400000000003,14815.970000000005,14573.840000000004,14579.050000000005,1346767,Nasdaq-100 Index,NAS100
2023-10-23,14579.050000000005,14791.000000000004,14451.980000000003,14686.290000000005,1234544,Nasdaq-100 Index,NAS100
2023-10-24,14686.290000000005,14887.400000000003,14645.170000000004,14769.210000000005,1247269,Nasdaq-100 Index,NAS100
2023-10-25,14769.210000000005,14794.370000000004,14384.360000000004,14407.180000000004,1353691,Nasdaq-100 Index,NAS100
2023-10-26,14407.180000000004,14407.180000000004,14085.460000000005,14155.910000000003,1662094,Nasdaq-100 Index,NAS100
2023-10-27,14155.910000000003,14356.730000000003,14155.910000000003,14222.420000000004,1359767,Nasdaq-100 Index,NAS100
2023-10-30,14222.420000000004,14430.120000000004,14222.420000000004,14365.780000000004,990890,Nasdaq-100 Index,NAS100
2023-10-31,14365.780000000004,14458.100000000004,14266.100000000004,14406.520000000004,1293273,Nasdaq-100 Index,NAS100
2023-11-01,14406.520000000004,14717.840000000004,14366.920000000004,14717.000000000004,1216552,Nasdaq-100 Index,NAS100
2023-11-02,14717.000000000004,14972.020000000004,14716.460000000005,14926.890000000005,843613,Nasdaq-100 Index,NAS100
2023-11-03,14926.890000000005,15185.120000000004,14882.080000000004,15143.150000000003,851999,Nasdaq-100 Index,NAS100
2023-11-06,15143.150000000003,15219.690000000004,15100.440000000004,15184.750000000004,730495,Nasdaq-100 Index,NAS100
2023-11-07,15184.750000000004,15376.000000000004,15139.590000000004,15339.670000000004,763536,Nasdaq-100 Index,NAS100
2023-11-08,15339.670000000004,15382.710000000005,15252.080000000004,15324.630000000005,803557,Nasdaq-100 Index,NAS100
2023-11-09,15324.630000000005,15418.580000000004,15202.100000000004,15220.020000000004,1076884,Nasdaq-100 Index,NAS100
2023-11-10,15220.020000000004,15578.170000000004,15173.040000000005,15557.360000000004,910126,Nasdaq-100 Index,NAS100
2023-11-13,15557.360000000004,15571.670000000004,15436.430000000004,15527.620000000004,678831,Nasdaq-100 Index,NAS100
2023-11-14,15527.620000000004,15891.280000000004,15524.380000000005,15865.690000000004,798970,Nasdaq-100 Index,NAS100
2023-11-15,15865.690000000004,16015.590000000004,15800.020000000004,15813.850000000004,866878,Nasdaq-100 Index,NAS100
2023-11-16,15813.850000000004,15877.240000000003,15767.870000000004,15868.910000000003,893335,Nasdaq-100 Index,NAS100
2023-11-17,15868.910000000003,15911.220000000005,15796.340000000004,15848.760000000004,819530,Nasdaq-100 Index,NAS100
2023-11-20,15848.760000000004,16094.870000000004,15815.450000000004,16067.530000000004,732101,Nasdaq-100 Index,NAS100
2023-11-21,16067.530000000004,16102.210000000005,15892.390000000005,15949.020000000004,687611,Nasdaq-100 Index,NAS100
2023-11-22,15949.020000000004,16155.660000000003,15924.620000000004,16027.320000000003,836729,Nasdaq-100 Index,NAS100
2023-11-23,16027.320000000003,16070.320000000003,16018.380000000005,16043.960000000005,138014,Nasdaq-100 Index,NAS100
2023-11-24,16043.960000000005,16062.200000000004,15968.330000000004,15993.770000000004,312800,Nasdaq-100 Index,NAS100
2023-11-27,15993.770000000004,16082.660000000003,15932.240000000003,15997.960000000005,558465,Nasdaq-100 Index,NAS100
2023-11-28,15997.960000000005,16067.470000000005,15941.050000000005,16047.890000000005,692641,Nasdaq-100 Index,NAS100
2023-11-29,16047.890000000005,16205.760000000004,16011.990000000003,16039.800000000005,737694,Nasdaq-100 Index,NAS100
2023-11-30,16039.800000000005,16093.110000000004,15851.160000000003,15952.210000000005,853268,Nasdaq-100 Index,NAS100
2023-12-01,15952.210000000005,16047.620000000004,15861.980000000003,16031.780000000004,834657,Nasdaq-100 Index,NAS100
2023-12-04,16031.780000000004,16031.780000000004,15725.320000000003,15861.260000000004,706657,Nasdaq-100 Index,NAS100
2023-12-05,15861.260000000004,15967.070000000003,15767.650000000003,15906.730000000003,753466,Nasdaq-100 Index,NAS100
2023-12-06,15906.730000000003,16047.340000000004,15811.830000000004,15823.900000000003,729605,Nasdaq-100 Index,NAS100
2023-12-07,15823.900000000003,16077.940000000004,15802.920000000004,16029.490000000003,755548,Nasdaq-100 Index,NAS100
2023-12-08,16029.490000000003,16131.760000000004,15901.810000000003,16105.070000000003,734414,Nasdaq-100 Index,NAS100
2023-12-11,16105.070000000003,16267.830000000004,16065.680000000004,16263.640000000005,577774,Nasdaq-100 Index,NAS100
2023-12-12,16263.640000000005,16410.860000000004,16208.260000000004,16408.310000000005,514589,Nasdaq-100 Index,NAS100
2023-12-13,16408.310000000005,16617.690000000002,16390.300000000003,16574.490000000005,569545,Nasdaq-100 Index,NAS100
2023-12-14,16574.490000000005,16701.020000000004,16445.300000000003,16559.730000000003,578101,Nasdaq-100 Index,NAS100
2023-12-15,16559.730000000003,16724.590000000004,16559.730000000003,16654.390000000003,798361,Nasdaq-100 Index,NAS100
2023-12-18,16654.390000000003,16826.040000000005,16654.240000000005,16774.200000000004,623877,Nasdaq-100 Index,NAS100
2023-12-19,16774.200000000004,16880.770000000004,16762.260000000002,16877.100000000002,691674,Nasdaq-100 Index,NAS100
2023-12-20,16877.100000000002,16926.090000000004,16610.940000000002,16646.890000000003,727988,Nasdaq-100 Index,NAS100
2023-12-21,16646.890000000003,16828.670000000006,16646.890000000003,16808.600000000002,977125,Nasdaq-100 Index,NAS100
2023-12-22,16808.600000000002,16900.440000000002,16750.270000000004,16821.230000000003,834412,Nasdaq-100 Index,NAS100
2023-12-26,16821.230000000003,16980.090000000004,16821.230000000003,16959.140000000003,349201,Nasdaq-100 Index,NAS100
2023-12-27,16959.140000000003,17001.590000000004,16925.480000000003,16999.670000000006,634576,Nasdaq-100 Index,NAS100
2023-12-28,16999.670000000006,17027.400000000005,16940.660000000003,16952.340000000004,483096,Nasdaq-100 Index,NAS100
2023-12-29,16952.340000000004,16995.490000000005,16803.500000000004,16876.290000000005,618547,Nasdaq-100 Index,NAS100
2024-01-02,16876.290000000005,16910.520000000004,16497.050000000003,16605.580000000005,764266,Nasdaq-100 Index,NAS100
2024-01-03,16605.580000000005,16613.810000000005,16399.840000000004,16420.150000000005,904732,Nasdaq-100 Index,NAS100
2024-01-04,16420.150000000005,16468.580000000005,16317.710000000005,16332.280000000004,727950,Nasdaq-100 Index,NAS100
2024-01-05,16332.280000000004,16460.900000000005,16218.000000000004,16344.960000000005,737804,Nasdaq-100 Index,NAS100
2024-01-08,16344.960000000005,16702.470000000005,16268.950000000004,16679.400000000005,628064,Nasdaq-100 Index,NAS100
2024-01-09,16679.400000000005,16757.910000000003,16547.590000000004,16718.700000000004,725813,Nasdaq-100 Index,NAS100
2024-01-10,16718.700000000004,16874.650000000005,16693.500000000004,16847.810000000005,623792,Nasdaq-100 Index,NAS100
2024-01-11,16847.810000000005,16940.530000000002,16660.340000000004,16851.490000000005,644501,Nasdaq-100 Index,NAS100
2024-01-12,16851.490000000005,16937.910000000003,16761.270000000004,16845.830000000005,1031712,Nasdaq-100 Index,NAS100
2024-01-15,16845.830000000005,16925.460000000003,16839.110000000004,16872.360000000004,191439,Nasdaq-100 Index,NAS100
2024-01-16,16872.360000000004,16939.130000000005,16716.850000000002,16883.040000000005,1043493,Nasdaq-100 Index,NAS100
2024-01-17,16883.040000000005,16888.520000000004,16596.790000000005,16767.460000000003,882357,Nasdaq-100 Index,NAS100
2024-01-18,16767.460000000003,17036.860000000004,16744.940000000002,17027.650000000005,986566,Nasdaq-100 Index,NAS100
2024-01-19,17027.650000000005,17382.050000000003,17018.540000000005,17377.480000000003,938303,Nasdaq-100 Index,NAS100
2024-01-22,17377.480000000003,17500.960000000003,17350.710000000003,17371.630000000005,885463,Nasdaq-100 Index,NAS100
2024-01-23,17371.630000000005,17476.860000000004,17329.250000000004,17471.670000000006,670463,Nasdaq-100 Index,NAS100
2024-01-24,17471.670000000006,17713.930000000004,17471.670000000006,17551.100000000002,766116,Nasdaq-100 Index,NAS100
2024-01-25,17551.100000000002,17674.700000000004,17464.690000000002,17501.870000000003,983719,Nasdaq-100 Index,NAS100
2024-01-26,17501.870000000003,17556.630000000005,17391.090000000004,17426.310000000005,794217,Nasdaq-100 Index,NAS100
2024-01-29,17426.310000000005,17650.110000000004,17390.820000000003,17634.540000000005,646076,Nasdaq-100 Index,NAS100
2024-01-30,17634.540000000005,17670.640000000003,17402.120000000003,17405.570000000003,739165,Nasdaq-100 Index,NAS100
2024-01-31,17405.570000000003,17420.810000000005,17158.540000000005,17202.120000000003,1041368,Nasdaq-100 Index,NAS100
2024-02-01,17202.120000000003,17586.300000000003,17202.120000000003,17569.720000000005,911181,Nasdaq-100 Index,NAS100
2024-02-02,17569.720000000005,17718.510000000002,17411.990000000005,17641.800000000003,1014103,Nasdaq-100 Index,NAS100
2024-02-05,17641.800000000003,17694.380000000005,17504.890000000003,17652.060000000005,874562,Nasdaq-100 Index,NAS100
2024-02-06,17652.060000000005,17718.710000000003,17511.500000000004,17600.550000000003,891757,Nasdaq-100 Index,NAS100
2024-02-07,17600.550000000003,17829.250000000004,17582.970000000005,17810.050000000003,735733,Nasdaq-100 Index,NAS100
2024-02-08,17810.050000000003,17850.200000000004,17747.160000000003,17814.000000000004,608182,Nasdaq-100 Index,NAS100
2024-02-09,17814.000000000004,18027.03,17808.130000000005,17989.700000000004,587108,Nasdaq-100 Index,NAS100
2024-02-12,17989.700000000004,18081.890000000003,17871.610000000004,17889.880000000005,559664,Nasdaq-100 Index,NAS100
2024-02-13,17889.880000000005,17926.530000000002,17505.870000000003,17662.480000000003,919066,Nasdaq-100 Index,NAS100
2024-02-14,17662.480000000003,17851.100000000002,17633.180000000004,17837.640000000003,823222,Nasdaq-100 Index,NAS100
2024-02-15,17837.640000000003,17932.010000000002,17744.660000000003,17918.980000000003,748660,Nasdaq-100 Index,NAS100
2024-02-16,17918.980000000003,17992.140000000003,17681.250000000004,17689.580000000005,900920,Nasdaq-100 Index,NAS100
2024-02-19,17689.580000000005,17781.830000000005,17689.580000000005,17760.570000000003,203682,Nasdaq-100 Index,NAS100
2024-02-20,17760.570000000003,17765.040000000005,17430.210000000003,17559.250000000004,935057,Nasdaq-100 Index,NAS100
2024-02-21,17559.250000000004,17697.160000000003,17351.760000000002,17687.930000000004,850951,Nasdaq-100 Index,NAS100
2024-02-22,17687.930000000004,18067.700000000004,17656.170000000006,18004.500000000004,780663,Nasdaq-100 Index,NAS100
2024-02-23,18004.500000000004,18126.310000000005,17928.200000000004,17952.610000000004,821224,Nasdaq-100 Index,NAS100
2024-02-26,17952.610000000004,18049.290000000005,17912.020000000004,17939.340000000004,674427,Nasdaq-100 Index,NAS100
2024-02-27,17939.340000000004,18032.820000000003,17901.590000000004,18004.880000000005,711116,Nasdaq-100 Index,NAS100
2024-02-28,18004.880000000005,18014.460000000003,17841.450000000004,17855.780000000002,642584,Nasdaq-100 Index,NAS100
2024-02-29,17855.780000000002,18101.960000000003,17818.550000000003,18063.380000000005,731297,Nasdaq-100 Index,NAS100
2024-03-01,18063.380000000005,18367.220000000005,18023.880000000005,18318.650000000005,669103,Nasdaq-100 Index,NAS100
2024-03-04,18318.650000000005,18379.020000000004,18236.020000000004,18246.210000000003,607156,Nasdaq-100 Index,NAS100
2024-03-05,18246.210000000003,18254.900000000005,17836.170000000006,17986.100000000002,794180,Nasdaq-100 Index,NAS100
2024-03-06,17986.100000000002,18180.890000000003,17948.980000000003,18046.200000000004,938037,Nasdaq-100 Index,NAS100
2024-03-07,18046.200000000004,18367.28,17922.480000000003,18262.200000000004,820172,Nasdaq-100 Index,NAS100
2024-03-08,18262.200000000004,18445.19,18021.550000000003,18062.720000000005,1362889,Nasdaq-100 Index,NAS100
2024-03-11,18062.720000000005,18071.860000000004,17907.770000000004,18017.080000000005,1022515,Nasdaq-100 Index,NAS100
2024-03-12,18017.080000000005,18261.480000000003,17949.870000000003,18243.650000000005,820029,Nasdaq-100 Index,NAS100
2024-03-13,18243.650000000005,18278.620000000003,18055.900000000005,18126.340000000004,860174,Nasdaq-100 Index,NAS100
2024-03-14,18126.340000000004,18200.94,17938.840000000004,18041.020000000004,909447,Nasdaq-100 Index,NAS100
2024-03-15,18041.020000000004,18127.020000000004,17810.910000000003,17866.980000000003,913982,Nasdaq-100 Index,NAS100
2024-03-18,17866.980000000003,18196.480000000003,17866.980000000003,18042.78,791709,Nasdaq-100 Index,NAS100
2024-03-19,18042.78,18105.370000000003,17869.390000000003,18088.930000000004,845902,Nasdaq-100 Index,NAS100
2024-03-20,18088.930000000004,18359.120000000003,18041.730000000003,18356.310000000005,844762,Nasdaq-100 Index,NAS100
2024-03-21,18356.310000000005,18523.300000000003,18341.520000000004,18394.730000000003,752862,Nasdaq-100 Index,NAS100
2024-03-22,18394.730000000003,18442.78,18308.930000000004,18377.830000000005,690387,Nasdaq-100 Index,NAS100
2024-03-25,18377.830000000005,18425.67000000001,18239.810000000005,18358.250000000004,561184,Nasdaq-100 Index,NAS100
2024-03-26,18358.250000000004,18446.720000000005,18267.370000000003,18307.270000000004,618280,Nasdaq-100 Index,NAS100
2024-03-27,18307.270000000004,18403.1,18210.740000000005,18337.430000000004,726316,Nasdaq-100 Index,NAS100
2024-03-28,18337.430000000004,18371.19,18279.92000000001,18297.120000000003,646660,Nasdaq-100 Index,NAS100
2024-04-01,18297.120000000003,18454.620000000003,18258.120000000003,18340.570000000003,554700,Nasdaq-100 Index,NAS100
2024-04-02,18340.570000000003,18354.290000000005,18045.180000000004,18187.740000000005,685236,Nasdaq-100 Index,NAS100
2024-04-03,18187.740000000005,18298.140000000003,18078.860000000004,18234.450000000004,676629,Nasdaq-100 Index,NAS100
2024-04-04,18234.450000000004,18416.810000000005,17903.420000000006,17921.120000000003,865445,Nasdaq-100 Index,NAS100
2024-04-05,17921.120000000003,18262.430000000004,17906.460000000003,18152.85,1034701,Nasdaq-100 Index,NAS100
2024-04-08,18152.85,18234.980000000003,18097.470000000005,18170.69,820104,Nasdaq-100 Index,NAS100
2024-04-09,18170.69,18268.830000000005,18022.710000000003,18246.26,923059,Nasdaq-100 Index,NAS100
2024-04-10,18246.26,18332.430000000004,17918.360000000004,18056.540000000005,1293796,Nasdaq-100 Index,NAS100
2024-04-11,18056.540000000005,18386.490000000005,17962.530000000002,18352.92000000001,1024523,Nasdaq-100 Index,NAS100
2024-04-12,18352.92000000001,18374.67000000001,17987.950000000004,18057.620000000003,1051676,Nasdaq-100 Index,NAS100
2024-04-15,18057.620000000003,18229.340000000004,17720.720000000005,17753.160000000003,1197773,Nasdaq-100 Index,NAS100
2024-04-16,17753.160000000003,17872.260000000002,17676.370000000003,17778.690000000002,1300328,Nasdaq-100 Index,NAS100
2024-04-17,17778.690000000002,17854.930000000004,17503.460000000003,17550.150000000005,1182707,Nasdaq-100 Index,NAS100
2024-04-18,17550.150000000005,17661.870000000003,17397.350000000002,17420.810000000005,1104260,Nasdaq-100 Index,NAS100
2024-04-19,17420.810000000005,17447.680000000004,17009.140000000003,17069.380000000005,1618081,Nasdaq-100 Index,NAS100
2024-04-22,17069.380000000005,17354.390000000003,17055.140000000003,17251.320000000003,909011,Nasdaq-100 Index,NAS100
2024-04-23,17251.320000000003,17572.580000000005,17193.190000000002,17563.660000000003,688816,Nasdaq-100 Index,NAS100
2024-04-24,17563.660000000003,17703.160000000003,17388.880000000005,17415.220000000005,935802,Nasdaq-100 Index,NAS100
2024-04-25,17415.220000000005,17736.480000000003,17217.620000000003,17724.920000000006,1251607,Nasdaq-100 Index,NAS100
2024-04-26,17724.920000000006,17815.900000000005,17582.770000000004,17750.940000000002,944382,Nasdaq-100 Index,NAS100
2024-04-29,17750.940000000002,17869.120000000003,17711.120000000003,17832.170000000006,834397,Nasdaq-100 Index,NAS100
2024-04-30,17832.170000000006,17841.820000000003,17395.900000000005,17430.780000000002,789493,Nasdaq-100 Index,NAS100
2024-05-01,17430.780000000002,17719.130000000005,17326.490000000005,17401.680000000004,1157459,Nasdaq-100 Index,NAS100
2024-05-02,17401.680000000004,17683.860000000004,17316.760000000002,17672.310000000005,924534,Nasdaq-100 Index,NAS100
2024-05-03,17672.310000000005,17974.240000000005,17649.170000000006,17953.990000000005,849595,Nasdaq-100 Index,NAS100
2024-05-06,17953.990000000005,18135.900000000005,17918.400000000005,18120.35,477245,Nasdaq-100 Index,NAS100
2024-05-07,18120.35,18200.500000000004,18085.470000000005,18132.050000000003,565746,Nasdaq-100 Index,NAS100
2024-05-08,18132.050000000003,18179.570000000003,18009.550000000003,18098.120000000003,518855,Nasdaq-100 Index,NAS100
2024-05-09,18098.120000000003,18178.070000000003,18042.19,18158.570000000003,561861,Nasdaq-100 Index,NAS100
2024-05-10,18158.570000000003,18286.230000000003,18126.980000000003,18180.830000000005,543266,Nasdaq-100 Index,NAS100
2024-05-13,18180.830000000005,18282.300000000003,18174.770000000004,18232.35,491400,Nasdaq-100 Index,NAS100
2024-05-14,18232.35,18380.300000000003,18113.35,18357.6,508124,Nasdaq-100 Index,NAS100
2024-05-15,18357.6,18653.480000000003,18339.330000000005,18640.910000000003,618373,Nasdaq-100 Index,NAS100
2024-05-16,18640.910000000003,18705.050000000003,18577.53,18582.85,703617,Nasdaq-100 Index,NAS100
2024-05-17,18582.85,18633.460000000003,18492.240000000005,18579.790000000005,571107,Nasdaq-100 Index,NAS100
2024-05-20,18579.790000000005,18749.880000000005,18579.790000000005,18701.060000000005,471987,Nasdaq-100 Index,NAS100
2024-05-21,18701.060000000005,18766.150000000005,18635.650000000005,18756.320000000003,470356,Nasdaq-100 Index,NAS100
2024-05-22,18756.320000000003,18849.590000000004,18644.370000000003,18775.290000000005,621129,Nasdaq-100 Index,NAS100
2024-05-23,18775.290000000005,18984.070000000003,18583.970000000005,18648.400000000005,873481,Nasdaq-100 Index,NAS100
2024-05-24,18648.400000000005,18891.110000000004,18644.210000000003,18837.03,644586,Nasdaq-100 Index,NAS100
2024-05-27,18837.03,18928.310000000005,18806.160000000003,18923.680000000004,132398,Nasdaq-100 Index,NAS100
2024-05-28,18923.680000000004,18955.200000000004,18794.85,18925.900000000005,720036,Nasdaq-100 Index,NAS100
2024-05-29,18925.900000000005,18927.040000000005,18717.660000000003,18724.860000000004,744928,Nasdaq-100 Index,NAS100
2024-05-30,18724.860000000004,18767.180000000004,18527.380000000005,18576.01,746616,Nasdaq-100 Index,NAS100
2024-05-31,18576.01,18650.480000000003,18224.380000000005,18569.930000000004,1005223,Nasdaq-100 Index,NAS100
2024-06-03,18569.930000000004,18745.200000000004,18425.950000000004,18652.000000000004,920124,Nasdaq-100 Index,NAS100
2024-06-04,18652.000000000004,18744.040000000005,18502.020000000004,18696.220000000005,861738,Nasdaq-100 Index,NAS100
2024-06-05,18696.220000000005,19083.650000000005,18689.150000000005,19080.970000000005,642712,Nasdaq-100 Index,NAS100
2024-06-06,19080.970000000005,19118.070000000003,19013.1,19063.770000000004,712488,Nasdaq-100 Index,NAS100
2024-06-07,19063.770000000004,19149.990000000005,18934.460000000003,19014.790000000005,892531,Nasdaq-100 Index,NAS100
2024-06-10,19014.790000000005,19131.900000000005,18976.000000000004,19108.950000000004,710581,Nasdaq-100 Index,NAS100
2024-06-11,19108.950000000004,19261.810000000005,18999.710000000003,19253.01,742086,Nasdaq-100 Index,NAS100
2024-06-12,19253.01,19619.150000000005,19240.400000000005,19616.470000000005,978113,Nasdaq-100 Index,NAS100
2024-06-13,19616.470000000005,19691.19,19506.840000000004,19613.890000000003,748820,Nasdaq-100 Index,NAS100
2024-06-14,19613.890000000003,19704.570000000003,19506.820000000003,19698.520000000004,854526,Nasdaq-100 Index,NAS100
2024-06-17,19698.520000000004,20015.120000000003,19654.870000000003,19928.92000000001,734029,Nasdaq-100 Index,NAS100
2024-06-18,19928.92000000001,20009.810000000005,19868.76,19950.94,691216,Nasdaq-100 Index,NAS100
2024-06-19,19950.94,19996.35,19946.400000000005,19972.650000000005,113493,Nasdaq-100 Index,NAS100
2024-06-20,19972.650000000005,20117.53,19716.550000000003,19807.470000000005,924946,Nasdaq-100 Index,NAS100
2024-06-21,19807.470000000005,19882.710000000003,19711.860000000004,19806.53,794989,Nasdaq-100 Index,NAS100
2024-06-24,19806.53,19833.640000000003,19532.01,19555.840000000004,863304,Nasdaq-100 Index,NAS100
2024-06-25,19555.840000000004,19790.830000000005,19535.810000000005,19780.26,703474,Nasdaq-100 Index,NAS100
2024-06-26,19780.26,19879.990000000005,19710.620000000003,19763.19,795890,Nasdaq-100 Index,NAS100
2024-06-27,19763.19,19929.03,19686.500000000004,19879.950000000004,762848,Nasdaq-100 Index,NAS100
2024-06-28,19879.950000000004,20087.880000000005,19721.26,19787.310000000005,966988,Nasdaq-100 Index,NAS100
2024-07-01,19787.310000000005,19898.130000000005,19635.630000000005,19866.300000000003,1096753,Nasdaq-100 Index,NAS100
2024-07-02,19866.300000000003,20084.590000000004,19734.69,20065.640000000003,854057,Nasdaq-100 Index,NAS100
2024-07-03,20065.640000000003,20259.390000000003,20028.990000000005,20242.560000000005,595907,Nasdaq-100 Index,NAS100
2024-07-04,20242.560000000005,20242.560000000005,20194.930000000004,20204.230000000003,117546,Nasdaq-100 Index,NAS100
2024-07-05,20204.230000000003,20465.590000000004,20186.570000000003,20429.390000000003,810073,Nasdaq-100 Index,NAS100
2024-07-08,20429.390000000003,20520.700000000004,20412.050000000003,20516.870000000003,651248,Nasdaq-100 Index,NAS100
2024-07-09,20516.870000000003,20606.640000000003,20450.890000000003,20522.570000000003,720418,Nasdaq-100 Index,NAS100
2024-07-10,20522.570000000003,20754.540000000005,20522.210000000003,20733.840000000004,665280,Nasdaq-100 Index,NAS100
2024-07-11,20733.840000000004,20820.840000000004,20215.110000000004,20270.540000000005,1099313,Nasdaq-100 Index,NAS100
2024-07-12,20270.540000000005,20586.67000000001,20180.770000000004,20385.220000000005,955629,Nasdaq-100 Index,NAS100
2024-07-15,20385.220000000005,20650.040000000005,20359.790000000005,20478.970000000005,968029,Nasdaq-100 Index,NAS100
2024-07-16,20478.970000000005,20539.840000000004,20320.720000000005,20444.640000000003,912918,Nasdaq-100 Index,NAS100
2024-07-17,20444.640000000003,20456.050000000003,19824.42000000001,19875.620000000003,1254756,Nasdaq-100 Index,NAS100
2024-07-18,19875.620000000003,20029.42000000001,19626.19,19801.870000000003,1604930,Nasdaq-100 Index,NAS100
2024-07-19,19801.870000000003,19850.580000000005,19525.860000000004,19574.410000000003,1378701,Nasdaq-100 Index,NAS100
2024-07-22,19574.410000000003,19926.6,19574.410000000003,19862.900000000005,1170458,Nasdaq-100 Index,NAS100
2024-07-23,19862.900000000005,19966.750000000004,19750.1,19828.050000000003,945877,Nasdaq-100 Index,NAS100
2024-07-24,19828.050000000003,19828.050000000003,19055.080000000005,19154.710000000003,1122170,Nasdaq-100 Index,NAS100
2024-07-25,19154.710000000003,19285.750000000004,18778.550000000003,18889.550000000003,1909057,Nasdaq-100 Index,NAS100
2024-07-26,18889.550000000003,19197.560000000005,18889.550000000003,19078.610000000004,1405380,Nasdaq-100 Index,NAS100
2024-07-29,19078.610000000004,19282.890000000003,19019.26,19127.44,1196060,Nasdaq-100 Index,NAS100
2024-07-30,19127.44,19227.370000000003,18633.42000000001,18768.67000000001,1376084,Nasdaq-100 Index,NAS100
2024-07-31,18768.67000000001,19557.300000000003,18768.67000000001,19495.180000000004,1437270,Nasdaq-100 Index,NAS100
2024-08-01,19495.180000000004,19626.500000000004,18763.750000000004,18877.830000000005,1948949,Nasdaq-100 Index,NAS100
2024-08-02,18877.830000000005,18895.550000000003,18302.450000000004,18449.880000000005,2101426,Nasdaq-100 Index,NAS100
2024-08-05,18449.880000000005,18449.880000000005,17280.140000000003,18072.890000000003,1661028,Nasdaq-100 Index,NAS100
2024-08-06,18072.890000000003,18418.240000000005,17901.990000000005,18035.410000000003,1686201,Nasdaq-100 Index,NAS100
2024-08-07,18035.410000000003,18493.820000000003,17771.550000000003,17791.490000000005,1799095,Nasdaq-100 Index,NAS100
2024-08-08,17791.490000000005,18532.480000000003,17682.930000000004,18497.680000000004,1487378,Nasdaq-100 Index,NAS100
2024-08-09,18497.680000000004,18611.890000000003,18320.490000000005,18538.320000000003,1357957,Nasdaq-100 Index,NAS100
2024-08-12,18538.320000000003,18706.42000000001,18454.720000000005,18567.1,1033972,Nasdaq-100 Index,NAS100
2024-08-13,18567.1,19064.92000000001,18567.1,19043.790000000005,847918,Nasdaq-100 Index,NAS100
2024-08-14,19043.790000000005,19147.540000000005,18869.67000000001,19091.090000000004,1049149,Nasdaq-100 Index,NAS100
2024-08-15,19091.090000000004,19545.880000000005,19042.85,19510.930000000004,821990,Nasdaq-100 Index,NAS100
2024-08-16,19510.930000000004,19621.01,19386.01,19551.080000000005,857729,Nasdaq-100 Index,NAS100
2024-08-19,19551.080000000005,19818.880000000005,19472.880000000005,19800.450000000004,700603,Nasdaq-100 Index,NAS100
2024-08-20,19800.450000000004,19879.740000000005,19692.51,19753.69,796227,Nasdaq-100 Index,NAS100
2024-08-21,19753.69,19934.140000000003,19723.890000000003,19869.820000000003,860751,Nasdaq-100 Index,NAS100
2024-08-22,19869.820000000003,19979.900000000005,19496.900000000005,19566.320000000003,1104094,Nasdaq-100 Index,NAS100
2024-08-23,19566.320000000003,19861.290000000005,19550.290000000005,19738.840000000004,1097161,Nasdaq-100 Index,NAS100
2024-08-26,19738.840000000004,19811.560000000005,19472.090000000004,19515.140000000003,1028092,Nasdaq-100 Index,NAS100
2024-08-27,19515.140000000003,19663.700000000004,19411.120000000003,19604.870000000003,929357,Nasdaq-100 Index,NAS100
2024-08-28,19604.870000000003,19661.990000000005,19199.060000000005,19282.810000000005,1100798,Nasdaq-100 Index,NAS100
2024-08-29,19282.810000000005,19667.480000000003,19116.400000000005,19422.520000000004,1434134,Nasdaq-100 Index,NAS100
2024-08-30,19422.520000000004,19611.680000000004,19349.050000000003,19578.1,1093259,Nasdaq-100 Index,NAS100
2024-09-02,19578.1,19654.300000000003,19495.650000000005,19632.550000000003,198584,Nasdaq-100 Index,NAS100
2024-09-03,19632.550000000003,19669.090000000004,18897.990000000005,18980.410000000003,1239295,Nasdaq-100 Index,NAS100
2024-09-04,18980.410000000003,19105.1,18815.830000000005,18953.650000000005,1306219,Nasdaq-100 Index,NAS100
2024-09-05,18953.650000000005,19142.710000000003,18820.26,18916.890000000003,1218241,Nasdaq-100 Index,NAS100
2024-09-06,18916.890000000003,18967.1,18353.230000000003,18358.180000000004,1539468,Nasdaq-100 Index,NAS100
2024-09-09,18358.180000000004,18737.610000000004,18358.180000000004,18725.94,1096507,Nasdaq-100 Index,NAS100
2024-09-10,18725.94,18883.790000000005,18587.76,18840.460000000003,1112953,Nasdaq-100 Index,NAS100
2024-09-11,18840.460000000003,19301.500000000004,18555.500000000004,19255.680000000004,1492919,Nasdaq-100 Index,NAS100
2024-09-12,19255.680000000004,19493.610000000004,19195.980000000003,19423.660000000003,1316387,Nasdaq-100 Index,NAS100
2024-09-13,19423.660000000003,19587.660000000003,19408.910000000003,19527.330000000005,975256,Nasdaq-100 Index,NAS100
2024-09-16,19527.330000000005,19564.310000000005,19317.710000000003,19437.130000000005,910574,Nasdaq-100 Index,NAS100
2024-09-17,19437.130000000005,19636.19,19361.820000000003,19470.990000000005,1195232,Nasdaq-100 Index,NAS100
2024-09-18,19470.990000000005,19684.960000000003,19354.26,19429.26,720683,Nasdaq-100 Index,NAS100
2024-09-19,19429.26,19990.51,19427.310000000005,19847.680000000004,925718,Nasdaq-100 Index,NAS100
2024-09-20,19847.680000000004,19912.94,19688.820000000003,19841.740000000005,896915,Nasdaq-100 Index,NAS100
2024-09-23,19841.740000000005,20001.370000000003,19793.490000000005,19901.570000000003,798393,Nasdaq-100 Index,NAS100
2024-09-24,19901.570000000003,20055.340000000004,19793.470000000005,20025.640000000003,813816,Nasdaq-100 Index,NAS100
2024-09-25,20025.640000000003,20113.910000000003,19906.51,20084.460000000003,753343,Nasdaq-100 Index,NAS100
2024-09-26,20084.460000000003,20382.540000000005,20033.310000000005,20190.990000000005,919604,Nasdaq-100 Index,NAS100
2024-09-27,20190.990000000005,20241.03,20019.300000000003,20045.230000000003,859289,Nasdaq-100 Index,NAS100
2024-09-30,20045.230000000003,20141.300000000003,19910.6,20087.6,871307,Nasdaq-100 Index,NAS100
2024-10-01,20087.6,20185.050000000003,19672.070000000003,19816.490000000005,1219021,Nasdaq-100 Index,NAS100
2024-10-02,19816.490000000005,19945.730000000003,19689.860000000004,19912.28,933716,Nasdaq-100 Index,NAS100
2024-10-03,19912.28,19972.140000000003,19709.990000000005,19817.44,1074987,Nasdaq-100 Index,NAS100
2024-10-04,19817.44,20124.120000000003,19802.370000000003,20062.69,1014312,Nasdaq-100 Index,NAS100
2024-10-07,20062.69,20129.180000000004,19813.26,19882.310000000005,1014554,Nasdaq-100 Index,NAS100
2024-10-08,19882.310000000005,20197.750000000004,19769.800000000003,20154.430000000004,887307,Nasdaq-100 Index,NAS100
2024-10-09,20154.430000000004,20350.750000000004,20063.85,20316.800000000003,813368,Nasdaq-100 Index,NAS100
2024-10-10,20316.800000000003,20377.320000000003,20170.820000000003,20302.500000000004,868940,Nasdaq-100 Index,NAS100
2024-10-11,20302.500000000004,20366.000000000004,20186.380000000005,20291.180000000004,686843,Nasdaq-100 Index,NAS100
2024-10-14,20291.180000000004,20559.630000000005,20262.980000000003,20518.060000000005,550485,Nasdaq-100 Index,NAS100
2024-10-15,20518.060000000005,20540.480000000003,20134.980000000003,20214.650000000005,988048,Nasdaq-100 Index,NAS100
2024-10-16,20214.650000000005,20283.900000000005,20092.92000000001,20212.840000000004,770443,Nasdaq-100 Index,NAS100
2024-10-17,20212.840000000004,20482.410000000003,20165.410000000003,20272.990000000005,921532,Nasdaq-100 Index,NAS100
2024-10-18,20272.990000000005,20420.970000000005,20212.070000000003,20383.640000000003,642127,Nasdaq-100 Index,NAS100
2024-10-21,20383.640000000003,20453.000000000004,20242.480000000003,20437.050000000003,693584,Nasdaq-100 Index,NAS100
2024-10-22,20437.050000000003,20502.520000000004,20260.620000000003,20420.070000000003,701137,Nasdaq-100 Index,NAS100
2024-10-23,20420.070000000003,20445.630000000005,19982.650000000005,20178.570000000003,898223,Nasdaq-100 Index,NAS100
2024-10-24,20178.570000000003,20335.180000000004,20170.580000000005,20299.880000000005,760086,Nasdaq-100 Index,NAS100
2024-10-25,20299.880000000005,20617.860000000004,20274.210000000003,20386.160000000003,779611,Nasdaq-100 Index,NAS100
2024-10-28,20386.160000000003,20594.040000000005,20386.160000000003,20425.240000000005,798690,Nasdaq-100 Index,NAS100
2024-10-29,20425.240000000005,20680.330000000005,20352.860000000004,20628.410000000003,774968,Nasdaq-100 Index,NAS100
2024-10-30,20628.410000000003,20710.17000000001,20395.290000000005,20428.990000000005,899528,Nasdaq-100 Index,NAS100
2024-10-31,20428.990000000005,20428.990000000005,19934.180000000004,19966.370000000003,1179727,Nasdaq-100 Index,NAS100
2024-11-01,19966.370000000003,20217.860000000004,19947.960000000003,20101.28,1040812,Nasdaq-100 Index,NAS100
2024-11-04,20101.28,20185.580000000005,19950.610000000004,20051.03,924264,Nasdaq-100 Index,NAS100
2024-11-05,20051.03,20324.890000000003,19981.640000000003,20303.840000000004,774892,Nasdaq-100 Index,NAS100
2024-11-06,20303.840000000004,20876.17000000001,20264.490000000005,20864.370000000003,1085094,Nasdaq-100 Index,NAS100
2024-11-07,20864.370000000003,21193.770000000004,20801.870000000003,21164.820000000003,811302,Nasdaq-100 Index,NAS100
2024-11-08,21164.820000000003,21202.770000000004,21059.500000000004,21167.320000000003,681109,Nasdaq-100 Index,NAS100
2024-11-11,21167.320000000003,21285.790000000005,21044.19,21155.870000000003,704012,Nasdaq-100 Index,NAS100
2024-11-12,21155.870000000003,21200.080000000005,21003.580000000005,21126.620000000003,846044,Nasdaq-100 Index,NAS100
2024-11-13,21126.620000000003,21219.730000000003,21008.150000000005,21117.53,899857,Nasdaq-100 Index,NAS100
2024-11-14,21117.53,21144.1,20904.220000000005,20935.550000000003,979233,Nasdaq-100 Index,NAS100
2024-11-15,20935.550000000003,20935.550000000003,20359.390000000003,20447.94,1026053,Nasdaq-100 Index,NAS100
2024-11-18,20447.94,20686.250000000004,20438.220000000005,20592.800000000003,807495,Nasdaq-100 Index,NAS100
2024-11-19,20592.800000000003,20756.390000000003,20346.110000000004,20718.310000000005,1036413,Nasdaq-100 Index,NAS100
2024-11-20,20718.310000000005,20808.800000000003,20443.450000000004,20703.120000000003,945481,Nasdaq-100 Index,NAS100
2024-11-21,20703.120000000003,20870.710000000003,20479.090000000004,20759.01,1411833,Nasdaq-100 Index,NAS100
2024-11-22,20759.01,20847.560000000005,20660.540000000005,20840.360000000004,1144011,Nasdaq-100 Index,NAS100
2024-11-25,20840.360000000004,21055.860000000004,20755.230000000003,20875.660000000003,990042,Nasdaq-100 Index,NAS100
2024-11-26,20875.660000000003,21002.000000000004,20732.230000000003,20975.930000000004,893264,Nasdaq-100 Index,NAS100
2024-11-27,20975.930000000004,20996.250000000004,20653.270000000004,20784.820000000003,776044,Nasdaq-100 Index,NAS100
2024-11-28,20784.820000000003,20891.060000000005,20784.820000000003,20865.730000000003,122019,Nasdaq-100 Index,NAS100
2024-11-29,20865.730000000003,21001.180000000004,20789.680000000004,20975.050000000003,461773,Nasdaq-100 Index,NAS100
2024-12-02,20975.050000000003,21250.140000000003,20930.240000000005,21201.320000000003,723458,Nasdaq-100 Index,NAS100
2024-12-03,21201.320000000003,21320.120000000003,21126.520000000004,21316.320000000003,626834,Nasdaq-100 Index,NAS100
2024-12-04,21316.320000000003,21542.790000000005,21299.76,21511.590000000004,627274,Nasdaq-100 Index,NAS100
2024-12-05,21511.590000000004,21563.51,21433.610000000004,21449.94,623988,Nasdaq-100 Index,NAS100
2024-12-06,21449.94,21663.680000000004,21419.03,21625.480000000003,640946,Nasdaq-100 Index,NAS100
2024-12-09,21625.480000000003,21706.980000000003,21437.430000000004,21474.180000000004,679175,Nasdaq-100 Index,NAS100
2024-12-10,21474.180000000004,21610.570000000003,21356.820000000003,21438.750000000004,688895,Nasdaq-100 Index,NAS100
2024-12-11,21438.750000000004,21826.26,21411.730000000003,21761.930000000004,655364,Nasdaq-100 Index,NAS100
2024-12-12,21761.930000000004,21780.720000000005,21612.720000000005,21639.540000000005,662262,Nasdaq-100 Index,NAS100
2024-12-13,21639.540000000005,21917.85,21639.540000000005,21771.270000000004,810476,Nasdaq-100 Index,NAS100
2024-12-16,21771.270000000004,22169.520000000004,21771.270000000004,22129.19,779374,Nasdaq-100 Index,NAS100
2024-12-17,22129.19,22143.980000000003,21962.380000000005,22024.680000000004,1013587,Nasdaq-100 Index,NAS100
2024-12-18,22024.680000000004,22105.6,21054.800000000003,21201.430000000004,1020948,Nasdaq-100 Index,NAS100
2024-12-19,21201.430000000004,21449.290000000005,21101.210000000003,21168.460000000003,1018018,Nasdaq-100 Index,NAS100
2024-12-20,21168.460000000003,21593.700000000004,20788.300000000003,21319.750000000004,1621662,Nasdaq-100 Index,NAS100
2024-12-23,21319.750000000004,21575.730000000003,21275.980000000003,21536.53,1093556,Nasdaq-100 Index,NAS100
2024-12-24,21536.53,21857.610000000004,21516.830000000005,21854.480000000003,497581,Nasdaq-100 Index,NAS100
2024-12-26,21854.480000000003,21905.210000000003,21678.480000000003,21791.160000000003,735656,Nasdaq-100 Index,NAS100
2024-12-27,21791.160000000003,21825.460000000003,21317.110000000004,21533.660000000003,1162514,Nasdaq-100 Index,NAS100
2024-12-30,21533.660000000003,21575.28,21087.360000000004,21222.160000000003,1067752,Nasdaq-100 Index,NAS100
2024-12-31,21222.160000000003,21368.790000000005,21026.44,21104.69,892035,Nasdaq-100 Index,NAS100
2025-01-02,21104.69,21348.67000000001,20842.320000000003,21040.870000000003,1452125,Nasdaq-100 Index,NAS100
2025-01-03,21040.870000000003,21426.570000000003,21011.290000000005,21355.990000000005,863898,Nasdaq-100 Index,NAS100
2025-01-06,21355.990000000005,21767.820000000003,21349.740000000005,21651.870000000003,1131229,Nasdaq-100 Index,NAS100
2025-01-07,21651.870000000003,21677.210000000003,21150.960000000003,21246.26,1488101,Nasdaq-100 Index,NAS100
2025-01-08,21246.26,21323.160000000003,21041.810000000005,21201.240000000005,1537436,Nasdaq-100 Index,NAS100
2025-01-09,21201.240000000005,21224.800000000003,21095.180000000004,21179.330000000005,243903,Nasdaq-100 Index,NAS100
2025-01-10,21179.330000000005,21252.040000000005,20757.240000000005,20874.370000000003,1488494,Nasdaq-100 Index,NAS100
2025-01-13,20874.370000000003,20926.050000000003,20583.930000000004,20881.500000000004,1469636,Nasdaq-100 Index,NAS100
2025-01-14,20881.500000000004,21036.270000000004,20666.92000000001,20870.35,1494705,Nasdaq-100 Index,NAS100
2025-01-15,20870.35,21348.480000000003,20804.330000000005,21272.660000000003,1058208,Nasdaq-100 Index,NAS100
2025-01-16,21272.660000000003,21460.570000000003,21066.44,21108.640000000003,1402311,Nasdaq-100 Index,NAS100
2025-01-17,21108.640000000003,21575.620000000003,21106.67000000001,21486.870000000003,1096999,Nasdaq-100 Index,NAS100
2025-01-20,21486.870000000003,21681.980000000003,21430.03,21584.480000000003,439084,Nasdaq-100 Index,NAS100
2025-01-21,21584.480000000003,21688.700000000004,21282.150000000005,21678.53,1148942,Nasdaq-100 Index,NAS100
2025-01-22,21678.53,22000.590000000004,21675.890000000003,21892.270000000004,853499,Nasdaq-100 Index,NAS100
2025-01-23,21892.270000000004,21957.970000000005,21763.090000000004,21929.67000000001,799888,Nasdaq-100 Index,NAS100
2025-01-24,21929.67000000001,21987.94,21754.070000000003,21810.370000000003,874327,Nasdaq-100 Index,NAS100
2025-01-27,21810.370000000003,21810.370000000003,20682.550000000003,21223.370000000003,2334988,Nasdaq-100 Index,NAS100
2025-01-28,21223.370000000003,21551.230000000003,21085.400000000005,21483.78,1359893,Nasdaq-100 Index,NAS100
2025-01-29,21483.78,21622.830000000005,21293.400000000005,21500.03,1437713,Nasdaq-100 Index,NAS100
2025-01-30,21500.03,21677.500000000004,21348.500000000004,21539.290000000005,1437204,Nasdaq-100 Index,NAS100
2025-01-31,21539.290000000005,21896.580000000005,21464.560000000005,21491.51,1446934,Nasdaq-100 Index,NAS100
2025-02-03,21491.51,21515.130000000005,20880.380000000005,21489.130000000005,1716220,Nasdaq-100 Index,NAS100
2025-02-04,21489.130000000005,21634.35,21182.770000000004,21523.140000000003,964515,Nasdaq-100 Index,NAS100
2025-02-05,21523.140000000003,21736.460000000003,21371.460000000003,21712.03,935206,Nasdaq-100 Index,NAS100
2025-02-06,21712.03,21825.450000000004,21649.680000000004,21788.000000000004,810442,Nasdaq-100 Index,NAS100
2025-02-07,21788.000000000004,21912.020000000004,21497.44,21529.19,1306118,Nasdaq-100 Index,NAS100
2025-02-10,21529.19,21844.380000000005,21369.050000000003,21787.180000000004,669524,Nasdaq-100 Index,NAS100
2025-02-11,21787.180000000004,21822.720000000005,21620.94,21743.520000000004,721743,Nasdaq-100 Index,NAS100
2025-02-12,21743.520000000004,21816.1,21464.730000000003,21815.550000000003,979253,Nasdaq-100 Index,NAS100
2025-02-13,21815.550000000003,22080.360000000004,21709.710000000003,22031.660000000003,967338,Nasdaq-100 Index,NAS100
2025-02-14,22031.660000000003,22178.69,21997.290000000005,22156.490000000005,664676,Nasdaq-100 Index,NAS100
2025-02-17,22156.490000000005,22243.820000000003,22155.470000000005,22194.020000000004,176302,Nasdaq-100 Index,NAS100
2025-02-18,22194.020000000004,22284.460000000003,22068.490000000005,22189.540000000005,754700,Nasdaq-100 Index,NAS100
2025-02-19,22189.540000000005,22267.040000000005,22085.67000000001,22190.090000000004,729653,Nasdaq-100 Index,NAS100
2025-02-20,22190.090000000004,22200.610000000004,21917.26,22101.680000000004,907305,Nasdaq-100 Index,NAS100
2025-02-21,22101.680000000004,22213.550000000003,21631.450000000004,21635.250000000004,1152609,Nasdaq-100 Index,NAS100
2025-02-24,21635.250000000004,21788.770000000004,21384.020000000004,21403.720000000005,1326000,Nasdaq-100 Index,NAS100
2025-02-25,21403.720000000005,21431.890000000003,20970.540000000005,21175.720000000005,1738239,Nasdaq-100 Index,NAS100
2025-02-26,21175.720000000005,21392.370000000003,21047.740000000005,21257.660000000003,1377422,Nasdaq-100 Index,NAS100
2025-02-27,21257.660000000003,21372.070000000003,20568.570000000003,20618.020000000004,1916304,Nasdaq-100 Index,NAS100
2025-02-28,20618.020000000004,20930.960000000003,20447.210000000003,20883.640000000003,1919218,Nasdaq-100 Index,NAS100
2025-03-03,20883.640000000003,21114.390000000003,20310.19,20524.070000000003,2312805,Nasdaq-100 Index,NAS100
2025-03-04,20524.070000000003,20729.730000000003,20072.53,20532.03,2665846,Nasdaq-100 Index,NAS100
2025-03-05,20532.03,20723.53,20213.78,20608.830000000005,2233564,Nasdaq-100 Index,NAS100
2025-03-06,20608.830000000005,20647.060000000005,20003.210000000003,20174.380000000005,2354620,Nasdaq-100 Index,NAS100
2025-03-07,20174.380000000005,20287.35,19766.85,20199.900000000005,2273400,Nasdaq-100 Index,NAS100
2025-03-10,20199.900000000005,20199.900000000005,19278.770000000004,19478.570000000003,2159838,Nasdaq-100 Index,NAS100
2025-03-11,19478.570000000003,19696.490000000005,19149.410000000003,19410.290000000005,2034226,Nasdaq-100 Index,NAS100
2025-03-12,19410.290000000005,19798.330000000005,19398.76,19584.210000000003,1953371,Nasdaq-100 Index,NAS100
2025-03-13,19584.210000000003,19706.790000000005,19183.69,19307.610000000004,2109336,Nasdaq-100 Index,NAS100
2025-03-14,19307.610000000004,19755.750000000004,19307.610000000004,19681.180000000004,1723054,Nasdaq-100 Index,NAS100
2025-03-17,19681.180000000004,19978.500000000004,19570.17000000001,19850.17000000001,1785990,Nasdaq-100 Index,NAS100
2025-03-18,19850.17000000001,19879.490000000005,19419.810000000005,19518.44,2018684,Nasdaq-100 Index,NAS100
2025-03-19,19518.44,19959.790000000005,19478.890000000003,19762.210000000003,1359884,Nasdaq-100 Index,NAS100
2025-03-20,19762.210000000003,19921.840000000004,19553.01,19712.380000000005,1333582,Nasdaq-100 Index,NAS100
2025-03-21,19712.380000000005,19805.290000000005,19430.990000000005,19791.740000000005,1427827,Nasdaq-100 Index,NAS100
2025-03-24,19791.740000000005,20247.570000000003,19791.740000000005,20195.490000000005,872310,Nasdaq-100 Index,NAS100
2025-03-25,20195.490000000005,20372.42000000001,20141.42000000001,20365.240000000005,795100,Nasdaq-100 Index,NAS100
2025-03-26,20365.240000000005,20390.840000000004,19899.620000000003,19945.42000000001,1119301,Nasdaq-100 Index,NAS100
2025-03-27,19945.42000000001,20059.710000000003,19798.840000000004,19857.640000000003,1472205,Nasdaq-100 Index,NAS100
2025-03-28,19857.640000000003,19875.410000000003,19246.660000000003,19253.990000000005,1467642,Nasdaq-100 Index,NAS100
2025-03-31,19253.990000000005,19365.330000000005,18853.580000000005,19289.250000000004,1967195,Nasdaq-100 Index,NAS100
2025-04-01,19289.250000000004,19521.500000000004,19139.500000000004,19475.930000000004,1930367,Nasdaq-100 Index,NAS100
2025-04-02,19475.930000000004,19922.710000000003,18955.410000000003,19015.660000000003,2026560,Nasdaq-100 Index,NAS100
2025-04-03,19015.660000000003,19052.630000000005,18489.750000000004,18523.580000000005,2493912,Nasdaq-100 Index,NAS100
2025-04-04,18523.580000000005,18601.94,17276.070000000003,17404.270000000004,3828528,Nasdaq-100 Index,NAS100
2025-04-07,17404.270000000004,18267.78,16363.580000000002,17537.950000000004,2957231,Nasdaq-100 Index,NAS100
2025-04-08,17537.950000000004,18264.140000000003,16881.440000000002,17141.310000000005,3263491,Nasdaq-100 Index,NAS100
2025-04-09,17141.310000000005,19296.800000000003,16649.100000000002,19266.6,2912106,Nasdaq-100 Index,NAS100
2025-04-10,19266.6,19277.980000000003,17812.050000000003,18396.800000000003,3642145,Nasdaq-100 Index,NAS100
2025-04-11,18396.800000000003,18777.980000000003,17971.780000000002,18734.78,2784283,Nasdaq-100 Index,NAS100
2025-04-14,18734.78,19163.360000000004,18646.51,18810.94,2156268,Nasdaq-100 Index,NAS100
2025-04-15,18810.94,19053.580000000005,18718.380000000005,18847.01,1728740,Nasdaq-100 Index,NAS100
2025-04-16,18847.01,18847.01,18027.290000000005,18279.340000000004,1980217,Nasdaq-100 Index,NAS100
2025-04-17,18279.340000000004,18569.080000000005,18179.480000000003,18341.650000000005,2039749,Nasdaq-100 Index,NAS100
2025-04-21,18341.650000000005,18341.650000000005,17626.870000000003,17839.670000000006,1211702,Nasdaq-100 Index,NAS100
2025-04-22,17839.670000000006,18445.050000000003,17795.600000000002,18290.6,1585221,Nasdaq-100 Index,NAS100
2025-04-23,18290.6,19095.970000000005,18290.6,18780.390000000003,2140673,Nasdaq-100 Index,NAS100
2025-04-24,18780.390000000003,19342.390000000003,18524.390000000003,19278.960000000003,1396321,Nasdaq-100 Index,NAS100
2025-04-25,19278.960000000003,19507.53,19144.660000000003,19470.360000000004,1601798,Nasdaq-100 Index,NAS100
2025-04-28,19470.360000000004,19556.360000000004,19191.28,19416.910000000003,1252481,Nasdaq-100 Index,NAS100
2025-04-29,19416.910000000003,19623.480000000003,19314.710000000003,19549.710000000003,1354530,Nasdaq-100 Index,NAS100
2025-04-30,19549.710000000003,19813.370000000003,19039.820000000003,19782.070000000003,1764164,Nasdaq-100 Index,NAS100
2025-05-01,19782.070000000003,20063.470000000005,19695.69,19735.770000000004,1372379,Nasdaq-100 Index,NAS100
2025-05-02,19735.770000000004,20214.950000000004,19687.930000000004,20127.380000000005,1410564,Nasdaq-100 Index,NAS100
2025-05-05,20127.380000000005,20134.500000000004,19909.85,19984.67000000001,1003815,Nasdaq-100 Index,NAS100
2025-05-06,19984.67000000001,19984.67000000001,19685.490000000005,19792.92000000001,1264338,Nasdaq-100 Index,NAS100
2025-05-07,19792.92000000001,20082.000000000004,19628.580000000005,19907.380000000005,1799964,Nasdaq-100 Index,NAS100
2025-05-08,19907.380000000005,20288.880000000005,19862.230000000003,20106.550000000003,1410742,Nasdaq-100 Index,NAS100
2025-05-09,20106.550000000003,20235.610000000004,20010.380000000005,20082.930000000004,1160635,Nasdaq-100 Index,NAS100
2025-05-12,20082.930000000004,20952.500000000004,20082.930000000004,20913.400000000005,1267490,Nasdaq-100 Index,NAS100
2025-05-13,20913.400000000005,21301.400000000005,20773.28,21209.680000000004,989269,Nasdaq-100 Index,NAS100
2025-05-14,21209.680000000004,21374.660000000003,21194.040000000005,21355.560000000005,1048314,Nasdaq-100 Index,NAS100
2025-05-15,21355.560000000005,21483.53,21145.910000000003,21349.560000000005,1023468,Nasdaq-100 Index,NAS100
2025-05-16,21349.560000000005,21464.1,21272.500000000004,21447.78,778018,Nasdaq-100 Index,NAS100
2025-05-19,21447.78,21502.680000000004,21071.930000000004,21476.480000000003,953268,Nasdaq-100 Index,NAS100
2025-05-20,21476.480000000003,21523.320000000003,21259.490000000005,21381.490000000005,929137,Nasdaq-100 Index,NAS100
2025-05-21,21381.490000000005,21522.500000000004,21036.750000000004,21109.67000000001,1458721,Nasdaq-100 Index,NAS100
2025-05-22,21109.67000000001,21304.110000000004,21007.360000000004,21181.540000000005,1299234,Nasdaq-100 Index,NAS100
2025-05-23,21181.540000000005,21202.960000000003,20696.540000000005,20906.340000000004,1481795,Nasdaq-100 Index,NAS100
2025-05-26,20906.340000000004,21284.770000000004,20906.340000000004,21261.270000000004,272890,Nasdaq-100 Index,NAS100
2025-05-27,21261.270000000004,21467.900000000005,21121.400000000005,21455.950000000004,786598,Nasdaq-100 Index,NAS100
2025-05-28,21455.950000000004,21547.69,21301.860000000004,21504.490000000005,877877,Nasdaq-100 Index,NAS100
2025-05-29,21504.490000000005,21842.200000000004,21284.750000000004,21368.880000000005,1454568,Nasdaq-100 Index,NAS100
2025-05-30,21368.880000000005,21416.820000000003,21055.320000000003,21344.240000000005,1418398,Nasdaq-100 Index,NAS100
2025-06-02,21344.240000000005,21567.730000000003,21154.610000000004,21545.660000000003,1075081,Nasdaq-100 Index,NAS100
2025-06-03,21545.660000000003,21753.220000000005,21392.970000000005,21682.150000000005,857069,Nasdaq-100 Index,NAS100
2025-06-04,21682.150000000005,21796.310000000005,21635.69,21741.860000000004,882876,Nasdaq-100 Index,NAS100
2025-06-05,21741.860000000004,21926.270000000004,21499.150000000005,21508.19,1436749,Nasdaq-100 Index,NAS100
2025-06-06,21508.19,21867.960000000003,21466.76,21805.76,1071922,Nasdaq-100 Index,NAS100
2025-06-09,21805.76,21893.180000000004,21720.800000000003,21825.6,736564,Nasdaq-100 Index,NAS100
2025-06-10,21825.6,21998.42000000001,21739.050000000003,21957.6,925083,Nasdaq-100 Index,NAS100
2025-06-11,21957.6,22102.360000000004,21799.730000000003,21890.53,1167395,Nasdaq-100 Index,NAS100
2025-06-12,21890.53,21988.730000000003,21724.78,21920.160000000003,894386,Nasdaq-100 Index,NAS100
2025-06-13,21920.160000000003,21924.040000000005,21482.290000000005,21671.290000000005,1426070,Nasdaq-100 Index,NAS100
2025-06-16,21671.290000000005,22014.76,21520.430000000004,21956.430000000004,914777,Nasdaq-100 Index,NAS100
2025-06-17,21956.430000000004,21968.050000000003,21706.050000000003,21747.85,1285884,Nasdaq-100 Index,NAS100
2025-06-18,21747.85,21895.620000000003,21663.990000000005,21754.790000000005,997849,Nasdaq-100 Index,NAS100
2025-06-19,21754.790000000005,21764.000000000004,21454.500000000004,21522.250000000004,243896,Nasdaq-100 Index,NAS100
2025-06-20,21522.250000000004,21939.070000000003,21522.250000000004,21679.870000000003,1133869,Nasdaq-100 Index,NAS100
2025-06-23,21679.870000000003,21911.19,21385.240000000005,21890.240000000005,1239369,Nasdaq-100 Index,NAS100
2025-06-24,21890.240000000005,22276.570000000003,21890.240000000005,22235.870000000003,806932,Nasdaq-100 Index,NAS100
2025-06-25,22235.870000000003,22386.69,22223.740000000005,22310.870000000003,702254,Nasdaq-100 Index,NAS100
2025-06-26,22310.870000000003,22532.140000000003,22277.140000000003,22511.310000000005,647762,Nasdaq-100 Index,NAS100
2025-06-27,22511.310000000005,22660.980000000003,22439.610000000004,22572.28,812571,Nasdaq-100 Index,NAS100
2025-06-30,22572.28,22779.460000000003,22572.28,22711.140000000003,690778,Nasdaq-100 Index,NAS100
2025-07-01,22711.140000000003,22761.290000000005,22441.210000000003,22538.340000000004,901730,Nasdaq-100 Index,NAS100
2025-07-02,22538.340000000004,22706.19,22431.990000000005,22702.490000000005,687851,Nasdaq-100 Index,NAS100
2025-07-03,22702.490000000005,22950.78,22676.150000000005,22908.28,431594,Nasdaq-100 Index,NAS100
2025-07-04,22908.28,22909.6,22729.1,22753.85,251832,Nasdaq-100 Index,NAS100
2025-07-07,22753.85,22881.35,22636.720000000005,22694.400000000005,922685,Nasdaq-100 Index,NAS100
2025-07-08,22694.400000000005,22831.960000000003,22669.830000000005,22763.01,751184,Nasdaq-100 Index,NAS100
2025-07-09,22763.01,22973.370000000003,22706.250000000004,22905.67000000001,680222,Nasdaq-100 Index,NAS100
2025-07-10,22905.67000000001,22954.000000000004,22765.370000000003,22874.050000000003,618517,Nasdaq-100 Index,NAS100
2025-07-11,22874.050000000003,22915.19,22697.570000000003,22802.740000000005,804386,Nasdaq-100 Index,NAS100
2025-07-14,22802.740000000005,22941.710000000003,22679.090000000004,22911.26,647322,Nasdaq-100 Index,NAS100
2025-07-15,22911.26,23099.610000000004,22873.730000000003,22894.410000000003,888702,Nasdaq-100 Index,NAS100
2025-07-16,22894.410000000003,22979.090000000004,22715.01,22942.140000000003,973160,Nasdaq-100 Index,NAS100
2025-07-17,22942.140000000003,23160.740000000005,22898.990000000005,23146.910000000003,575547,Nasdaq-100 Index,NAS100
2025-07-18,23146.910000000003,23204.290000000005,23056.160000000003,23105.210000000003,565211,Nasdaq-100 Index,NAS100
2025-07-21,23105.210000000003,23316.230000000003,23096.230000000003,23238.53,444766,Nasdaq-100 Index,NAS100
2025-07-22,23238.53,23260.860000000004,23001.660000000003,23092.160000000003,722271,Nasdaq-100 Index,NAS100
2025-07-23,23092.160000000003,23313.76,23044.060000000005,23308.19,720246,Nasdaq-100 Index,NAS100
2025-07-24,23308.19,23322.85,23197.970000000005,23294.270000000004,599700,Nasdaq-100 Index,NAS100
2025-07-25,23294.270000000004,23377.830000000005,23232.580000000005,23344.000000000004,468194,Nasdaq-100 Index,NAS100
2025-07-28,23344.000000000004,23495.17000000001,23344.000000000004,23418.340000000004,524086,Nasdaq-100 Index,NAS100
2025-07-29,23418.340000000004,23564.17000000001,23334.050000000003,23363.720000000005,622030,Nasdaq-100 Index,NAS100
2025-07-30,23363.720000000005,23602.930000000004,23272.1,23575.980000000003,850667,Nasdaq-100 Index,NAS100
2025-07-31,23575.980000000003,23760.730000000003,23206.400000000005,23245.03,1217129,Nasdaq-100 Index,NAS100
2025-08-01,23245.03,23266.330000000005,22703.130000000005,22796.880000000005,1738968,Nasdaq-100 Index,NAS100
2025-08-04,22796.880000000005,23282.85,22752.6,23281.400000000005,803953,Nasdaq-100 Index,NAS100
2025-08-05,23281.400000000005,23334.730000000003,23015.35,23021.900000000005,1036714,Nasdaq-100 Index,NAS100
2025-08-06,23021.900000000005,23378.320000000003,22979.820000000003,23346.370000000003,924388,Nasdaq-100 Index,NAS100
2025-08-07,23346.370000000003,23606.070000000003,23265.200000000004,23456.750000000004,1208892,Nasdaq-100 Index,NAS100
2025-08-08,23456.750000000004,23701.220000000005,23439.85,23687.520000000004,623140,Nasdaq-100 Index,NAS100
2025-08-11,23687.520000000004,23745.42000000001,23528.92000000001,23570.6,626534,Nasdaq-100 Index,NAS100
2025-08-12,23570.6,23896.300000000003,23540.300000000003,23893.230000000003,846062,Nasdaq-100 Index,NAS100
2025-08-13,23893.230000000003,24013.840000000004,23831.720000000005,23872.890000000003,669053,Nasdaq-100 Index,NAS100
2025-08-14,23872.890000000003,23953.19,23741.19,23839.120000000003,836704,Nasdaq-100 Index,NAS100
2025-08-15,23839.120000000003,23911.140000000003,23683.020000000004,23741.890000000003,759944,Nasdaq-100 Index,NAS100
2025-08-18,23741.890000000003,23838.26,23675.76,23745.380000000005,602381,Nasdaq-100 Index,NAS100
2025-08-19,23745.380000000005,23797.53,23385.53,23432.450000000004,848158,Nasdaq-100 Index,NAS100
2025-08-20,23432.450000000004,23448.980000000003,22998.480000000003,23282.03,1265388,Nasdaq-100 Index,NAS100
2025-08-21,23282.03,23331.860000000004,23081.980000000003,23184.410000000003,1068826,Nasdaq-100 Index,NAS100
2025-08-22,23184.410000000003,23613.290000000005,23040.960000000003,23543.090000000004,1179875,Nasdaq-100 Index,NAS100
2025-08-25,23543.090000000004,23586.910000000003,23414.080000000005,23473.080000000005,685715,Nasdaq-100 Index,NAS100
2025-08-26,23473.080000000005,23584.69,23345.19,23581.120000000003,801223,Nasdaq-100 Index,NAS100
2025-08-27,23581.120000000003,23659.230000000003,23410.730000000003,23518.110000000004,623788,Nasdaq-100 Index,NAS100
2025-08-28,23518.110000000004,23781.480000000003,23466.980000000003,23740.660000000003,817862,Nasdaq-100 Index,NAS100
2025-08-29,23740.660000000003,23741.930000000004,23378.35,23432.730000000003,926127,Nasdaq-100 Index,NAS100
2025-09-01,23432.730000000003,23540.540000000005,23359.42000000001,23488.590000000004,209431,Nasdaq-100 Index,NAS100
2025-09-02,23488.590000000004,23499.19,23015.820000000003,23369.990000000005,1232234,Nasdaq-100 Index,NAS100
2025-09-03,23369.990000000005,23518.810000000005,23293.310000000005,23448.860000000004,972158,Nasdaq-100 Index,NAS100
2025-09-04,23448.860000000004,23702.060000000005,23404.19,23677.360000000004,748371,Nasdaq-100 Index,NAS100
2025-09-05,23677.360000000004,23895.150000000005,23498.53,23663.200000000004,1374730,Nasdaq-100 Index,NAS100
2025-09-08,23663.200000000004,23886.19,23648.820000000003,23796.120000000003,723528,Nasdaq-100 Index,NAS100
2025-09-09,23796.120000000003,23916.500000000004,23727.120000000003,23890.17000000001,802989,Nasdaq-100 Index,NAS100
2025-09-10,23890.17000000001,24036.310000000005,23788.640000000003,23861.19,838550,Nasdaq-100 Index,NAS100
2025-09-11,23861.19,24051.76,23859.060000000005,24012.560000000005,797630,Nasdaq-100 Index,NAS100
2025-09-12,24012.560000000005,24167.480000000003,23977.6,24121.900000000005,619562,Nasdaq-100 Index,NAS100
2025-09-15,24121.900000000005,24329.92000000001,24090.92000000001,24311.1,653122,Nasdaq-100 Index,NAS100
2025-09-16,24311.1,24421.17000000001,24275.790000000005,24308.970000000005,709803,Nasdaq-100 Index,NAS100
2025-09-17,24308.970000000005,24332.740000000005,24024.240000000005,24278.660000000003,1320832,Nasdaq-100 Index,NAS100
2025-09-18,24278.660000000003,24592.51,24271.930000000004,24492.680000000004,936834,Nasdaq-100 Index,NAS100
2025-09-19,24492.680000000004,24668.070000000003,24435.44,24648.620000000003,747714,Nasdaq-100 Index,NAS100
2025-09-22,24648.620000000003,24822.44,24544.070000000003,24791.240000000005,642996,Nasdaq-100 Index,NAS100
2025-09-23,24791.240000000005,24831.570000000003,24586.19,24639.870000000003,804039,Nasdaq-100 Index,NAS100
2025-09-24,24639.870000000003,24731.070000000003,24445.740000000005,24565.990000000005,750669,Nasdaq-100 Index,NAS100
2025-09-25,24565.990000000005,24618.69,24249.070000000003,24461.490000000005,1127256,Nasdaq-100 Index,NAS100
2025-09-26,24461.490000000005,24583.480000000003,24356.360000000004,24572.78,1160193,Nasdaq-100 Index,NAS100
2025-09-29,24572.78,24818.220000000005,24566.020000000004,24654.650000000005,760511,Nasdaq-100 Index,NAS100
2025-09-30,24654.650000000005,24759.410000000003,24568.160000000003,24683.330000000005,994003,Nasdaq-100 Index,NAS100
2025-10-01,24683.330000000005,24881.390000000003,24480.51,24855.44,901171,Nasdaq-100 Index,NAS100
2025-10-02,24855.44,25028.580000000005,24842.580000000005,24953.76,843805,Nasdaq-100 Index,NAS100
2025-10-03,24953.76,25044.000000000004,24770.880000000005,24833.300000000003,897500,Nasdaq-100 Index,NAS100
2025-10-06,24833.300000000003,25109.42000000001,24833.300000000003,25040.720000000005,826916,Nasdaq-100 Index,NAS100
2025-10-07,25040.720000000005,25132.94,24843.69,24912.990000000005,936447,Nasdaq-100 Index,NAS100
2025-10-08,24912.990000000005,25227.020000000004,24888.900000000005,25216.070000000003,664953,Nasdaq-100 Index,NAS100
2025-10-09,25216.070000000003,25255.640000000003,25023.140000000003,25149.810000000005,882341,Nasdaq-100 Index,NAS100
2025-10-10,25149.810000000005,25253.500000000004,24250.000000000004,24285.17000000001,2402702,Nasdaq-100 Index,NAS100
2025-10-13,24285.17000000001,24845.630000000005,24285.17000000001,24785.810000000005,1512687,Nasdaq-100 Index,NAS100
2025-10-14,24785.810000000005,24924.17000000001,24301.590000000004,24635.590000000004,2071528,Nasdaq-100 Index,NAS100
2025-10-15,24635.590000000004,24998.360000000004,24547.240000000005,24824.410000000003,1683789,Nasdaq-100 Index,NAS100
2025-10-16,24824.410000000003,25064.200000000004,24528.200000000004,24678.250000000004,2346295,Nasdaq-100 Index,NAS100
2025-10-17,24678.250000000004,24943.19,24299.44,24918.490000000005,2438910,Nasdaq-100 Index,NAS100
2025-10-20,24918.490000000005,25249.930000000004,24852.480000000003,25222.230000000003,939892,Nasdaq-100 Index,NAS100
2025-10-21,25222.230000000003,25264.94,25100.310000000005,25161.990000000005,986248,Nasdaq-100 Index,NAS100
2025-10-22,25161.990000000005,25237.660000000003,24704.160000000003,24939.090000000004,1746164,Nasdaq-100 Index,NAS100
2025-10-23,24939.090000000004,25199.090000000004,24840.590000000004,25181.640000000003,1156590,Nasdaq-100 Index,NAS100
2025-10-24,25181.640000000003,25473.870000000003,25181.640000000003,25418.540000000005,857254,Nasdaq-100 Index,NAS100
2025-10-27,25418.540000000005,25926.1,25418.540000000005,25917.150000000005,713825,Nasdaq-100 Index,NAS100
2025-10-28,25917.150000000005,26144.78,25856.160000000003,26084.960000000003,798286,Nasdaq-100 Index,NAS100
2025-10-29,26084.960000000003,26291.800000000003,25963.800000000003,26137.930000000004,1430507,Nasdaq-100 Index,NAS100
2025-10-30,26137.930000000004,26314.660000000003,25768.660000000003,26064.460000000003,2080295,Nasdaq-100 Index,NAS100
2025-10-31,26064.460000000003,26191.470000000005,25807.6,25896.520000000004,1516990,Nasdaq-100 Index,NAS100
2025-11-03,25896.520000000004,26192.26,25896.520000000004,26035.680000000004,1287700,Nasdaq-100 Index,NAS100
2025-11-04,26035.680000000004,26035.680000000004,25450.890000000003,25504.320000000003,1763687,Nasdaq-100 Index,NAS100
2025-11-05,25504.320000000003,25811.160000000003,25216.160000000003,25662.090000000004,1667167,Nasdaq-100 Index,NAS100
2025-11-06,25662.090000000004,25758.26,25134.01,25246.680000000004,2177470,Nasdaq-100 Index,NAS100
2025-11-07,25246.680000000004,25295.470000000005,24650.470000000005,25150.900000000005,2382201,Nasdaq-100 Index,NAS100
2025-11-10,25150.900000000005,25706.360000000004,25150.900000000005,25666.290000000005,1373398,Nasdaq-100 Index,NAS100
2025-11-11,25666.290000000005,25715.270000000004,25424.640000000003,25605.070000000003,1396076,Nasdaq-100 Index,NAS100
2025-11-12,25605.070000000003,25778.870000000003,25438.120000000003,25574.300000000003,1603162,Nasdaq-100 Index,NAS100
2025-11-13,25574.300000000003,25672.78,24954.03,25038.700000000004,2655659,Nasdaq-100 Index,NAS100
2025-11-14,25038.700000000004,25246.300000000003,24579.050000000003,25089.6,2724613,Nasdaq-100 Index,NAS100
2025-11-17,25089.6,25321.840000000004,24693.340000000004,24866.390000000003,2466298,Nasdaq-100 Index,NAS100
2025-11-18,24866.390000000003,24923.1,24343.270000000004,24495.520000000004,3650550,Nasdaq-100 Index,NAS100
2025-11-19,24495.520000000004,24952.78,24410.330000000005,24924.710000000003,2976767,Nasdaq-100 Index,NAS100
2025-11-20,24924.710000000003,25274.580000000005,24038.580000000005,24039.380000000005,4209205,Nasdaq-100 Index,NAS100
2025-11-21,24039.380000000005,24563.92000000001,23871.92000000001,24322.1,4487676,Nasdaq-100 Index,NAS100
2025-11-24,24322.1,24968.060000000005,24322.1,24937.240000000005,2127575,Nasdaq-100 Index,NAS100
2025-11-25,24937.240000000005,25111.28,24578.160000000003,25039.830000000005,2179836,Nasdaq-100 Index,NAS100
2025-11-26,25039.830000000005,25352.320000000003,25038.570000000003,25290.620000000003,1409012,Nasdaq-100 Index,NAS100
2025-11-27,25290.620000000003,25318.210000000003,25265.090000000004,25280.700000000004,252039,Nasdaq-100 Index,NAS100
2025-11-28,25280.700000000004,25480.770000000004,25280.700000000004,25465.640000000003,291250,Nasdaq-100 Index,NAS100
2025-12-01,25465.640000000003,25529.330000000005,25182.78,25388.830000000005,1711957,Nasdaq-100 Index,NAS100
2025-12-02,25388.830000000005,25662.330000000005,25317.330000000005,25597.120000000003,1577323,Nasdaq-100 Index,NAS100
2025-12-03,25597.120000000003,25678.67000000001,25414.790000000005,25639.340000000004,1415651,Nasdaq-100 Index,NAS100
2025-12-04,25639.340000000004,25727.360000000004,25483.990000000005,25627.410000000003,1375004,Nasdaq-100 Index,NAS100
2025-12-05,25627.410000000003,25862.950000000004,25574.700000000004,25731.370000000003,1187130,Nasdaq-100 Index,NAS100
2025-12-08,25731.370000000003,25862.080000000005,25566.200000000004,25708.000000000004,1051816,Nasdaq-100 Index,NAS100
2025-12-09,25708.000000000004,25739.810000000005,25564.310000000005,25680.230000000003,973920,Nasdaq-100 Index,NAS100
2025-12-10,25680.230000000003,25876.550000000003,25535.300000000003,25806.85,1423994,Nasdaq-100 Index,NAS100
2025-12-11,25806.85,25869.630000000005,25391.450000000004,25842.830000000005,1581328,Nasdaq-100 Index,NAS100
2025-12-12,25842.830000000005,25842.830000000005,25127.980000000003,25216.78,1963658,Nasdaq-100 Index,NAS100
2025-12-15,25216.78,25425.960000000003,25050.01,25117.890000000003,2063672,Nasdaq-100 Index,NAS100
2025-12-16,25117.890000000003,25221.730000000003,24845.900000000005,25100.520000000004,2496506,Nasdaq-100 Index,NAS100
2025-12-17,25100.520000000004,25287.26,24676.460000000003,24749.210000000003,2230446,Nasdaq-100 Index,NAS100
2025-12-18,24749.210000000003,25201.490000000005,24699.210000000003,25006.410000000003,3808128,Nasdaq-100 Index,NAS100
2025-12-19,25006.410000000003,25396.570000000003,25005.42000000001,25383.740000000005,1393891,Nasdaq-100 Index,NAS100
2025-12-22,25383.740000000005,25598.1,25383.740000000005,25504.020000000004,842308,Nasdaq-100 Index,NAS100
2025-12-23,25504.020000000004,25636.540000000005,25422.540000000005,25625.870000000003,702123,Nasdaq-100 Index,NAS100
2025-12-24,25625.870000000003,25715.970000000005,25601.700000000004,25689.1,324234,Nasdaq-100 Index,NAS100
2025-12-26,25689.1,25769.1,25668.6,25693.020000000004,466622,Nasdaq-100 Index,NAS100
2025-12-29,25693.020000000004,25736.550000000003,25491.700000000004,25587.500000000004,851201,Nasdaq-100 Index,NAS100
2025-12-30,25587.500000000004,25642.320000000003,25516.950000000004,25524.120000000003,628919,Nasdaq-100 Index,NAS100
2025-12-31,25524.120000000003,25573.800000000003,25400.320000000003,25484.070000000003,553965,Nasdaq-100 Index,NAS100
2026-01-02,25484.070000000003,25658.590000000004,25120.470000000005,25254.140000000003,1455804,Nasdaq-100 Index,NAS100
2026-01-05,25254.140000000003,25572.620000000003,25254.140000000003,25442.540000000005,1241991,Nasdaq-100 Index,NAS100
2026-01-06,25442.540000000005,25713.650000000005,25402.500000000004,25706.950000000004,958295,Nasdaq-100 Index,NAS100
2026-01-07,25706.950000000004,25872.640000000003,25602.740000000005,25712.070000000003,956432,Nasdaq-100 Index,NAS100
2026-01-08,25712.070000000003,25727.310000000005,25447.830000000005,25590.130000000005,1354585,Nasdaq-100 Index,NAS100
2026-01-09,25590.130000000005,25867.340000000004,25497.470000000005,25807.320000000003,1272780,Nasdaq-100 Index,NAS100
2026-01-12,25807.320000000003,25907.320000000003,25520.17000000001,25828.870000000003,1083345,Nasdaq-100 Index,NAS100
2026-01-13,25828.870000000003,25935.090000000004,25692.740000000005,25787.540000000005,1387154,Nasdaq-100 Index,NAS100
2026-01-14,25787.540000000005,25815.960000000003,25311.730000000003,25502.03,1796688,Nasdaq-100 Index,NAS100
2026-01-15,25502.03,25847.930000000004,25457.660000000003,25602.230000000003,1491816,Nasdaq-100 Index,NAS100
2026-01-16,25602.230000000003,25788.650000000005,25488.770000000004,25580.450000000004,1139906,Nasdaq-100 Index,NAS100
2026-01-19,25580.450000000004,25580.450000000004,25142.26,25286.180000000004,753279,Nasdaq-100 Index,NAS100
2026-01-20,25286.180000000004,25345.950000000004,25003.570000000003,25051.020000000004,2275618,Nasdaq-100 Index,NAS100
2026-01-21,25051.020000000004,25566.53,24938.950000000004,25422.700000000004,2444711,Nasdaq-100 Index,NAS100
2026-01-22,25422.700000000004,25653.430000000004,25397.180000000004,25543.880000000005,1476154,Nasdaq-100 Index,NAS100
2026-01-23,25543.880000000005,25761.270000000004,25455.750000000004,25606.320000000003,1335915,Nasdaq-100 Index,NAS100
2026-01-26,25606.320000000003,25858.78,25310.080000000005,25784.080000000005,1247366,Nasdaq-100 Index,NAS100
2026-01-27,25784.080000000005,26042.560000000005,25763.880000000005,26034.76,928634,Nasdaq-100 Index,NAS100
2026-01-28,26034.76,26274.480000000003,25919.680000000004,26193.930000000004,1390722,Nasdaq-100 Index,NAS100
2026-01-29,26193.930000000004,26221.360000000004,25463.76,25909.810000000005,2409989,Nasdaq-100 Index,NAS100
2026-01-30,25909.810000000005,25947.020000000004,25497.67000000001,25561.85,3036862,Nasdaq-100 Index,NAS100
2026-02-02,25561.85,25886.85,25118.320000000003,25810.900000000005,2232767,Nasdaq-100 Index,NAS100
2026-02-03,25810.900000000005,25967.220000000005,25158.750000000004,25361.550000000003,2765286,Nasdaq-100 Index,NAS100
2026-02-04,25361.550000000003,25458.540000000005,24728.19,25061.490000000005,3446147,Nasdaq-100 Index,NAS100
2026-02-05,25061.490000000005,25118.000000000004,24355.750000000004,24373.700000000004,4193832,Nasdaq-100 Index,NAS100
2026-02-06,24373.700000000004,25175.1,24193.150000000005,25062.900000000005,2648002,Nasdaq-100 Index,NAS100
2026-02-09,25062.900000000005,25385.53,24912.410000000003,25317.710000000003,1992364,Nasdaq-100 Index,NAS100
2026-02-10,25317.710000000003,25404.460000000003,25155.960000000003,25215.01,1740957,Nasdaq-100 Index,NAS100
2026-02-11,25215.01,25425.950000000004,25019.070000000003,25238.620000000003,2473251,Nasdaq-100 Index,NAS100
2026-02-12,25238.620000000003,25382.110000000004,24683.880000000005,24784.810000000005,5513812,Nasdaq-100 Index,NAS100
2026-02-13,24784.810000000005,24959.270000000004,24542.520000000004,24746.320000000003,3686764,Nasdaq-100 Index,NAS100
2026-02-16,24746.320000000003,24892.650000000005,24642.430000000004,24701.6,577067,Nasdaq-100 Index,NAS100
2026-02-17,24701.6,24862.26,24422.01,24741.44,2922726,Nasdaq-100 Index,NAS100
2026-02-18,24741.44,25103.330000000005,24676.430000000004,24912.01,1704472,Nasdaq-100 Index,NAS100
2026-02-19,24912.01,25026.44,24722.220000000005,24808.770000000004,4228250,Nasdaq-100 Index,NAS100
2026-02-20,24808.770000000004,25115.020000000004,24654.020000000004,25049.570000000003,2773690,Nasdaq-100 Index,NAS100
2026-02-23,25049.570000000003,25049.570000000003,24650.620000000003,24768.92000000001,2315692,Nasdaq-100 Index,NAS100
2026-02-24,24768.92000000001,25064.130000000005,24680.130000000005,25002.300000000003,2001398,Nasdaq-100 Index,NAS100
2026-02-25,25002.300000000003,25481.240000000005,24979.740000000005,25448.44,1375759,Nasdaq-100 Index,NAS100
2026-02-26,25448.44,25448.44,24850.960000000003,25017.710000000003,4284732,Nasdaq-100 Index,NAS100
2026-02-27,25017.710000000003,25088.320000000003,24772.6,24952.400000000005,2749245,Nasdaq-100 Index,NAS100
2026-03-02,24952.400000000005,25097.620000000003,24474.1,24993.540000000005,3062312,Nasdaq-100 Index,NAS100
2026-03-03,24993.540000000005,25007.85,24350.250000000004,24709.930000000004,4613396,Nasdaq-100 Index,NAS100
2026-03-04,24709.930000000004,25217.980000000003,24499.700000000004,25138.400000000005,3124224,Nasdaq-100 Index,NAS100
2026-03-05,25138.400000000005,25243.770000000004,24773.840000000004,25010.340000000004,4000132,Nasdaq-100 Index,NAS100
2026-03-06,25010.340000000004,25139.640000000003,24599.590000000004,24660.590000000004,3867174,Nasdaq-100 Index,NAS100
2026-03-09,24660.590000000004,25060.180000000004,24005.160000000003,24963.730000000003,3895164,Nasdaq-100 Index,NAS100
2026-03-10,24963.730000000003,25224.550000000003,24837.6,25016.480000000003,3484201,Nasdaq-100 Index,NAS100
2026-03-11,25016.480000000003,25188.360000000004,24882.480000000003,24955.910000000003,2588951,Nasdaq-100 Index,NAS100
2026-03-12,24955.910000000003,24958.050000000003,24528.17000000001,24579.250000000004,5900238,Nasdaq-100 Index,NAS100
2026-03-13,24579.250000000004,24815.880000000005,24361.880000000005,24375.560000000005,2995091,Nasdaq-100 Index,NAS100
2026-03-16,24375.560000000005,24833.540000000005,24296.210000000003,24674.330000000005,2702969,Nasdaq-100 Index,NAS100
2026-03-17,24674.330000000005,24915.92000000001,24537.340000000004,24824.590000000004,1613695,Nasdaq-100 Index,NAS100
2026-03-18,24824.590000000004,25011.990000000005,24371.310000000005,24412.560000000005,2209490,Nasdaq-100 Index,NAS100
2026-03-19,24412.560000000005,24530.900000000005,24138.650000000005,24407.400000000005,3768682,Nasdaq-100 Index,NAS100
2026-03-20,24407.400000000005,24472.040000000005,23783.69,23984.610000000004,2824232,Nasdaq-100 Index,NAS100
2026-03-23,23984.610000000004,24580.660000000003,23591.160000000003,24219.610000000004,4138593,Nasdaq-100 Index,NAS100
2026-03-24,24219.610000000004,24375.910000000003,23963.69,24231.990000000005,3699146,Nasdaq-100 Index,NAS100
2026-03-25,24231.990000000005,24377.6,24124.800000000003,24206.430000000004,2624820,Nasdaq-100 Index,NAS100
2026-03-26,24206.430000000004,24268.6,23611.35,23667.300000000003,5174662,Nasdaq-100 Index,NAS100
2026-03-27,23667.300000000003,23832.930000000004,23089.930000000004,23116.76,2821205,Nasdaq-100 Index,NAS100
2026-03-30,23116.76,23437.880000000005,22892.330000000005,22973.51,2784356,Nasdaq-100 Index,NAS100
2026-03-31,22973.51,23854.970000000005,22841.820000000003,23785.520000000004,3619270,Nasdaq-100 Index,NAS100
2026-04-01,23785.520000000004,24222.910000000003,23755.330000000005,24062.460000000003,2473369,Nasdaq-100 Index,NAS100
2026-04-02,24062.460000000003,24135.090000000004,23539.310000000005,24091.890000000003,6084502,Nasdaq-100 Index,NAS100
2026-04-03,24091.890000000003,24129.650000000005,23980.85,24005.1,313010,Nasdaq-100 Index,NAS100
2026-04-06,24005.1,24334.380000000005,23863.480000000003,24231.430000000004,1886191,Nasdaq-100 Index,NAS100
2026-04-07,24231.430000000004,24345.610000000004,23836.26,24292.930000000004,2416414,Nasdaq-100 Index,NAS100
2026-04-08,24292.930000000004,25142.570000000003,24245.140000000003,24924.140000000003,2130914,Nasdaq-100 Index,NAS100
2026-04-09,24924.140000000003,25153.1,24835.950000000004,25127.400000000005,3537446,Nasdaq-100 Index,NAS100
2026-04-10,25127.400000000005,25277.880000000005,25077.730000000003,25204.180000000004,1583395,Nasdaq-100 Index,NAS100
2026-04-13,25204.180000000004,25478.900000000005,24796.970000000005,25477.35,1731456,Nasdaq-100 Index,NAS100
2026-04-14,25477.35,25895.290000000005,25451.890000000003,25882.840000000004,1265173,Nasdaq-100 Index,NAS100
2026-04-15,25882.840000000004,26269.650000000005,25825.820000000003,26251.700000000004,1503573,Nasdaq-100 Index,NAS100
2026-04-16,26251.700000000004,26455.42000000001,26168.790000000005,26356.340000000004,3244034,Nasdaq-100 Index,NAS100
2026-04-17,26356.340000000004,26777.380000000005,26335.180000000004,26726.430000000004,1940897,Nasdaq-100 Index,NAS100
2026-04-20,26726.430000000004,26726.800000000003,26436.35,26675.35,1900897,Nasdaq-100 Index,NAS100
2026-04-21,26675.35,26805.150000000005,26455.930000000004,26626.85,1969801,Nasdaq-100 Index,NAS100
2026-04-22,26626.85,27043.03,26626.85,27013.980000000003,1495436,Nasdaq-100 Index,NAS100
2026-04-23,27013.980000000003,27063.070000000003,26588.620000000003,26850.370000000003,4507116,Nasdaq-100 Index,NAS100
2026-04-24,26850.370000000003,27373.44,26850.370000000003,27344.740000000005,2022333,Nasdaq-100 Index,NAS100
2026-04-27,27344.740000000005,27457.200000000004,27214.35,27334.400000000005,1778671,Nasdaq-100 Index,NAS100
2026-04-28,27334.400000000005,27429.94,26928.210000000003,27109.640000000003,2340717,Nasdaq-100 Index,NAS100
2026-04-29,27109.640000000003,27335.990000000005,27017.060000000005,27071.94,1946155,Nasdaq-100 Index,NAS100
2026-04-30,27071.94,27547.26,27071.94,27522.210000000003,5317728,Nasdaq-100 Index,NAS100
2026-05-01,27522.210000000003,27841.910000000003,27461.01,27713.080000000005,1970425,Nasdaq-100 Index,NAS100
2026-05-04,27713.080000000005,27897.860000000004,27545.310000000005,27674.94,2357415,Nasdaq-100 Index,NAS100
2026-05-05,27674.94,28179.610000000004,27665.360000000004,28140.180000000004,1492829,Nasdaq-100 Index,NAS100
2026-05-06,28140.180000000004,28734.1,28140.180000000004,28647.050000000003,2153512,Nasdaq-100 Index,NAS100
2026-05-07,28647.050000000003,28880.42,28487.47,28578.22,2418151,Nasdaq-100 Index,NAS100
2026-05-08,28578.22,29318.97,28477.54,29276.54,1873463,Nasdaq-100 Index,NAS100
2026-05-11,29276.54,29420.32,29166.49,29339.24,2067911,Nasdaq-100 Index,NAS100
2026-05-12,29339.24,29398.76,28685.29,29077.09,2623357,Nasdaq-100 Index,NAS100
2026-05-13,29077.09,29511.43,29002.15,29482.48,2117696,Nasdaq-100 Index,NAS100
2026-05-14,29482.48,29729.87,29395.97,29636.8,2228792,Nasdaq-100 Index,NAS100
2026-05-15,29636.8,29678.51,29035.29,29118.84,3622908,Nasdaq-100 Index,NAS100
2026-05-18,29118.84,29375.75,28771.15,29031.82,3992994,Nasdaq-100 Index,NAS100
2026-05-19,29031.82,29147.68,28622.96,28858.76,3602334,Nasdaq-100 Index,NAS100
2026-05-20,28858.76,29359.300000000003,28758.620000000003,29240.620000000003,3098606,Nasdaq-100 Index,NAS100
2026-05-21,29240.620000000003,29514.480000000003,29074.03,29415.660000000003,2872121,Nasdaq-100 Index,NAS100
2026-05-22,29415.660000000003,29712.430000000004,29400.35,29494.480000000003,2299926,Nasdaq-100 Index,NAS100
2026-05-25,29494.480000000003,29967.430000000004,29494.480000000003,29935.430000000004,649964,Nasdaq-100 Index,NAS100
2026-05-26,29935.430000000004,30095.200000000004,29720.17000000001,30019.370000000003,2072833,Nasdaq-100 Index,NAS100
2026-05-27,30019.370000000003,30356.820000000003,29855.720000000005,30102.520000000004,2505546,Nasdaq-100 Index,NAS100
2026-05-28,30102.520000000004,30323.390000000003,29744.060000000005,30293.560000000005,4468236,Nasdaq-100 Index,NAS100
2026-05-29,30293.560000000005,30517.540000000005,30197.890000000003,30363.970000000005,2394763,Nasdaq-100 Index,NAS100
2026-06-01,30363.970000000005,30682.730000000003,30281.960000000003,30513.410000000003,2331273,Nasdaq-100 Index,NAS100
2026-06-02,30513.410000000003,30755.390000000003,30310.140000000003,30734.970000000005,2058315,Nasdaq-100 Index,NAS100
2026-06-03,30734.970000000005,30802.820000000003,30473.42000000001,30490.370000000003,2508949,Nasdaq-100 Index,NAS100
2026-06-04,30490.370000000003,30595.840000000004,30144.01000000001,30392.76000000001,6040018,Nasdaq-100 Index,NAS100
2026-06-05,30392.76000000001,30413.180000000004,28780.930000000004,28810.51000000001,4721623,Nasdaq-100 Index,NAS100
2026-06-08,28810.51000000001,29744.390000000003,28810.51000000001,29437.570000000003,4081879,Nasdaq-100 Index,NAS100
2026-06-09,29437.570000000003,29850.69,28231.240000000005,29143.120000000003,5007310,Nasdaq-100 Index,NAS100
2026-06-10,29143.120000000003,29256.78,28415.700000000004,28477.320000000003,4443712,Nasdaq-100 Index,NAS100
2026-06-11,28477.320000000003,29552.220000000005,28275.770000000004,29444.640000000003,8414040,Nasdaq-100 Index,NAS100
2026-06-12,29444.640000000003,29771.26000000001,29242.560000000005,29691.69,3464580,Nasdaq-100 Index,NAS100
2026-06-15,29691.69,30629.710000000003,29691.69,30546.880000000005,2412288,Nasdaq-100 Index,NAS100
2026-06-16,30546.880000000005,30685.590000000004,29975.090000000004,30009.590000000004,3188798,Nasdaq-100 Index,NAS100
2026-06-17,30009.590000000004,30291.650000000005,29635.1,29855.6,2376369,Nasdaq-100 Index,NAS100
2026-06-18,29855.6,30500.410000000003,29812.580000000005,30443.710000000003,5855672,Nasdaq-100 Index,NAS100
2026-06-19,30443.710000000003,30497.380000000005,30115.580000000005,30372.580000000005,1018288,Nasdaq-100 Index,NAS100
2026-06-22,30372.580000000005,30705.67000000001,30074.890000000003,30400.460000000003,3198572,Nasdaq-100 Index,NAS100
2026-06-23,30400.460000000003,30446.390000000003,29325.040000000005,29498.340000000004,3920221,Nasdaq-100 Index,NAS100
2026-06-24,29498.340000000004,29914.090000000004,29021.620000000003,29852.92000000001,4044161,Nasdaq-100 Index,NAS100
2026-06-25,29852.92000000001,30028.790000000005,29063.290000000005,29526.910000000003,7514968,Nasdaq-100 Index,NAS100
2026-06-26,29526.910000000003,29669.310000000005,28937.380000000005,29047.76000000001,3775747,Nasdaq-100 Index,NAS100
2026-06-29,29047.76000000001,29865.710000000003,29047.76000000001,29791.51000000001,3001704,Nasdaq-100 Index,NAS100
2026-06-30,29791.51000000001,30405.490000000005,29741.090000000004,30306.410000000003,2358369,Nasdaq-100 Index,NAS100
2026-07-01,30306.410000000003,30368.860000000004,29824.560000000005,29880.94,2802109,Nasdaq-100 Index,NAS100
2026-07-02,29880.94,30142.640000000003,29152.17000000001,29375.710000000003,8282218,Nasdaq-100 Index,NAS100
2026-07-03,29375.710000000003,29787.01000000001,29353.930000000004,29733.680000000004,787056,Nasdaq-100 Index,NAS100
2026-07-06,29733.680000000004,29932.03,29521.130000000005,29784.830000000005,2422240,Nasdaq-100 Index,NAS100
2026-07-07,29784.830000000005,29810.610000000004,29047.76000000001,29257.060000000005,3199705,Nasdaq-100 Index,NAS100
2026-07-08,29257.060000000005,29400.810000000005,28752.76000000001,29234.140000000003,3247842,Nasdaq-100 Index,NAS100
2026-07-09,29234.140000000003,29839.040000000005,29234.140000000003,29775.960000000003,4576728,Nasdaq-100 Index,NAS100
2026-07-10,29775.960000000003,29923.19,29522.740000000005,29904.990000000005,2309038,Nasdaq-100 Index,NAS100
2026-07-13,29904.990000000005,30631.53000000001,29904.990000000005,30019.60000000001,2787952,Nasdaq-100 Index,NAS100
2026-07-14,30019.60000000001,30516.500000000007,29899.000000000007,30389.320000000007,2871175,Nasdaq-100 Index,NAS100
2026-07-15,30389.320000000007,30661.110000000004,29996.01000000001,30307.430000000008,2543558,Nasdaq-100 Index,NAS100
2026-07-16,30307.430000000008,30399.480000000007,29682.500000000007,29781.42000000001,5308988,Nasdaq-100 Index,NAS100
2026-07-17,29781.42000000001,29829.110000000004,29018.140000000007,29376.560000000005,3629745,Nasdaq-100 Index,NAS100
2026-07-20,29376.560000000005,29813.19000000001,29330.92000000001,29397.490000000005,2937563,Nasdaq-100 Index,NAS100
2026-07-21,29397.490000000005,29986.200000000004,29323.750000000007,29912.750000000007,1930856,Nasdaq-100 Index,NAS100
2026-07-22,29912.750000000007,29964.130000000005,29577.430000000008,29787.930000000008,2080607,Nasdaq-100 Index,NAS100
2026-07-23,29787.930000000008,29906.19000000001,29057.460000000006,29364.880000000005,6474206,Nasdaq-100 Index,NAS100
2026-07-24,29364.880000000005,29364.880000000005,28842.01000000001,28934.44000000001,3455365,Nasdaq-100 Index,NAS100
2026-07-27,28934.44000000001,29401.580000000005,28578.360000000004,28849.150000000005,3252492,Nasdaq-100 Index,NAS100
2026-07-28,28849.150000000005,28868.310000000005,28245.210000000003,28601.76000000001,3469191,Nasdaq-100 Index,NAS100
2026-07-29,28601.76000000001,28822.220000000005,27848.470000000005,27905.60000000001,4489006,Nasdaq-100 Index,NAS100
2026-07-30,27905.60000000001,29057.840000000004,27857.390000000003,28988.590000000004,3796430,Nasdaq-100 Index,NAS100
2026-07-31,28988.590000000004,29263.140000000003,28960.460000000003,29172.51,561222,Nasdaq-100 Index,NAS100
